# Art sprint fetch/process plan (docs/art-sprint-spec.md). Tier F — private build only, never ships.
# Columns: asset_id	out	w	h	mode	focus	pick	rank	source	wiki_title	frame_pct	register
# mode: cover (crop to fill) | contain (fit + pad: flat card-bg for /cards/, transparent for icons) | raw (copy untouched)
#       | cover_autocrop (crop to the art's content FIRST, then fit -- for splash/Wish sources that
#         float the figure in a transparent void; focus carries `cover|contain[@margin]`, default cover@0.06)
# focus: center | top; optional @ZOOM suffix (e.g. center@1.5) punches the crop into the frame (VFX gifs)
# pick: auto (rank 1 goes straight to `out`) | shortlist (all ranks render to art/candidates/<asset_id>/ for the contact sheet)
# source: png | gif (frame_pct = % through the clip) | svg (rendered; falls back to same-name .png)
# register (docs/archive/art-taste-pass.md): sticker|item|vfx|tcg|splash|icon — the pick's art class; art_lint enforces
#   class rules on effective picks (no icon on cards, item=>contain, gif=>frame_pct, unique source+frame).
#
# ---------- CARDS: direct official matches (auto) ----------
kaboom	ImageGen/images/cards/klee/kaboom.png	500	380	cover	top	auto	1	png	Klee Character Card.png		tcg
jumpy_dumpty	ImageGen/images/cards/klee/jumpy_dumpty.png	500	380	contain	center	auto	1	png	Dodoco's Bomb-Tastic Adventure Tomato Pepper Jumpy Dumpty.png		item
sparks_n_splash	ImageGen/images/cards/klee/sparks_n_splash.png	500	380	cover	top	auto	1	png	Character Klee Full Wish.png		splash
hide_and_seek	ImageGen/images/cards/klee/hide_and_seek.png	500	380	cover	center	auto	1	png	Namecard Background Celebration Peekaboo!.png		splash
explosives_workshop	ImageGen/images/cards/klee/explosives_workshop.png	500	380	cover	center	auto	1	png	Namecard Background Klee Explosive.png		splash
# ---------- CARDS: shortlists (contact sheet; rank 1 = effective pick) ----------
duck_and_cover	ImageGen/images/cards/klee/duck_and_cover.png	500	380	cover	center	shortlist	1	png	Icon Emoji Paimon's Paintings 25 Klee 2.png		sticker
duck_and_cover	ImageGen/images/cards/klee/duck_and_cover.png	500	380	cover	top	shortlist	2	png	Klee Birthday 2020 2.png		splash
duck_and_cover	ImageGen/images/cards/klee/duck_and_cover.png	500	380	contain	center	shortlist	3	png	Item Imaginary Friend Dodoco.png		item
secret_stash	ImageGen/images/cards/klee/secret_stash.png	500	380	cover_autocrop	contain	shortlist	1	png	Item Kaboom Box.png		item
# YIELDED 2026-07-21: pop r1 was Item Kaboom Box; the red-pen gave the box to
# secret_stash ("stash" = box) and pop's claim was r1 seniority only. Left
# commented rather than deleted, and r2/r3 left at THEIR OWN ranks rather than
# renumbered -- promoting r2 to the vacancy would be a taste call nobody made.
# pop therefore has no effective pick and renders no portrait until the rehunt
# lands; null-safe governs, and the gallery lists it under MISSING ART.
# pop	ImageGen/images/cards/klee/pop.png	500	380	contain	center	shortlist	1	png	Item Kaboom Box.png		item
pop	ImageGen/images/cards/klee/pop.png	500	380	cover	center	shortlist	2	gif	Jumpy Dumpty Preview.gif	30	vfx
pop	ImageGen/images/cards/klee/pop.png	500	380	contain	center	shortlist	3	png	Dodoco's Bomb-Tastic Adventure Mint Jelly Jumpy Dumpty.png		item
mine_toss	ImageGen/images/cards/klee/mine_toss.png	500	380	contain	center	shortlist	1	png	Dodoco's Bomb-Tastic Adventure Krash-Kaboom Mine.png		item
mine_toss	ImageGen/images/cards/klee/mine_toss.png	500	380	contain	center	shortlist	2	png	Dodoco's Bomb-Tastic Adventure Krash-Kaboom Mine AoE.png		item
fish_flavored_bait	ImageGen/images/cards/klee/fish_flavored_bait.png	500	380	contain	center	shortlist	1	png	Item Fish-Flavored Toast.png		item
fish_flavored_bait	ImageGen/images/cards/klee/fish_flavored_bait.png	500	380	contain	center	shortlist	2	png	Item Dodoco's Beach Nap.png		item
quick_fuse	ImageGen/images/cards/klee/quick_fuse.png	500	380	contain	center	shortlist	1	png	Item Special Jumpy Dumpty Dodoco.png		item
quick_fuse	ImageGen/images/cards/klee/quick_fuse.png	500	380	contain	center	shortlist	2	png	Item Kaboom King.png		item
ammo_scavenging	ImageGen/images/cards/klee/ammo_scavenging.png	500	380	contain	center	shortlist	1	png	Item Dodoco's Travel Bag.png		item
ammo_scavenging	ImageGen/images/cards/klee/ammo_scavenging.png	500	380	contain	center	shortlist	2	png	Item Dodoco's Collection Cupboard.png		item
ammo_scavenging	ImageGen/images/cards/klee/ammo_scavenging.png	500	380	contain	center	shortlist	3	png	Item Kaboom Box.png		item
bomb_voyage	ImageGen/images/cards/klee/bomb_voyage.png	500	380	contain	center	shortlist	1	png	Item Dodoco's Bomb-Tastic Adventure.png		item
bomb_voyage	ImageGen/images/cards/klee/bomb_voyage.png	500	380	contain	center	shortlist	2	png	Dodoco's Bomb-Tastic Adventure Tomato Pepper Jumpy Dumpty.png		item
bomb_voyage	ImageGen/images/cards/klee/bomb_voyage.png	500	380	contain	center	shortlist	3	png	Item Let's Go, Dodoco!.png		item
big_badda_boom	ImageGen/images/cards/klee/big_badda_boom.png	500	380	cover_autocrop	cover@0.06	shortlist	1	png	Klee Wish.png		splash
blast_radius	ImageGen/images/cards/klee/blast_radius.png	500	380	cover	top@1.15	auto	1	png	Starlit Sky Firework Card 2.png		splash
# blast_radius r2 (Plunging gif) retired with the r1 board-diagram pick: worknote 2026-07-20 item 4.1
sorry_jean	ImageGen/images/cards/klee/sorry_jean.png	500	380	cover	center	shortlist	1	png	Icon Emoji Paimon's Paintings 07 Klee 2.png		sticker
sorry_jean	ImageGen/images/cards/klee/sorry_jean.png	500	380	cover	center	shortlist	2	png	Icon Emoji Paimon's Paintings 25 Klee 1.png		sticker
sorry_jean	ImageGen/images/cards/klee/sorry_jean.png	500	380	cover	top	shortlist	3	png	Klee Birthday 2020.png		splash
remote_detonator	ImageGen/images/cards/klee/remote_detonator.png	500	380	contain	center	shortlist	1	png	Item Kaboom King.png		item
remote_detonator	ImageGen/images/cards/klee/remote_detonator.png	500	380	contain	center	shortlist	2	png	Item Dodoco's Marvelous Magic.png		item
sparkly_treasure	ImageGen/images/cards/klee/sparkly_treasure.png	500	380	contain	center	shortlist	1	png	Item Sparkly Shiny Dodoco!.png		item
sparkly_treasure	ImageGen/images/cards/klee/sparkly_treasure.png	500	380	cover	center	shortlist	2	png	Icon Emoji Paimon's Paintings 07 Klee 1.png		sticker
sparkly_treasure	ImageGen/images/cards/klee/sparkly_treasure.png	500	380	cover	top	shortlist	3	png	Klee Birthday 2024.png		splash
pocket_fireworks	ImageGen/images/cards/klee/pocket_fireworks.png	500	380	contain	center	shortlist	1	png	Item Fizzy Fireworks.png		item
pocket_fireworks	ImageGen/images/cards/klee/pocket_fireworks.png	500	380	contain	center	shortlist	2	png	Item Glimmering Firework.png		item
pocket_fireworks	ImageGen/images/cards/klee/pocket_fireworks.png	500	380	contain	center	shortlist	3	png	Item Leisurely Fireworks.png		item
crackle	ImageGen/images/cards/klee/crackle.png	500	380	contain	center	shortlist	1	png	Pounding Surprise Explosive Spark Effect.png		vfx
crackle	ImageGen/images/cards/klee/crackle.png	500	380	contain	center	shortlist	2	png	Item Supersized Firework.png		item
# Bomb-op batch (2026-07-20): chain_fuse, careful_arrangement, and
# chained_reactions entered the pool with NO art rows -- all three ship
# portrait-less (null-safe governs) and need hunts at the art pass.
# Hunt notes: chain_fuse = linked/sequenced charges; careful_arrangement =
# deliberate bomb placement/tidying (Dodoco arranging?); chained_reactions =
# cascade/chain-explosion VFX. quick_fuse and remote_detonator already
# carry shortlists.
# bright_idea unblocked by the R36 discard op (draw 3, discard 1). REHUNT
# (vibe-check ruling 2026-07-20): both candidates confirmed weak by eyes (r1
# generic cheer, r2 reads as crying/panic -- the opposite of the card). Hunt
# term: a REALIZATION gesture -- exclamation, lightbulb, raised-finger --
# across the emoji/sticker sets. r1 stays placeholder (ships portrait-less,
# null-safe governs) until the hunt lands at the art pass. NO rank 1 row on
# purpose: an effective pick here tripped L1 (r1 is eager_to_help's pick) and
# L3 (icon register on a card slot) -- the dead placeholder was masquerading
# as a real pick. The rehunt's winner takes rank 1.
bright_idea	ImageGen/images/cards/klee/bright_idea.png	500	380	contain	center	shortlist	2	png	Icon Emoji Paimon's Paintings 07 Klee 3.png		icon
bright_idea	ImageGen/images/cards/klee/bright_idea.png	500	380	contain	center	shortlist	3	png	Sparkling Steps 2021-06-09 - Klee Emoji 1.png		icon
spark_collection	ImageGen/images/cards/klee/spark_collection.png	500	380	contain	center	shortlist	1	png	Item Dodoco's Marvelous Magic.png		item
spark_collection	ImageGen/images/cards/klee/spark_collection.png	500	380	contain	center	shortlist	2	png	Item Dodoco's Duet.png		item
spark_collection	ImageGen/images/cards/klee/spark_collection.png	500	380	cover	center	shortlist	3	png	Icon Emoji Paimon's Paintings 25 Klee 2.png		sticker
skip_and_hop	ImageGen/images/cards/klee/skip_and_hop.png	500	380	cover	top	shortlist	1	png	Klee Birthday 2020 2.png		splash
skip_and_hop	ImageGen/images/cards/klee/skip_and_hop.png	500	380	cover	center	shortlist	2	png	Icon Emoji Paimon's Paintings 07 Klee 4.png		sticker
skip_and_hop	ImageGen/images/cards/klee/skip_and_hop.png	500	380	cover	center	shortlist	3	png	Sparkling Steps 2021-06-09 - Klee Emoji 1.png		sticker
rapid_fire	ImageGen/images/cards/klee/rapid_fire.png	500	380	cover	center	shortlist	1	png	Sparkling Steps 2021-06-09 - Klee Emoji 3.png		sticker
eager_to_help	ImageGen/images/cards/klee/eager_to_help.png	500	380	cover	center	shortlist	1	png	Icon Emoji Paimon's Paintings 07 Klee 3.png		sticker
eager_to_help	ImageGen/images/cards/klee/eager_to_help.png	500	380	cover	center	shortlist	2	png	Sparkling Steps 2021-06-09 - Klee Emoji 2.png		sticker
eager_to_help	ImageGen/images/cards/klee/eager_to_help.png	500	380	cover	top	shortlist	3	png	Klee Birthday 2023.png		splash
cant_catch_me	ImageGen/images/cards/klee/cant_catch_me.png	500	380	cover	top	shortlist	1	png	Klee Birthday 2021.png		splash
cant_catch_me	ImageGen/images/cards/klee/cant_catch_me.png	500	380	cover	center	shortlist	2	png	Icon Emoji Paimon's Paintings 46 Klee 1.png		sticker
cant_catch_me	ImageGen/images/cards/klee/cant_catch_me.png	500	380	cover	center	shortlist	3	png	Sparkling Steps 2021-06-09 - Klee Emoji 3.png		sticker
endless_fireworks	ImageGen/images/cards/klee/endless_fireworks.png	500	380	contain	center	shortlist	1	png	Item Slumbering Fireworks.png		item
endless_fireworks	ImageGen/images/cards/klee/endless_fireworks.png	500	380	contain	center	shortlist	2	png	Item Fireworks Dance Amidst a Snowy Sky.png		item
gleeful_barrage	ImageGen/images/cards/klee/gleeful_barrage.png	500	380	cover	center	shortlist	1	png	Klee Birthday 2024.png		splash
gleeful_barrage	ImageGen/images/cards/klee/gleeful_barrage.png	500	380	contain	center	shortlist	2	png	Item Jumbo Sparks 'n' Splash Statue.png		item
sizzle	ImageGen/images/cards/klee/sizzle.png	500	380	contain	center	shortlist	1	png	Item Dodoco's Dodo Stove.png		item
combustion_study	ImageGen/images/cards/klee/combustion_study.png	500	380	contain	center	shortlist	1	png	Item Klee Explosive.png		item
combustion_study	ImageGen/images/cards/klee/combustion_study.png	500	380	contain	center	shortlist	2	png	Item Naganohara Fireworks Note.png		item
combustion_study	ImageGen/images/cards/klee/combustion_study.png	500	380	cover	center	shortlist	3	png	Namecard Background Klee Explosive.png		splash
perfect_timing	ImageGen/images/cards/klee/perfect_timing.png	500	380	cover	center	shortlist	1	png	Icon Emoji Paimon's Paintings 25 Klee 3.png		sticker
perfect_timing	ImageGen/images/cards/klee/perfect_timing.png	500	380	cover	center	shortlist	2	png	Sparkling Steps 2021-06-09 - Klee Emoji 1.png		sticker
boom_goes_the_dynamite	ImageGen/images/cards/klee/boom_goes_the_dynamite.png	500	380	contain	center	shortlist	1	png	Item Supersized Firework.png		item
boom_goes_the_dynamite	ImageGen/images/cards/klee/boom_goes_the_dynamite.png	500	380	cover	center@1.4	shortlist	2	gif	Kaboom! Plunging Preview.gif	55	vfx
boom_goes_the_dynamite	ImageGen/images/cards/klee/boom_goes_the_dynamite.png	500	380	contain	center	shortlist	3	png	Dodoco's Bomb-Tastic Adventure Krash-Kaboom Mine AoE.png		item
flame_dance	ImageGen/images/cards/klee/flame_dance.png	500	380	contain	center	shortlist	1	png	Item Fireworks Dance Amidst a Snowy Sky.png		item
kaboom_beetle_swarm	ImageGen/images/cards/klee/kaboom_beetle_swarm.png	500	380	contain	center	shortlist	1	png	Dodoco's Bomb-Tastic Adventure Tomato Pepper Jumpy Dumpty AoE.png		item
elemental_ecstasy	ImageGen/images/cards/klee/elemental_ecstasy.png	500	380	cover_autocrop	cover@0.06	shortlist	1	png	Klee Birthday 2025.png		splash
# blazing_delight had NO rank-1 row -- only the rank-2 fallback below -- so
# art_process never wrote its out-path and art_coverage billed it missing.
# A stale art/candidates/blazing_delight/r1.png survived from an older plan
# and is what L12 was hashing, which is why the allowlisted
# 'blazing_delight == true_spark_knight' pair looked like shipped duplicate
# ART: it was a duplicate CANDIDATE for a card that had no pick at all.
#
# Every Klee illustration is claimed at rank 1 by another card (see
# docs/art-claimed-sources.tsv), and Klee cards carry no source_group, so
# strict L1 forbids reuse. Item Glimmering Firework is the only unclaimed
# card-usable Klee source left -- and it happens to read as a radial burst,
# which is what this card does (detonations splash every enemy).
# Constellation Blazing Delight.png is the literal thematic match and is
# deliberately NOT offered as a rank: it is the `icon` register, which L3
# bans from cards, and a rank the taste pass could pick would ship a 256px
# sigil past a lint that only inspects rank 1.
blazing_delight	ImageGen/images/cards/klee/blazing_delight.png	500	380	cover_autocrop	contain@0.08	shortlist	1	png	Item Glimmering Firework.png		item
blazing_delight	ImageGen/images/cards/klee/blazing_delight.png	500	380	cover	top	shortlist	2	png	Klee Multi Wish.png		splash
blazing_delight	ImageGen/images/cards/klee/blazing_delight.png	500	380	contain	center	shortlist	3	png	Item Glimmering Firework.png		item
spirited_away	ImageGen/images/cards/klee/spirited_away.png	500	380	contain	center	shortlist	1	png	Item Dodoco's Summertime.png		item
spirited_away	ImageGen/images/cards/klee/spirited_away.png	500	380	cover	center	shortlist	2	png	Icon Emoji Paimon's Paintings 46 Klee 1.png		sticker
spirited_away	ImageGen/images/cards/klee/spirited_away.png	500	380	cover	top	shortlist	3	png	Klee Birthday 2020 2.png		splash
# ---------- CARDS: C2 sheet additions (2026-07-20; taste-pass re-picks applied) ----------
double_pop	ImageGen/images/cards/klee/double_pop.png	500	380	contain	center	auto	1	png	Dodoco's Bomb-Tastic Adventure Mint Jelly Jumpy Dumpty.png		item
# Burst spike (2026-07-20): clockwork_toy unblocked by the burst_energy op.
clockwork_toy	ImageGen/images/cards/klee/clockwork_toy.png	500	380	contain	center	shortlist	1	png	Item Imaginary Friend Dodoco.png		item
alchemical_curiosity	ImageGen/images/cards/klee/alchemical_curiosity.png	500	380	contain	center	auto	1	png	Item Naganohara Fireworks Note.png		item
run_away	ImageGen/images/cards/klee/run_away.png	500	380	cover	center	auto	1	png	Icon Emoji Paimon's Paintings 46 Klee 1.png		sticker
jumpy_dumpty_mk2	ImageGen/images/cards/klee/jumpy_dumpty_mk2.png	500	380	cover	center	auto	1	png	JTP Encounter Jumpy Dumpty.png		splash
bombs_away	ImageGen/images/cards/klee/bombs_away.png	500	380	cover	center@1.3	auto	1	gif	Kaboom! Plunging Preview.gif	45	vfx
cluster_charge	ImageGen/images/cards/klee/cluster_charge.png	500	380	cover	top@1.15	auto	1	png	Starlit Sky Firework Card 10.png		splash
flame_on_the_wick	ImageGen/images/cards/klee/flame_on_the_wick.png	500	380	contain	center	auto	1	png	Item Leisurely Fireworks.png		item
no_holding_back	ImageGen/images/cards/klee/no_holding_back.png	500	380	cover	top	auto	1	png	Klee Multi Wish.png		splash
# ---------- CARDS: spark-set additions (taste-pass re-picks applied; da_da_da and
# hot_hands became shortlists — their sticker candidates need an eyeball) ----------
snap	ImageGen/images/cards/klee/snap.png	500	380	cover	center	auto	1	png	Icon Emoji Paimon's Paintings 25 Klee 1.png		sticker
da_da_da	ImageGen/images/cards/klee/da_da_da.png	500	380	cover	center	shortlist	1	png	Icon Emoji Paimon's Paintings 07 Klee 1.png		sticker
da_da_da	ImageGen/images/cards/klee/da_da_da.png	500	380	cover	center	shortlist	2	png	Sparkling Steps 2021-06-09 - Klee Emoji 3.png		sticker
hot_hands	ImageGen/images/cards/klee/hot_hands.png	500	380	cover	center@1.5	shortlist	1	png	Klee Birthday 2020.png		splash
hot_hands	ImageGen/images/cards/klee/hot_hands.png	500	380	cover	center	shortlist	2	png	Sparkling Steps 2021-06-09 - Klee Emoji 2.png		sticker
warm_glow	ImageGen/images/cards/klee/warm_glow.png	500	380	cover	center	auto	1	png	Klee Birthday 2023.png		splash
all_my_treasures	ImageGen/images/cards/klee/all_my_treasures.png	500	380	contain	center	auto	1	png	Item Dodoco's Collection Cupboard.png		item
# ---------- CARDS: power-card pass (2026-07-20) ----------
# Six power cards predate no portrait row (the sprint ran while they were
# blocked). Picks below are thematic reads on free sources; the 2026-07-20
# art vibe-check ruling PASSED playtime_forever, vermillion_pact, and
# true_spark_knight as-is, and REPLACED two:
#   spark_knight_style <- Klee Character Card (regular TCG card; pairs with
#     true_spark_knight's golden card: regular = the Style, golden = the
#     True). Glimmering Firework RETIRED (teal Fontaine flora, wrong
#     everything -- confirmed by eyes).
#   catalytic_conversion <- Dodoco's Marvelous Magic, promoted from its
#     power icon (which keeps it; same-referent register-crossing is legal).
#     The Jumbo statue is now EXCLUSIVELY the Burst meter badge.
# RED-PEN (both collisions missed by the ruling's premises, parked in
# art_lint PENDING_RED_PEN -- resolve at the red-pen session):
#   a. Klee Character Card is ALSO kaboom's auto card pick (not "only a
#      model source"): kaboom re-picks, or spark_knight_style re-hunts.
#   b. Marvelous Magic is ALSO spark_collection's effective r1 -- and
#      spark_collection's r2 (Dodoco's Duet) is vermillion_pact's passed
#      r1, so it cannot quietly fall through either.
# RULED 2026-07-27 ([USER] red-pen, Serenitea Sweep II D1). Resolves red-pen
# item (a) above: KABOOM KEEPS "Klee Character Card"; spark_knight_style goes
# to the REHUNT PILE and needs new art. Commented rather than deleted, same as
# pop above, so the record shows what the row held and why it lost it --
# kaboom's claim is an auto pick that predates the power-card pass, and the
# "regular TCG = the Style, golden = the True" pairing was the newer read.
#
# CONSEQUENCES until the rehunt lands, all intended, all checked 2026-07-27:
#   - spark_knight_style has no effective pick, so art_process no longer writes
#     its out-path. It does NOT go on the art bill: unlike pop, which never had
#     a shipped file, spark_knight_style's PNG is already on disk, so
#     art_coverage still counts it covered (263/267 either way -- the 4 missing
#     are Kokomi's, unrelated). The card keeps showing the old crop in game.
#     That is the interim state, not a bug: the debt is visible through L12
#     below rather than through the coverage bill.
#   - that shipped PNG stays byte-identical to kaboom.png, so art_lint L12
#     still sees the duplicate. Its
#     KNOWN_IDENTICAL entry therefore STAYS, cross-referenced to this block,
#     and comes out the day new art lands --
#     `test_every_allowlisted_identical_pair_is_still_identical` fails the
#     moment the two stop matching, which is what forces the deletion instead
#     of trusting someone to remember.
#   - the pair is REMOVED from art_lint PENDING_RED_PEN: the source collision
#     it recorded no longer exists, because only kaboom claims the card now.
# spark_knight_style	ImageGen/images/cards/klee/spark_knight_style.png	500	380	cover	top	shortlist	1	png	Klee Character Card.png		tcg
catalytic_conversion	ImageGen/images/cards/klee/catalytic_conversion.png	500	380	contain	center	shortlist	1	png	Item Dodoco's Marvelous Magic.png		item
explosive_frags	ImageGen/images/cards/klee/explosive_frags.png	500	380	contain	center	shortlist	1	png	Dodoco's Bomb-Tastic Adventure Krash-Kaboom Mine AoE.png		item
true_spark_knight	ImageGen/images/cards/klee/true_spark_knight.png	500	380	cover	top	shortlist	1	png	Klee Character Card Golden.png		tcg
vermillion_pact	ImageGen/images/cards/klee/vermillion_pact.png	500	380	contain	center	shortlist	1	png	Item Dodoco's Duet.png		item
playtime_forever	ImageGen/images/cards/klee/playtime_forever.png	500	380	contain	center	shortlist	1	png	Item Let's Go, Dodoco!.png		item
# ---------- COMPANIONS: TCG talent-card art where it exists (register 4) ----------
# Dahlia and Prune have no Genius Invokation equipment card; taste pass rules
# their official character-card/wish splashes in (register 5) over the dark,
# illegible talent-demo frames the first sprint used.
# dahlia_*: RESOLVED by the vibe-check ruling (2026-07-20) -- "hunt for an
# Equipment Card first; if none exists, take r1". The hunt already ran (no
# equipment card exists, recorded above), so r1 Character Card is ACCEPTED
# (legible; frame clash accepted) over r2 Wish (floats small at card scale).
# r2/r3 are dead unless a future red-pen revives them.
dahlia_sacramental_shower	ImageGen/images/cards/companions/dahlia_sacramental_shower.png	500	380	cover	top	shortlist	1	png	Dahlia Character Card.png		tcg
dahlia_sacramental_shower	ImageGen/images/cards/companions/dahlia_sacramental_shower.png	500	380	cover	top	shortlist	2	png	Dahlia Wish.png		splash
dahlia_sacramental_shower	ImageGen/images/cards/companions/dahlia_sacramental_shower.png	500	380	cover	top	shortlist	3	png	Character Dahlia Full Wish.png		splash
fischl_nightrider	ImageGen/images/cards/companions/fischl_nightrider.png	500	380	cover	center	auto	1	png	Stellar Predator Equipment Card.png		tcg
kaeya_frostgnaw	ImageGen/images/cards/companions/kaeya_frostgnaw.png	500	380	cover	center	auto	1	png	Cold-Blooded Strike Equipment Card.png		tcg
sucrose_gust	ImageGen/images/cards/companions/sucrose_gust.png	500	380	cover	center	auto	1	png	Chaotic Entropy Equipment Card.png		tcg
bennett_passion	ImageGen/images/cards/companions/bennett_passion.png	500	380	cover	center	auto	1	png	Grand Expectation Equipment Card.png		tcg
barbara_melody	ImageGen/images/cards/companions/barbara_melody.png	500	380	cover	center	auto	1	png	Glorious Season Equipment Card.png		tcg
prune_witch_hunt	ImageGen/images/cards/companions/prune_witch_hunt.png	500	380	cover	top	shortlist	1	png	Prune Wish.png		splash
prune_witch_hunt	ImageGen/images/cards/companions/prune_witch_hunt.png	500	380	cover	top	shortlist	2	png	Prune Card.png		tcg
prune_witch_hunt	ImageGen/images/cards/companions/prune_witch_hunt.png	500	380	cover	top	shortlist	3	png	Character Prune Full Wish.png		splash
# ---------- ICONS ----------
power_aura_pyro	ImageGen/images/powers/aura_pyro.png	256	256	contain	center	auto	1	svg	Element Pyro.svg		icon
power_aura_hydro	ImageGen/images/powers/aura_hydro.png	256	256	contain	center	auto	1	svg	Element Hydro.svg		icon
power_aura_cryo	ImageGen/images/powers/aura_cryo.png	256	256	contain	center	auto	1	svg	Element Cryo.svg		icon
power_aura_electro	ImageGen/images/powers/aura_electro.png	256	256	contain	center	auto	1	svg	Element Electro.svg		icon
power_aura_anemo	ImageGen/images/powers/aura_anemo.png	256	256	contain	center	auto	1	svg	Element Anemo.svg		icon
power_aura_geo	ImageGen/images/powers/aura_geo.png	256	256	contain	center	auto	1	svg	Element Geo.svg		icon
power_bomb	ImageGen/images/powers/bomb.png	256	256	contain	center	auto	1	png	Item Special Jumpy Dumpty Dodoco.png		icon
power_spark	ImageGen/images/powers/spark.png	256	256	contain	center	auto	1	png	Sparks 'n' Splash Buff Icon.png		icon
# Burst spike (2026-07-20): the meter badge. Jumbo statue = the Burst's own
# item render (register match: bomb/spark icons are item renders too); only
# other holder is gleeful_barrage at non-rendered shortlist rank 2.
power_burst	ImageGen/images/powers/burst.png	256	256	contain	center	auto	1	png	Item Jumbo Sparks 'n' Splash Statue.png		icon
# Power-card pass (2026-07-20): badge icons for the nine kit powers. Three
# come off the constellation redirect queue below (native icon-shaped sigils,
# exactly the slots the queue foresaw); the rest reuse each card's own item
# render so the badge visually recalls the card that applied it (L1 is
# cards-only, so card/icon sharing is legal -- power_burst/gleeful_barrage
# precedent). bomb_damage_up gets Kaboom Box (a workshop's box of charges)
# and spark_threshold_down gets Sparkly Shiny Dodoco! -- its tcg card
# portrait is no icon. reaction_bonus_spark_energy keeps Marvelous Magic
# (the conversion read) rather than its card's statue: the statue is
# already the burst badge, and two identical badges would defeat badge
# disambiguation. All flagged for red-pen with the cards.
power_bomb_damage_up	ImageGen/images/powers/bomb_damage_up.png	256	256	contain	center	auto	1	png	Item Kaboom Box.png		icon
power_detonation_splash	ImageGen/images/powers/detonation_splash.png	256	256	contain	center	auto	1	png	Constellation Blazing Delight.png		icon
power_detonation_vuln	ImageGen/images/powers/detonation_vuln.png	256	256	contain	center	auto	1	png	Constellation Explosive Frags.png		icon
power_bomb_and_spark_per_turn	ImageGen/images/powers/bomb_and_spark_per_turn.png	256	256	contain	center	auto	1	png	Item Let's Go, Dodoco!.png		icon
power_spark_per_turn	ImageGen/images/powers/spark_per_turn.png	256	256	contain	center	auto	1	png	Item Slumbering Fireworks.png		icon
power_zero_cost_attacks_up	ImageGen/images/powers/zero_cost_attacks_up.png	256	256	contain	center	auto	1	png	Constellation Nova Burst.png		icon
power_spark_threshold_down	ImageGen/images/powers/spark_threshold_down.png	256	256	contain	center	auto	1	png	Item Sparkly Shiny Dodoco!.png		icon
power_reaction_bonus_spark_energy	ImageGen/images/powers/reaction_bonus_spark_energy.png	256	256	contain	center	auto	1	png	Item Dodoco's Marvelous Magic.png		icon
power_amp_reaction_up	ImageGen/images/powers/amp_reaction_up.png	256	256	contain	center	auto	1	png	Item Dodoco's Duet.png		icon
# Kit sprint (2026-07-20): the Burst power's badge uses the ability's own
# in-game talent icon -- native icon-shaped art, the exact register, and
# unmistakably "the Burst is running" next to the burst meter badge.
power_sparks_n_splash	ImageGen/images/powers/sparks_n_splash.png	256	256	contain	center	auto	1	png	Talent Sparks 'n' Splash.png		icon
relic_pounding_surprise	ImageGen/images/relics/pounding_surprise.png	256	256	cover	top	auto	1	png	Pounding Surprise Equipment Card.png		icon
# Constellation-sigil redirect queue (taste pass: sigils are BANNED from card
# portraits but are native 128px icon-shaped art — they fill future C3 power
# and relic/upgrade icon slots as those land; keep the mapping here).
# 2026-07-20 power-card pass: Nova Burst, Blazing Delight and Explosive Frags
# came off the queue into the power icon rows above (Explosive Frags was
# queued as an upgrade icon; the power badge is the slot that actually
# exists, so it landed there).
#   chained_reactions relic  <- Constellation Chained Reactions.png
#   exquisite_compound relic <- Constellation Exquisite Compound.png
#   sparkly_explosion power  <- Constellation Sparkly Explosion.png
# ---------- UI ----------
select_portrait	ImageGen/images/ui/select_portrait.png	132	195	cover	top	auto	1	png	Character Klee Full Wish.png		splash
char_icon	ImageGen/images/ui/char_icon.png	88	88	cover	top	auto	1	png	Klee Icon.png		icon
energy_icon_large	ImageGen/images/ui/energy_icon_74.png	74	74	contain	center	auto	1	svg	Element Pyro.svg		icon
energy_icon_small	ImageGen/images/ui/energy_icon_22.png	22	22	contain	center	auto	1	svg	Element Pyro.svg		icon
map_marker	ImageGen/images/ui/map_marker.png	49	64	cover	top	auto	1	png	Klee Side Icon.png		icon
selection_splash	ImageGen/images/ui/selection_splash.png	1920	1200	cover	center	auto	1	png	Klee Wish.png		splash
select_bg	ImageGen/images/ui/select_bg.png	1920	1080	cover	center	auto	1	png	Namecard Background Klee Explosive.png		splash
# ---------- COMBAT MODEL SOURCE (raw; hand-cut into layers per manifest recipe) ----------
combat_model	ImageGen/images/model/combat_model.png	240	280	sprite	center	auto	1	png	Character Klee Full Wish.png		splash
model_source_full_wish	ImageGen/images/model/character_klee_full_wish.png	0	0	raw	center	auto	1	png	Character Klee Full Wish.png		splash
model_source_tcg_alt	ImageGen/images/model/klee_character_card.png	0	0	raw	center	auto	1	png	Klee Character Card.png		splash

# --- Art red-pen round 3 (2026-07-21) -- PARKED, NOT ACTIVE ------------
# Every source round 3 locked is ALREADY the effective pick of a shipped
# card; the hunt treated the source pool as unclaimed. L1 caught all six.
# These rows are correct in mode/fit/register and were verified to render;
# they are commented out ONLY because enabling them would double-book art.
# Uncomment a row once the red-pen rules which card keeps the source (and
# re-point or retire the loser). See docs/archive/klee-art-redpen-round3.md.
# RULED 2026-07-21 (user red-pen). One flip approved, five keeps confirmed.
# The five DECLINED rows stay dead below as the record of what was asked and
# refused -- do not re-propose these pairings; the challenger goes to rehunt.
# DECLINED: incumbent boom_goes_the_dynamite keeps Item Supersized Firework
# grand_finale	ImageGen/images/cards/klee/grand_finale.png	500	380	cover_autocrop	contain	shortlist	1	png	Item Supersized Firework.png		item
# DECLINED: incumbent crackle keeps Pounding Surprise Explosive Spark Effect
# tail_of_flame	ImageGen/images/cards/klee/tail_of_flame.png	500	380	cover_autocrop	cover@0.06	shortlist	1	png	Pounding Surprise Explosive Spark Effect.png		vfx
# DECLINED: incumbent warm_glow keeps Klee Birthday 2023 (an AUTO pick, the
# weakest claim in the table -- the red-pen upheld it anyway, on purpose)
# patched_dress	ImageGen/images/cards/klee/patched_dress.png	500	380	contain	center	shortlist	1	png	Klee Birthday 2023.png		splash
# DECLINED: incumbent cant_catch_me keeps Klee Birthday 2021
# sparkly_explosion	ImageGen/images/cards/klee/sparkly_explosion.png	500	380	cover_autocrop	cover@0.06	shortlist	1	png	Klee Birthday 2021.png		splash
# APPROVED -> the live row now sits with the cards, above. "stash" = box;
# pop's only claim was r1 seniority, so pop yielded and went to rehunt.
# DECLINED: incumbent fish_flavored_bait keeps Item Fish-Flavored Toast
# fish_blasting	ImageGen/images/cards/klee/fish_blasting.png	500	380	cover_autocrop	contain	shortlist	1	png	Item Fish-Flavored Toast.png		item
# ---------- FURINA batch 1 (identity: basics + generic + rares) ----------
# Sources enumerated from Category:Furina Images via tools/art_hunt.py, not guessed.
# source_group intentionally BLANK: Furina's own cards stay under strict L1.
soloists_solicitation	ImageGen/images/cards/furina/soloists_solicitation.png	500	380	cover_autocrop	cover@0.06	shortlist	1	png	Soloist's Prologue Computer Graphic.png		splash	
soloists_solicitation	ImageGen/images/cards/furina/soloists_solicitation.png	500	380	cover_autocrop	cover@0.06	shortlist	2	png	Character Furina Game (Ousia).png		tcg	
stage_presence	ImageGen/images/cards/furina/stage_presence.png	500	380	cover	y0.20	shortlist	1	png	Furina Portrait.png		splash	
stage_presence	ImageGen/images/cards/furina/stage_presence.png	500	380	cover_autocrop	cover@0.06	shortlist	2	png	Furina Card.png		splash	
regal_bearing	ImageGen/images/cards/furina/regal_bearing.png	500	380	cover	y0.20	shortlist	1	png	Furina Character Card.png		tcg	
regal_bearing	ImageGen/images/cards/furina/regal_bearing.png	500	380	cover_autocrop	cover@0.06	shortlist	2	png	Furina Expression 1.png		sticker	
regal_bearing	ImageGen/images/cards/furina/regal_bearing.png	500	380	cover_autocrop	cover@0.06	shortlist	3	png	Furina Introduction Banner.png		splash	
aria_of_recompense	ImageGen/images/cards/furina/aria_of_recompense.png	500	380	cover_autocrop	cover@0.06	shortlist	1	png	La vaguelette.png		splash	
aria_of_recompense	ImageGen/images/cards/furina/aria_of_recompense.png	500	380	cover_autocrop	cover@0.06	shortlist	2	png	Chanson of Many Waters.png		splash	
salon_debut	ImageGen/images/cards/furina/salon_debut.png	500	380	cover_autocrop	cover@0.06	shortlist	1	png	Salon Members Summon.png		tcg	
salon_debut	ImageGen/images/cards/furina/salon_debut.png	500	380	cover_autocrop	cover@0.06	shortlist	2	gif	Salon Solitaire Salon Members Preview.gif	50	vfx	
salon_debut	ImageGen/images/cards/furina/salon_debut.png	500	380	cover_autocrop	cover@0.06	shortlist	3	png	Opera Epiclese.png		splash	
graceful_retreat	ImageGen/images/cards/furina/graceful_retreat.png	500	380	cover_autocrop	cover@0.06	shortlist	1	png	Furina Expression 2.png		sticker	furina_pool
graceful_retreat	ImageGen/images/cards/furina/graceful_retreat.png	500	380	cover_autocrop	cover@0.06	shortlist	2	png	Savoring the Breeze Furina.png		splash	furina_pool
poised_riposte	ImageGen/images/cards/furina/poised_riposte.png	500	380	cover_autocrop	cover@0.06	shortlist	1	png	On-Hit Effect Furina.png		vfx	furina_pool
poised_riposte	ImageGen/images/cards/furina/poised_riposte.png	500	380	cover_autocrop	cover@0.06	shortlist	2	png	Character Furina Game (Pneuma).png		tcg	furina_pool
commanding_gaze	ImageGen/images/cards/furina/commanding_gaze.png	500	380	cover_autocrop	cover@0.06	shortlist	1	png	Furina Expression 3.png		sticker	furina_pool
commanding_gaze	ImageGen/images/cards/furina/commanding_gaze.png	500	380	cover_autocrop	cover@0.06	shortlist	2	png	Furina Expression 1.png		sticker	furina_pool
commanding_gaze	ImageGen/images/cards/furina/commanding_gaze.png	500	380	cover_autocrop	cover@0.06	shortlist	3	png	Furina Card 2.png		splash	furina_pool
witness_stand	ImageGen/images/cards/furina/witness_stand.png	500	380	cover_autocrop	cover@0.06	shortlist	1	png	Opera Epiclese Courtroom.png		splash	furina_pool
witness_stand	ImageGen/images/cards/furina/witness_stand.png	500	380	cover_autocrop	cover@0.06	shortlist	2	png	Opera Epiclese - Furina's Seat.png		splash	furina_pool
macaron_break	ImageGen/images/cards/furina/macaron_break.png	500	380	cover_autocrop	contain@0.08	shortlist	1	png	Item Rainbow Macarons.png		item	furina_pool
macaron_break	ImageGen/images/cards/furina/macaron_break.png	500	380	cover_autocrop	contain@0.08	shortlist	2	png	Rainbow Macarons Event Card.png		item	furina_pool
macaron_break	ImageGen/images/cards/furina/macaron_break.png	500	380	cover_autocrop	contain@0.08	shortlist	3	png	Item Furina Banquet.png		item	furina_pool
swelling_overture	ImageGen/images/cards/furina/swelling_overture.png	500	380	cover_autocrop	cover@0.06	shortlist	1	png	Chanson of Many Waters 2024-06-25 - Furina Shorts.png		splash	furina_pool
swelling_overture	ImageGen/images/cards/furina/swelling_overture.png	500	380	cover_autocrop	cover@0.06	shortlist	2	png	Furina Introduction Card.png		splash	furina_pool
fortissimo_guard	ImageGen/images/cards/furina/fortissimo_guard.png	500	380	cover	y0.16	shortlist	1	png	Furina Profile.png		splash	furina_pool
fortissimo_guard	ImageGen/images/cards/furina/fortissimo_guard.png	500	380	cover_autocrop	cover@0.06	shortlist	2	png	Furina Multi Wish.png		splash	furina_pool
fortissimo_guard	ImageGen/images/cards/furina/fortissimo_guard.png	500	380	cover_autocrop	cover@0.06	shortlist	3	png	Furina Wallpaper without Watermark.png		splash	furina_pool
courtroom_drama	ImageGen/images/cards/furina/courtroom_drama.png	500	380	cover	x0.40,y0.55	shortlist	1	png	Opera Epiclese Courtroom.png		splash	furina_pool
courtroom_drama	ImageGen/images/cards/furina/courtroom_drama.png	500	380	cover_autocrop	cover@0.06	shortlist	2	png	Opera Epiclese Courtroom.png		splash	furina_pool
quick_change	ImageGen/images/cards/furina/quick_change.png	500	380	cover_autocrop	cover@0.06	shortlist	1	png	Fragrant Fantasy Furina 1.png		splash	furina_pool
quick_change	ImageGen/images/cards/furina/quick_change.png	500	380	cover_autocrop	cover@0.06	shortlist	2	png	Fragrant Fantasy Furina 2.png		splash	furina_pool
quick_change	ImageGen/images/cards/furina/quick_change.png	500	380	cover_autocrop	cover@0.06	shortlist	3	png	Fragrant Fantasy Furina 3.png		splash	furina_pool
deep_breath	ImageGen/images/cards/furina/deep_breath.png	500	380	cover_autocrop	cover@0.06	shortlist	1	png	Furina Profile.png		splash	furina_pool
deep_breath	ImageGen/images/cards/furina/deep_breath.png	500	380	cover_autocrop	cover@0.06	shortlist	2	png	Tea Time Furina Preview.png		splash	furina_pool
deep_breath	ImageGen/images/cards/furina/deep_breath.png	500	380	cover_autocrop	cover@0.06	shortlist	3	png	New Year's Advice from Teyvat Furina.png		splash	furina_pool
let_the_people_rejoice	ImageGen/images/cards/furina/let_the_people_rejoice.png	500	380	cover	y0.29	shortlist	1	png	Furina Multi Wish.png		splash	
let_the_people_rejoice	ImageGen/images/cards/furina/let_the_people_rejoice.png	500	380	cover_autocrop	cover@0.06	shortlist	2	png	Character Furina Full Wish.png		splash	
let_the_people_rejoice	ImageGen/images/cards/furina/let_the_people_rejoice.png	500	380	cover_autocrop	cover@0.06	shortlist	3	gif	Salon Solitaire Pneuma Preview.gif	50	vfx	
encore_performance	ImageGen/images/cards/furina/encore_performance.png	500	380	cover_autocrop	cover@0.06	shortlist	1	png	Furina Wallpaper without Watermark.png		splash	
encore_performance	ImageGen/images/cards/furina/encore_performance.png	500	380	cover_autocrop	cover@0.06	shortlist	2	png	Furina Introduction Card 2.png		splash	
encore_performance	ImageGen/images/cards/furina/encore_performance.png	500	380	cover_autocrop	cover@0.06	shortlist	3	png	Coronated Prima Donna Pneuma Turnaround.png		splash	
singer_of_many_waters	ImageGen/images/cards/furina/singer_of_many_waters.png	500	380	cover_autocrop	cover@0.06	shortlist	1	png	Chanson of Many Waters.png		splash	
singer_of_many_waters	ImageGen/images/cards/furina/singer_of_many_waters.png	500	380	cover_autocrop	cover@0.06	shortlist	2	png	Character Furina Game (Pneuma).png		tcg	
unheard_confession	ImageGen/images/cards/furina/unheard_confession.png	500	380	cover_autocrop	cover@0.06	shortlist	1	png	Starlit Letter Portrait Furina.png		splash	
unheard_confession	ImageGen/images/cards/furina/unheard_confession.png	500	380	cover_autocrop	cover@0.06	shortlist	2	png	La vaguelette.png		splash	
endless_waltz	ImageGen/images/cards/furina/endless_waltz.png	500	380	cover_autocrop	cover@0.06	shortlist	1	gif	Salon Solitaire Salon Members Preview.gif	50	vfx	
endless_waltz	ImageGen/images/cards/furina/endless_waltz.png	500	380	cover_autocrop	cover@0.06	shortlist	2	gif	Salon Solitaire Water Walk Preview.gif	50	vfx	
# ---------- GRAND GALA: RELEASED Opera Epiclese (queue row 10.1, [USER] 2026-08-06,
# option (a)): standing_room_only's overturn (its ratified splash crop, cover/y0.30)
# lands on the source; grand_gala re-picks. r1 commented rather than deleted, same
# idiom as pop and spark_knight_style above, so the record shows what the row held
# and why it lost it. INTERIM STATE until the re-hunt lands, all intended:
#   - no effective pick, so art_process no longer writes the out-path. The shipped
#     PNG is already on disk (spark_knight_style precedent), so art_coverage still
#     counts it covered and the card keeps showing the old Opera Epiclese crop in
#     game; the debt is visible HERE, not on the coverage bill.
#   - r2 is NOT auto-promoted. Scratch-verified 2026-08-06: promoting it fires
#     L1 ('Item Furina Banquet.png' is overflowing_hospitality's effective r1, and
#     grand_gala is strict/blank-group, so the reuse is cross-family). Dead rank.
#   - r3-r5 are the RE-HUNT shortlist, joining the S4-G12 eyes-on so [USER] picks
#     once. Each title verified against THIS plan (the derived claimed-sources tsv
#     was stale -- it also listed casting_call's and held_breath's effective picks
#     as free, which is how 'Opera Epiclese - Furina's Seat.png' nearly landed here;
#     scratch-promote caught it): claimed by no effective pick, already in art/raw,
#     in no banned family, and scratch-verified 2026-08-06 to lint clean at rank 1.
#     Some also sit on other rows' shortlists (dead ranks share freely); picking one
#     twice re-fires L1 at pick time. This shortlist is THIN (the free Furina pool
#     is nearly exhausted); if all three are rejected, this row needs a genuine
#     fetch pass: add rows here, then `python tools/art_fetch.py` (NO arguments --
#     it always runs the full global fetch and rewrites SOURCES.tsv).
# grand_gala	ImageGen/images/cards/furina/grand_gala.png	500	380	cover_autocrop	cover@0.06	shortlist	1	png	Opera Epiclese.png		splash
grand_gala	ImageGen/images/cards/furina/grand_gala.png	500	380	cover_autocrop	contain@0.08	shortlist	2	png	Item Furina Banquet.png		item
grand_gala	ImageGen/images/cards/furina/grand_gala.png	500	380	cover_autocrop	cover@0.06	shortlist	3	png	Opera Epiclese - Neuvillette's Seat.png		splash
grand_gala	ImageGen/images/cards/furina/grand_gala.png	500	380	cover_autocrop	cover@0.06	shortlist	4	png	Savoring the Breeze Wallpaper Furina.png		splash
grand_gala	ImageGen/images/cards/furina/grand_gala.png	500	380	cover_autocrop	cover@0.06	shortlist	5	png	Starlit Letter Wallpaper Furina.png		splash
the_sea_is_my_stage	ImageGen/images/cards/furina/the_sea_is_my_stage.png	500	380	cover	y0.27	shortlist	1	png	Furina Card.png		splash	
the_sea_is_my_stage	ImageGen/images/cards/furina/the_sea_is_my_stage.png	500	380	cover_autocrop	cover@0.06	shortlist	2	png	Furina Wallpaper without Watermark.png		splash	
universal_revelry	ImageGen/images/cards/furina/universal_revelry.png	500	380	cover	x0.50,y0.42	shortlist	1	png	2024 7 5 amusement park art.png		splash	
universal_revelry	ImageGen/images/cards/furina/universal_revelry.png	500	380	cover_autocrop	cover@0.06	shortlist	2	png	Tabletop Troupe Pros Furina.png		splash	
universal_revelry	ImageGen/images/cards/furina/universal_revelry.png	500	380	cover_autocrop	cover@0.06	shortlist	3	png	Seville Fair 2024.png		splash	
star_of_the_show	ImageGen/images/cards/furina/star_of_the_show.png	500	380	cover_autocrop	cover@0.06	shortlist	1	png	Furina Wish.png		splash	
star_of_the_show	ImageGen/images/cards/furina/star_of_the_show.png	500	380	cover_autocrop	cover@0.06	shortlist	2	png	Starlight Reverie Wallpaper Furina.png		splash	
star_of_the_show	ImageGen/images/cards/furina/star_of_the_show.png	500	380	cover_autocrop	cover@0.06	shortlist	3	png	Furina Introduction Banner 2.png		splash	
prima_donna	ImageGen/images/cards/furina/prima_donna.png	500	380	cover	y0.20	shortlist	1	png	Furina Character Card Platinum.png		tcg	
prima_donna	ImageGen/images/cards/furina/prima_donna.png	500	380	cover_autocrop	cover@0.06	shortlist	2	png	Coronated Prima Donna Ousia Turnaround.png		splash	
prima_donna	ImageGen/images/cards/furina/prima_donna.png	500	380	cover_autocrop	cover@0.06	shortlist	3	png	Starlit Letter Portrait Furina.png		splash	
high_tide	ImageGen/images/cards/furina/high_tide.png	500	380	cover_autocrop	cover@0.06	shortlist	1	png	Fragrant Fantasy Furina 2.png		splash	
high_tide	ImageGen/images/cards/furina/high_tide.png	500	380	cover_autocrop	cover@0.06	shortlist	2	png	On-Hit Effect Furina.png		vfx	
rain_of_roses	ImageGen/images/cards/furina/rain_of_roses.png	500	380	cover	y0.33	shortlist	1	png	Furina Birthday 2024.png		splash	
rain_of_roses	ImageGen/images/cards/furina/rain_of_roses.png	500	380	cover_autocrop	cover@0.06	shortlist	2	png	Furina Birthday 2025.png		splash	
the_final_verdict	ImageGen/images/cards/furina/the_final_verdict.png	500	380	cover_autocrop	cover@0.06	shortlist	1	png	Opera Epiclese (The Final Feast).png		splash	
the_final_verdict	ImageGen/images/cards/furina/the_final_verdict.png	500	380	cover_autocrop	cover@0.06	shortlist	2	png	Opera Epiclese Courtroom.png		splash	
command_performance	ImageGen/images/cards/furina/command_performance.png	500	380	cover_autocrop	cover@0.06	shortlist	1	png	Character Furina Full Wish.png		splash	
command_performance	ImageGen/images/cards/furina/command_performance.png	500	380	cover_autocrop	cover@0.06	shortlist	2	png	Furina Special Program Chibi.png		splash	
reginas_mercy	ImageGen/images/cards/furina/reginas_mercy.png	500	380	cover	y0.36	shortlist	1	png	Furina Card 2.png		splash	
reginas_mercy	ImageGen/images/cards/furina/reginas_mercy.png	500	380	cover_autocrop	cover@0.06	shortlist	2	png	Starlit Letter Portrait Furina.png		splash	
# ---------- FURINA batch 2 (salon + fanfare) ----------
# Sources enumerated via tools/art_hunt.py; source_group left BLANK so
# Furina's own cards stay under strict L1 (requirements sec.2).
gentilhomme_usher	ImageGen/images/cards/furina/gentilhomme_usher.png	500	380	cover_autocrop	cover@0.06	shortlist	1	gif	Salon Solitaire Ousia Preview.gif	50	vfx	furina_pool
gentilhomme_usher	ImageGen/images/cards/furina/gentilhomme_usher.png	500	380	cover_autocrop	cover@0.06	shortlist	2	gif	Salon Solitaire Plunging Water Preview.gif	50	vfx	furina_pool
gentilhomme_usher	ImageGen/images/cards/furina/gentilhomme_usher.png	500	380	cover_autocrop	cover@0.06	shortlist	3	png	Namecard Background Furina Banquet.png		splash	furina_pool
surintendante_chevalmarin	ImageGen/images/cards/furina/surintendante_chevalmarin.png	500	380	cover_autocrop	contain@0.08	shortlist	1	png	Item Film Stand Surintendante Chevalmarin.png		item	furina_pool
surintendante_chevalmarin	ImageGen/images/cards/furina/surintendante_chevalmarin.png	500	380	cover_autocrop	cover@0.06	shortlist	2	gif	Salon Solitaire Ousia Preview.gif	50	vfx	furina_pool
surintendante_chevalmarin	ImageGen/images/cards/furina/surintendante_chevalmarin.png	500	380	cover_autocrop	cover@0.06	shortlist	3	png	Chevalmarin Film Fantasyland.png		splash	furina_pool
mademoiselle_crabaletta	ImageGen/images/cards/furina/mademoiselle_crabaletta.png	500	380	cover_autocrop	cover@0.06	shortlist	1	gif	Salon Solitaire Plunging Water Preview.gif	50	vfx	furina_pool
mademoiselle_crabaletta	ImageGen/images/cards/furina/mademoiselle_crabaletta.png	500	380	cover_autocrop	cover@0.06	shortlist	2	gif	Salon Solitaire Pneuma Preview.gif	50	vfx	furina_pool
dinner_service	ImageGen/images/cards/furina/dinner_service.png	500	380	cover_autocrop	cover@0.06	shortlist	1	png	Namecard Background Furina Banquet.png		splash	furina_pool
dinner_service	ImageGen/images/cards/furina/dinner_service.png	500	380	cover_autocrop	contain@0.08	shortlist	2	png	Item Furina Banquet.png		item	furina_pool
dinner_service	ImageGen/images/cards/furina/dinner_service.png	500	380	cover_autocrop	cover@0.06	shortlist	3	png	Astra Carnival Cat's Tail Gathering 2024 S4 Artwork.png		splash	furina_pool
usher_the_waves	ImageGen/images/cards/furina/usher_the_waves.png	500	380	cover_autocrop	cover@0.06	shortlist	1	png	Archon Quest When All Return to the Waters.png		splash	furina_pool
usher_the_waves	ImageGen/images/cards/furina/usher_the_waves.png	500	380	cover_autocrop	cover@0.06	shortlist	2	png	Calamitous Tread Graphic 2.png		splash	furina_pool
usher_the_waves	ImageGen/images/cards/furina/usher_the_waves.png	500	380	cover_autocrop	cover@0.06	shortlist	3	png	A Wish For Smooth Sailing Quest Still 1.png		splash	furina_pool
torrential_turn	ImageGen/images/cards/furina/torrential_turn.png	500	380	cover_autocrop	cover@0.06	shortlist	1	png	Calamitous Tread Graphic 3.png		splash	furina_pool
torrential_turn	ImageGen/images/cards/furina/torrential_turn.png	500	380	cover_autocrop	cover@0.06	shortlist	2	png	Calamitous Tread Graphic 2.png		splash	furina_pool
torrential_turn	ImageGen/images/cards/furina/torrential_turn.png	500	380	cover_autocrop	cover@0.06	shortlist	3	png	Apocalypse Still 1.png		splash	furina_pool
matinee_performance	ImageGen/images/cards/furina/matinee_performance.png	500	380	cover_autocrop	cover@0.06	shortlist	1	png	Furina Shorts 2023-11-21.png		splash	furina_pool
matinee_performance	ImageGen/images/cards/furina/matinee_performance.png	500	380	cover_autocrop	cover@0.06	shortlist	2	png	Chanson of Many Waters 2024-06-25 - Furina Shorts.png		splash	furina_pool
rising_tide	ImageGen/images/cards/furina/rising_tide.png	500	380	cover_autocrop	cover@0.06	shortlist	1	png	A Wish For Smooth Sailing Quest Still 2.png		splash	furina_pool
rising_tide	ImageGen/images/cards/furina/rising_tide.png	500	380	cover_autocrop	cover@0.06	shortlist	2	png	Calamitous Tread Graphic 4.png		splash	furina_pool
rising_tide	ImageGen/images/cards/furina/rising_tide.png	500	380	cover_autocrop	cover@0.06	shortlist	3	png	Apocalypse Still 1.png		splash	furina_pool
house_call	ImageGen/images/cards/furina/house_call.png	500	380	cover_autocrop	cover@0.06	shortlist	1	png	Tea Time Furina Preview.png		splash	furina_pool
house_call	ImageGen/images/cards/furina/house_call.png	500	380	cover_autocrop	cover@0.06	shortlist	2	png	Suddenly the Rain Stops 2 2.png		splash	furina_pool
house_call	ImageGen/images/cards/furina/house_call.png	500	380	cover_autocrop	cover@0.06	shortlist	3	png	Savoring the Breeze Wallpaper Furina.png		splash	furina_pool
curtain_up	ImageGen/images/cards/furina/curtain_up.png	500	380	cover_autocrop	cover@0.06	shortlist	1	png	Opera Epiclese - After The Forgotten Thief.png		splash	furina_pool
curtain_up	ImageGen/images/cards/furina/curtain_up.png	500	380	cover_autocrop	cover@0.06	shortlist	2	png	Ride the Waves to a Rendezvous in Fontaine Opera Epiclese Concept Art 1.png		splash	furina_pool
curtain_up	ImageGen/images/cards/furina/curtain_up.png	500	380	cover_autocrop	cover@0.06	shortlist	3	png	Opera Epiclese Support Card.png		tcg	furina_pool
dramatic_entrance	ImageGen/images/cards/furina/dramatic_entrance.png	500	380	cover_autocrop	cover@0.06	shortlist	1	png	Icon Emoji Paimon's Paintings 28 Furina 1.png		sticker	furina_pool
dramatic_entrance	ImageGen/images/cards/furina/dramatic_entrance.png	500	380	cover_autocrop	cover@0.06	shortlist	2	png	Version Luna I HoYoPlay Splashscreen 2.png		splash	furina_pool
crowd_work	ImageGen/images/cards/furina/crowd_work.png	500	380	cover_autocrop	cover@0.06	shortlist	1	png	Astra Carnival Cat's Tail Gathering 2024 S5 Artwork.png		splash	furina_pool
crowd_work	ImageGen/images/cards/furina/crowd_work.png	500	380	cover_autocrop	cover@0.06	shortlist	2	png	2024 7 5 amusement park art.png		splash	furina_pool
crowd_work	ImageGen/images/cards/furina/crowd_work.png	500	380	cover_autocrop	cover@0.06	shortlist	3	png	Universal Studios Beijing x Genshin Impact Collab.png		splash	furina_pool
crowd_work	ImageGen/images/cards/furina/crowd_work.png	500	380	cover_autocrop	cover@0.06	shortlist	4	png	Opera Epiclese - Furina's Seat.png		splash	furina_pool
suffering_for_art	ImageGen/images/cards/furina/suffering_for_art.png	500	380	cover_autocrop	cover@0.06	shortlist	1	png	Furina Expression 1.png		sticker	furina_pool
suffering_for_art	ImageGen/images/cards/furina/suffering_for_art.png	500	380	cover_autocrop	cover@0.06	shortlist	2	png	Fragmented Memories Archive 3.png		splash	furina_pool
suffering_for_art	ImageGen/images/cards/furina/suffering_for_art.png	500	380	cover_autocrop	cover@0.06	shortlist	3	png	Icon Emoji Paimon's Paintings 28 Furina 2.png		sticker	furina_pool
thunderous_ovation	ImageGen/images/cards/furina/thunderous_ovation.png	500	380	cover_autocrop	cover@0.06	shortlist	1	png	4th Anniversary Wallpaper 1.png		splash	furina_pool
thunderous_ovation	ImageGen/images/cards/furina/thunderous_ovation.png	500	380	cover_autocrop	cover@0.06	shortlist	2	png	Paimon's Paintings Set 28.png		splash	furina_pool
thunderous_ovation	ImageGen/images/cards/furina/thunderous_ovation.png	500	380	cover_autocrop	cover@0.06	shortlist	3	png	Universal Studios Beijing x Genshin Impact Collab.png		splash	furina_pool
tempo_change	ImageGen/images/cards/furina/tempo_change.png	500	380	cover_autocrop	cover@0.06	shortlist	1	png	Icon Emoji Paimon's Paintings 29 Furina 1.png		sticker	furina_pool
tempo_change	ImageGen/images/cards/furina/tempo_change.png	500	380	cover_autocrop	cover@0.06	shortlist	2	png	Furina Birthday 2024 - Shorts.png		splash	furina_pool
tempo_change	ImageGen/images/cards/furina/tempo_change.png	500	380	cover_autocrop	cover@0.06	shortlist	3	png	New Year's Advice from Teyvat Furina.png		splash	furina_pool
warmup_act	ImageGen/images/cards/furina/warmup_act.png	500	380	cover_autocrop	cover@0.06	shortlist	1	png	Icon Emoji Paimon's Paintings 28 Furina 2.png		sticker	furina_pool
warmup_act	ImageGen/images/cards/furina/warmup_act.png	500	380	cover_autocrop	contain@0.08	shortlist	2	png	Furina Vision.png		item	furina_pool
warmup_act	ImageGen/images/cards/furina/warmup_act.png	500	380	cover_autocrop	cover@0.06	shortlist	3	png	Tabletop Troupe Pros Furina.png		splash	furina_pool
warmup_act	ImageGen/images/cards/furina/warmup_act.png	500	380	cover_autocrop	cover@0.06	shortlist	4	png	Fragrant Fantasy Furina 3.png		splash	furina_pool
audience_participation	ImageGen/images/cards/furina/audience_participation.png	500	380	cover_autocrop	cover@0.06	shortlist	1	png	A Commemorative Photo Aether 1.png		splash	furina_pool
audience_participation	ImageGen/images/cards/furina/audience_participation.png	500	380	cover_autocrop	cover@0.06	shortlist	2	png	A Commemorative Photo Lumine 1.png		splash	furina_pool
audience_participation	ImageGen/images/cards/furina/audience_participation.png	500	380	cover_autocrop	cover@0.06	shortlist	3	png	Those We Have Kept Quest Still Aether.png		splash	furina_pool
audience_participation	ImageGen/images/cards/furina/audience_participation.png	500	380	cover_autocrop	cover@0.06	shortlist	4	png	Furina Introduction Banner.png		splash	furina_pool
audience_participation	ImageGen/images/cards/furina/audience_participation.png	500	380	cover_autocrop	cover@0.06	shortlist	5	png	Astra Carnival Cat's Tail Gathering 2024 S4 Artwork.png		splash	furina_pool
ebb_and_flow	ImageGen/images/cards/furina/ebb_and_flow.png	500	380	cover_autocrop	cover@0.06	shortlist	1	png	Calamitous Tread Graphic 5.png		splash	furina_pool
ebb_and_flow	ImageGen/images/cards/furina/ebb_and_flow.png	500	380	cover_autocrop	cover@0.06	shortlist	2	png	This Life, Just Like a Light Trickle of Song Still 1 Aether.png		splash	furina_pool
ebb_and_flow	ImageGen/images/cards/furina/ebb_and_flow.png	500	380	cover_autocrop	cover@0.06	shortlist	3	png	Fragmented Memories Puzzle 2.png		splash	furina_pool
curtain_cue	ImageGen/images/cards/furina/curtain_cue.png	500	380	cover_autocrop	cover@0.06	shortlist	1	png	Ride the Waves to a Rendezvous in Fontaine Opera Epiclese Concept Art 2.png		splash	furina_pool
curtain_cue	ImageGen/images/cards/furina/curtain_cue.png	500	380	cover_autocrop	cover@0.06	shortlist	2	png	Opera Epiclese - Neuvillette's Seat.png		splash	furina_pool
curtain_cue	ImageGen/images/cards/furina/curtain_cue.png	500	380	cover_autocrop	cover@0.06	shortlist	3	png	Opera Epiclese Support Card.png		tcg	furina_pool
full_ensemble	ImageGen/images/cards/furina/full_ensemble.png	500	380	cover_autocrop	cover@0.06	shortlist	1	gif	Salon Solitaire Pneuma Preview.gif	50	vfx	furina_pool
full_ensemble	ImageGen/images/cards/furina/full_ensemble.png	500	380	cover_autocrop	cover@0.06	shortlist	2	png	Opera Epiclese Support Card Platinum.png		tcg	furina_pool
grand_salon	ImageGen/images/cards/furina/grand_salon.png	500	380	cover_autocrop	cover@0.06	shortlist	1	png	Opera Epiclese Support Card Platinum.png		tcg	furina_pool
grand_salon	ImageGen/images/cards/furina/grand_salon.png	500	380	cover_autocrop	cover@0.06	shortlist	2	png	Ride the Waves to a Rendezvous in Fontaine Opera Epiclese Concept Art 1.png		splash	furina_pool
grand_salon	ImageGen/images/cards/furina/grand_salon.png	500	380	cover_autocrop	cover@0.06	shortlist	3	png	Fragmented Memories Archive 3.png		splash	furina_pool
many_waters_melody	ImageGen/images/cards/furina/many_waters_melody.png	500	380	cover_autocrop	cover@0.06	shortlist	1	png	Chanson of Many Waters 2023-11-08, Immaculate Pulse 2023-11-08 - Furina & Charlotte Shorts.png		splash	furina_pool
many_waters_melody	ImageGen/images/cards/furina/many_waters_melody.png	500	380	cover_autocrop	cover@0.06	shortlist	2	png	Chanson of Many Waters 2024-06-25 - Furina Shorts.png		splash	furina_pool
many_waters_melody	ImageGen/images/cards/furina/many_waters_melody.png	500	380	cover_autocrop	cover@0.06	shortlist	3	png	This Life, Just Like a Light Trickle of Song Still 2 Aether.png		splash	furina_pool
dress_rehearsal	ImageGen/images/cards/furina/dress_rehearsal.png	500	380	cover_autocrop	cover@0.06	shortlist	1	png	Fragrant Fantasy Furina Wallpaper.png		splash	furina_pool
dress_rehearsal	ImageGen/images/cards/furina/dress_rehearsal.png	500	380	cover_autocrop	cover@0.06	shortlist	2	png	Fragrant Fantasy Wallpaper.png		splash	furina_pool
dress_rehearsal	ImageGen/images/cards/furina/dress_rehearsal.png	500	380	cover_autocrop	cover@0.06	shortlist	3	png	Starlit Letter Wallpaper Furina.png		splash	furina_pool
crashing_waves	ImageGen/images/cards/furina/crashing_waves.png	500	380	cover_autocrop	cover@0.06	shortlist	1	png	Apocalypse Still 4 Aether.png		splash	furina_pool
crashing_waves	ImageGen/images/cards/furina/crashing_waves.png	500	380	cover_autocrop	cover@0.06	shortlist	2	png	Apocalypse Still 4 Lumine.png		splash	furina_pool
crashing_waves	ImageGen/images/cards/furina/crashing_waves.png	500	380	cover_autocrop	cover@0.06	shortlist	3	png	Calamitous Tread Graphic 4.png		splash	furina_pool
overflowing_hospitality	ImageGen/images/cards/furina/overflowing_hospitality.png	500	380	cover_autocrop	contain@0.08	shortlist	1	png	Item Furina Banquet.png		item	furina_pool
overflowing_hospitality	ImageGen/images/cards/furina/overflowing_hospitality.png	500	380	cover_autocrop	cover@0.06	shortlist	2	png	A Commemorative Photo Aether 2.png		splash	furina_pool
overflowing_hospitality	ImageGen/images/cards/furina/overflowing_hospitality.png	500	380	cover_autocrop	cover@0.06	shortlist	3	png	Astra Carnival Cat's Tail Gathering 2024 S4 Artwork.png		splash	furina_pool
waters_embrace	ImageGen/images/cards/furina/waters_embrace.png	500	380	cover	x0.60,y0.42@1.5	shortlist	1	png	Version 4.2 Wallpaper 2.png		splash	furina_pool
waters_embrace	ImageGen/images/cards/furina/waters_embrace.png	500	380	cover_autocrop	cover@0.06	shortlist	2	png	A Wish For Smooth Sailing Quest Still 1.png		splash	furina_pool
waters_embrace	ImageGen/images/cards/furina/waters_embrace.png	500	380	cover_autocrop	cover@0.06	shortlist	3	png	Version 4.2 Wallpaper 2.png		splash	furina_pool
crescendo	ImageGen/images/cards/furina/crescendo.png	500	380	cover_autocrop	cover@0.06	shortlist	1	png	Version Luna VIII HoYoPlay Splashscreen.png		splash	furina_pool
crescendo	ImageGen/images/cards/furina/crescendo.png	500	380	cover_autocrop	cover@0.06	shortlist	2	png	Calamitous Tread Graphic 5.png		splash	furina_pool
crescendo	ImageGen/images/cards/furina/crescendo.png	500	380	cover_autocrop	cover@0.06	shortlist	3	png	Version 4.1 Wallpaper 1.png		splash	furina_pool
showstopper	ImageGen/images/cards/furina/showstopper.png	500	380	cover_autocrop	cover@0.06	shortlist	1	png	VIPAD Furina.png		splash	furina_pool
showstopper	ImageGen/images/cards/furina/showstopper.png	500	380	cover_autocrop	cover@0.06	shortlist	2	png	VIP Ace Detective Wallpaper.png		splash	furina_pool
showstopper	ImageGen/images/cards/furina/showstopper.png	500	380	cover_autocrop	cover@0.06	shortlist	3	png	VIP Ace Detective 1.png		splash	furina_pool
florid_cadenza	ImageGen/images/cards/furina/florid_cadenza.png	500	380	cover_autocrop	cover@0.06	shortlist	1	png	KR Official Radio Artwork 3.png		splash	furina_pool
florid_cadenza	ImageGen/images/cards/furina/florid_cadenza.png	500	380	cover_autocrop	cover@0.06	shortlist	2	png	Genshin Impact Commemorative Shikishi Set. 4 - Furina.png		splash	furina_pool
florid_cadenza	ImageGen/images/cards/furina/florid_cadenza.png	500	380	cover_autocrop	cover@0.06	shortlist	3	png	Paimon's Paintings Set 26.png		splash	furina_pool
hearts_swelling	ImageGen/images/cards/furina/hearts_swelling.png	500	380	cover_autocrop	cover@0.06	shortlist	1	png	This Life, Just Like a Light Trickle of Song Still 1 Lumine.png		splash	furina_pool
hearts_swelling	ImageGen/images/cards/furina/hearts_swelling.png	500	380	cover_autocrop	cover@0.06	shortlist	2	png	Fragmented Memories Archive 3.png		splash	furina_pool
hearts_swelling	ImageGen/images/cards/furina/hearts_swelling.png	500	380	cover_autocrop	cover@0.06	shortlist	3	png	Furina Birthday 2024 - Shorts.png		splash	furina_pool
rapturous_applause	ImageGen/images/cards/furina/rapturous_applause.png	500	380	cover_autocrop	cover@0.06	shortlist	1	png	FCFH Applause and Cheer.png		splash	furina_pool
rapturous_applause	ImageGen/images/cards/furina/rapturous_applause.png	500	380	cover_autocrop	cover@0.06	shortlist	2	png	Astra Carnival Cat's Tail Gathering 2024 S5 Artwork.png		splash	furina_pool
rapturous_applause	ImageGen/images/cards/furina/rapturous_applause.png	500	380	cover_autocrop	cover@0.06	shortlist	3	png	4th Anniversary Wallpaper 3.jpg		splash	furina_pool
pit_orchestra	ImageGen/images/cards/furina/pit_orchestra.png	500	380	cover_autocrop	cover@0.06	shortlist	1	png	Opera Epiclese Support Card Golden.png		tcg	furina_pool
pit_orchestra	ImageGen/images/cards/furina/pit_orchestra.png	500	380	cover_autocrop	cover@0.06	shortlist	2	png	Opera Epiclese - Neuvillette's Seat.png		splash	furina_pool
flood_of_emotion	ImageGen/images/cards/furina/flood_of_emotion.png	500	380	cover_autocrop	cover@0.06	shortlist	1	png	Apocalypse Still 1.png		splash	furina_pool
flood_of_emotion	ImageGen/images/cards/furina/flood_of_emotion.png	500	380	cover_autocrop	cover@0.06	shortlist	2	png	Calamitous Tread Graphic 3.png		splash	furina_pool
flood_of_emotion	ImageGen/images/cards/furina/flood_of_emotion.png	500	380	cover_autocrop	cover@0.06	shortlist	3	png	Archon Quest When All Return to the Waters.png		splash	furina_pool
undercurrent	ImageGen/images/cards/furina/undercurrent.png	500	380	cover_autocrop	cover@0.06	shortlist	1	png	Furina Special Program Chibi.png		sticker	furina_pool
undercurrent	ImageGen/images/cards/furina/undercurrent.png	500	380	cover_autocrop	contain@0.08	shortlist	2	png	Furina Vision.png		item	furina_pool
undercurrent	ImageGen/images/cards/furina/undercurrent.png	500	380	cover_autocrop	cover@0.06	shortlist	3	png	On-Hit Effect Furina.png		vfx	furina_pool
# ---------- FURINA batch 3 (spotlight + token) ----------
# sec.10: distinct props/crops, no identical beams. Hybrid source rule.
an_invitation	ImageGen/images/cards/furina/an_invitation.png	500	380	cover_autocrop	contain@0.08	shortlist	1	png	Item Ball Invitation Letter.png		item	furina_pool
an_invitation	ImageGen/images/cards/furina/an_invitation.png	500	380	cover_autocrop	contain@0.08	shortlist	2	png	Item Event Invitation.png		item	furina_pool
an_invitation	ImageGen/images/cards/furina/an_invitation.png	500	380	cover_autocrop	contain@0.08	shortlist	3	png	Item Invitation to an Auction.png		item	furina_pool
blocking_notes	ImageGen/images/cards/furina/blocking_notes.png	500	380	cover_autocrop	contain@0.08	shortlist	1	png	Case Record Entrances and Exits to the Opera House.png		item	furina_pool
blocking_notes	ImageGen/images/cards/furina/blocking_notes.png	500	380	cover_autocrop	contain@0.08	shortlist	2	png	Item Opera House Switcheroo Case Record.png		item	furina_pool
blocking_notes	ImageGen/images/cards/furina/blocking_notes.png	500	380	cover_autocrop	contain@0.08	shortlist	3	png	Item Theater Tickets.png		item	furina_pool
limelight	ImageGen/images/cards/furina/limelight.png	500	380	cover_autocrop	contain@0.08	shortlist	1	png	Item Shining Spotlight.png		item	furina_pool
limelight	ImageGen/images/cards/furina/limelight.png	500	380	cover_autocrop	contain@0.08	shortlist	2	png	Item Movable Small Spotlight.png		item	furina_pool
limelight	ImageGen/images/cards/furina/limelight.png	500	380	cover_autocrop	contain@0.08	shortlist	3	png	Item Festival Spotlight.png		item	furina_pool
shared_billing	ImageGen/images/cards/furina/shared_billing.png	500	380	cover_autocrop	cover@0.06	shortlist	1	png	Opera Epiclese Support Card.png		tcg	furina_pool
shared_billing	ImageGen/images/cards/furina/shared_billing.png	500	380	cover	y0.30	shortlist	2	png	Opera Epiclese Support Card Golden.png		tcg	furina_pool
shared_billing	ImageGen/images/cards/furina/shared_billing.png	500	380	cover_autocrop	contain@0.08	shortlist	3	png	Item Theater Tickets.png		item	furina_pool
stage_lights	ImageGen/images/cards/furina/stage_lights.png	500	380	cover_autocrop	contain@0.08	shortlist	1	png	Item Movable Small Spotlight.png		item	furina_pool
stage_lights	ImageGen/images/cards/furina/stage_lights.png	500	380	cover_autocrop	contain@0.08	shortlist	2	png	Item Shining Spotlight.png		item	furina_pool
stage_lights	ImageGen/images/cards/furina/stage_lights.png	500	380	cover_autocrop	cover@0.06	shortlist	3	png	Firework - Festival Spotlight.png		vfx	furina_pool
directors_cut	ImageGen/images/cards/furina/directors_cut.png	500	380	cover_autocrop	contain@0.08	shortlist	1	png	Item Opera House Switcheroo Case Record.png		item	furina_pool
directors_cut	ImageGen/images/cards/furina/directors_cut.png	500	380	cover_autocrop	contain@0.08	shortlist	2	png	Case Record Entrances and Exits to the Opera House.png		item	furina_pool
directors_cut	ImageGen/images/cards/furina/directors_cut.png	500	380	cover	y0.30	shortlist	3	png	Opera Epiclese Support Card.png		tcg	furina_pool
duet	ImageGen/images/cards/furina/duet.png	500	380	cover	y0.30	shortlist	1	png	Chanson of Many Waters 2023-11-08, Immaculate Pulse 2023-11-08 - Furina & Charlotte Shorts.png		splash	furina_pool
duet	ImageGen/images/cards/furina/duet.png	500	380	cover	y0.30	shortlist	2	png	Opera Epiclese Support Card Golden.png		tcg	furina_pool
duet	ImageGen/images/cards/furina/duet.png	500	380	cover_autocrop	contain@0.08	shortlist	3	png	Item Theater Tickets.png		item	furina_pool
guest_list	ImageGen/images/cards/furina/guest_list.png	500	380	cover_autocrop	contain@0.08	shortlist	1	png	Item Event Invitation.png		item	furina_pool
guest_list	ImageGen/images/cards/furina/guest_list.png	500	380	cover_autocrop	contain@0.08	shortlist	2	png	Item Ball Invitation Letter.png		item	furina_pool
guest_list	ImageGen/images/cards/furina/guest_list.png	500	380	cover_autocrop	contain@0.08	shortlist	3	png	Item Invitation to an Auction.png		item	furina_pool
leading_role	ImageGen/images/cards/furina/leading_role.png	500	380	cover	y0.16	shortlist	1	png	Character Furina Game (Ousia).png		tcg	furina_pool
leading_role	ImageGen/images/cards/furina/leading_role.png	500	380	cover	y0.30	shortlist	2	png	Opera Epiclese Support Card.png		tcg	furina_pool
leading_role	ImageGen/images/cards/furina/leading_role.png	500	380	cover_autocrop	contain@0.08	shortlist	3	png	Item Festival Spotlight.png		item	furina_pool
standing_ovation	ImageGen/images/cards/furina/standing_ovation.png	500	380	cover	y0.30	shortlist	1	png	Astra Carnival Cat's Tail Gathering 2024 S5 Artwork.png		splash	furina_pool
standing_ovation	ImageGen/images/cards/furina/standing_ovation.png	500	380	cover_autocrop	contain@0.08	shortlist	2	png	Item Theater Tickets.png		item	furina_pool
standing_ovation	ImageGen/images/cards/furina/standing_ovation.png	500	380	cover_autocrop	contain@0.08	shortlist	3	png	Item Festival Spotlight.png		item	furina_pool
supporting_cast	ImageGen/images/cards/furina/supporting_cast.png	500	380	cover	center@1.8	shortlist	1	gif	Salon Solitaire Water Walk Preview.gif	50	vfx	furina_pool
supporting_cast	ImageGen/images/cards/furina/supporting_cast.png	500	380	cover_autocrop	contain@0.08	shortlist	2	png	Item Movable Small Spotlight.png		item	furina_pool
supporting_cast	ImageGen/images/cards/furina/supporting_cast.png	500	380	cover_autocrop	contain@0.08	shortlist	3	png	Item Theater Tickets.png		item	furina_pool
top_billing	ImageGen/images/cards/furina/top_billing.png	500	380	cover	y0.16	shortlist	1	png	Character Furina Game (Pneuma).png		tcg	furina_pool
top_billing	ImageGen/images/cards/furina/top_billing.png	500	380	cover_autocrop	contain@0.08	shortlist	2	png	Item Shining Spotlight.png		item	furina_pool
top_billing	ImageGen/images/cards/furina/top_billing.png	500	380	cover	y0.30	shortlist	3	png	Opera Epiclese Support Card Platinum.png		tcg	furina_pool
ethereal_spotlight	ImageGen/images/cards/furina/ethereal_spotlight.png	500	380	cover_autocrop	cover@0.06	shortlist	1	png	Firework - Festival Spotlight.png		vfx	
ethereal_spotlight	ImageGen/images/cards/furina/ethereal_spotlight.png	500	380	cover_autocrop	contain@0.08	shortlist	2	png	Item Shining Spotlight.png		item	
ethereal_spotlight	ImageGen/images/cards/furina/ethereal_spotlight.png	500	380	cover_autocrop	contain@0.08	shortlist	3	png	Item Festival Spotlight.png		item	
# ---------- COMPANIONS batch 4 (24 cards) ----------
# Mondstadt singles: distinct TCG/Wish per card. Fontaine trios:
# sibling rule -- one Character Card, source_group=<char>, 3 crops (L7).
charlotte_freezing_point	ImageGen/images/cards/companions/charlotte_freezing_point.png	500	380	cover	y0.16	shortlist	1	png	Charlotte Character Card.png		tcg	charlotte
charlotte_freezing_point	ImageGen/images/cards/companions/charlotte_freezing_point.png	500	380	cover	y0.16	shortlist	2	png	Charlotte Character Card Platinum.png		tcg	charlotte
charlotte_freezing_point	ImageGen/images/cards/companions/charlotte_freezing_point.png	500	380	cover	y0.16	shortlist	3	png	Charlotte Character Card Golden.png		tcg	charlotte
charlotte_enduring_frosthelm	ImageGen/images/cards/companions/charlotte_enduring_frosthelm.png	500	380	cover_autocrop	cover@0.06	shortlist	1	png	Charlotte Wish.png		splash	charlotte
charlotte_enduring_frosthelm	ImageGen/images/cards/companions/charlotte_enduring_frosthelm.png	500	380	cover	y0.16	shortlist	2	png	Charlotte Character Card Platinum.png		tcg	charlotte
charlotte_enduring_frosthelm	ImageGen/images/cards/companions/charlotte_enduring_frosthelm.png	500	380	cover	y0.16	shortlist	3	png	Charlotte Character Card Golden.png		tcg	charlotte
charlotte_snappy_silhouette	ImageGen/images/cards/companions/charlotte_snappy_silhouette.png	500	380	cover_autocrop	cover@0.06	shortlist	1	png	Character Charlotte Hurlock Variations Full Wish.png		splash	charlotte
charlotte_snappy_silhouette	ImageGen/images/cards/companions/charlotte_snappy_silhouette.png	500	380	cover	y0.16	shortlist	2	png	Charlotte Character Card Platinum.png		tcg	charlotte
charlotte_snappy_silhouette	ImageGen/images/cards/companions/charlotte_snappy_silhouette.png	500	380	cover	y0.16	shortlist	3	png	Charlotte Character Card Golden.png		tcg	charlotte
chevreuse_interdiction_fire	ImageGen/images/cards/companions/chevreuse_interdiction_fire.png	500	380	cover	y0.16	shortlist	1	png	Chevreuse Character Card.png		tcg	chevreuse
chevreuse_interdiction_fire	ImageGen/images/cards/companions/chevreuse_interdiction_fire.png	500	380	cover	y0.16	shortlist	2	png	Chevreuse Character Card Platinum.png		tcg	chevreuse
chevreuse_interdiction_fire	ImageGen/images/cards/companions/chevreuse_interdiction_fire.png	500	380	cover	y0.16	shortlist	3	png	Chevreuse Character Card Golden.png		tcg	chevreuse
chevreuse_vanguards_valor	ImageGen/images/cards/companions/chevreuse_vanguards_valor.png	500	380	cover_autocrop	cover@0.06	shortlist	1	png	Chevreuse Wish.png		splash	chevreuse
chevreuse_vanguards_valor	ImageGen/images/cards/companions/chevreuse_vanguards_valor.png	500	380	cover	y0.16	shortlist	2	png	Chevreuse Character Card Platinum.png		tcg	chevreuse
chevreuse_vanguards_valor	ImageGen/images/cards/companions/chevreuse_vanguards_valor.png	500	380	cover	y0.16	shortlist	3	png	Chevreuse Character Card Golden.png		tcg	chevreuse
chevreuse_bursting_grenades	ImageGen/images/cards/companions/chevreuse_bursting_grenades.png	500	380	cover_autocrop	cover@0.06	shortlist	1	png	Character Chevreuse Full Wish.png		splash	chevreuse
chevreuse_bursting_grenades	ImageGen/images/cards/companions/chevreuse_bursting_grenades.png	500	380	cover	y0.16	shortlist	2	png	Chevreuse Character Card Platinum.png		tcg	chevreuse
chevreuse_bursting_grenades	ImageGen/images/cards/companions/chevreuse_bursting_grenades.png	500	380	cover	y0.16	shortlist	3	png	Chevreuse Character Card Golden.png		tcg	chevreuse
freminet_pers_deploy	ImageGen/images/cards/companions/freminet_pers_deploy.png	500	380	cover	y0.16	shortlist	1	png	Freminet Character Card.png		tcg	freminet
freminet_pers_deploy	ImageGen/images/cards/companions/freminet_pers_deploy.png	500	380	cover	y0.16	shortlist	2	png	Freminet Character Card Platinum.png		tcg	freminet
freminet_pers_deploy	ImageGen/images/cards/companions/freminet_pers_deploy.png	500	380	cover	y0.16	shortlist	3	png	Freminet Character Card Golden.png		tcg	freminet
freminet_pressurized_floe	ImageGen/images/cards/companions/freminet_pressurized_floe.png	500	380	cover_autocrop	cover@0.06	shortlist	1	png	Freminet Wish.png		splash	freminet
freminet_pressurized_floe	ImageGen/images/cards/companions/freminet_pressurized_floe.png	500	380	cover	y0.16	shortlist	2	png	Freminet Character Card Platinum.png		tcg	freminet
freminet_pressurized_floe	ImageGen/images/cards/companions/freminet_pressurized_floe.png	500	380	cover	y0.16	shortlist	3	png	Freminet Character Card Golden.png		tcg	freminet
freminet_shattering_pressure	ImageGen/images/cards/companions/freminet_shattering_pressure.png	500	380	cover_autocrop	cover@0.06	shortlist	1	png	Character Freminet Full Wish.png		splash	freminet
freminet_shattering_pressure	ImageGen/images/cards/companions/freminet_shattering_pressure.png	500	380	cover	y0.16	shortlist	2	png	Freminet Character Card Platinum.png		tcg	freminet
freminet_shattering_pressure	ImageGen/images/cards/companions/freminet_shattering_pressure.png	500	380	cover	y0.16	shortlist	3	png	Freminet Character Card Golden.png		tcg	freminet
guest_neuvillette_tears	ImageGen/images/cards/companions/guest_neuvillette_tears.png	500	380	cover	y0.16	shortlist	1	png	Neuvillette Character Card.png		tcg	neuvillette
guest_neuvillette_tears	ImageGen/images/cards/companions/guest_neuvillette_tears.png	500	380	cover	y0.16	shortlist	2	png	Neuvillette Character Card Platinum.png		tcg	neuvillette
guest_neuvillette_tears	ImageGen/images/cards/companions/guest_neuvillette_tears.png	500	380	cover	y0.16	shortlist	3	png	Neuvillette Character Card Golden.png		tcg	neuvillette
guest_neuvillette_droplets	ImageGen/images/cards/companions/guest_neuvillette_droplets.png	500	380	cover_autocrop	cover@0.06	shortlist	1	png	Neuvillette Wish.png		splash	neuvillette
guest_neuvillette_droplets	ImageGen/images/cards/companions/guest_neuvillette_droplets.png	500	380	cover	y0.16	shortlist	2	png	Neuvillette Character Card Platinum.png		tcg	neuvillette
guest_neuvillette_droplets	ImageGen/images/cards/companions/guest_neuvillette_droplets.png	500	380	cover	y0.16	shortlist	3	png	Neuvillette Character Card Golden.png		tcg	neuvillette
guest_neuvillette_judgment	ImageGen/images/cards/companions/guest_neuvillette_judgment.png	500	380	cover_autocrop	cover@0.06	shortlist	1	png	Character Neuvillette Full Wish.png		splash	neuvillette
guest_neuvillette_judgment	ImageGen/images/cards/companions/guest_neuvillette_judgment.png	500	380	cover	y0.16	shortlist	2	png	Neuvillette Character Card Platinum.png		tcg	neuvillette
guest_neuvillette_judgment	ImageGen/images/cards/companions/guest_neuvillette_judgment.png	500	380	cover	y0.16	shortlist	3	png	Neuvillette Character Card Golden.png		tcg	neuvillette
lynette_enigmatic_feint	ImageGen/images/cards/companions/lynette_enigmatic_feint.png	500	380	cover	y0.16	shortlist	1	png	Lynette Character Card.png		tcg	lynette
lynette_enigmatic_feint	ImageGen/images/cards/companions/lynette_enigmatic_feint.png	500	380	cover	y0.16	shortlist	2	png	Lynette Character Card Platinum.png		tcg	lynette
lynette_enigmatic_feint	ImageGen/images/cards/companions/lynette_enigmatic_feint.png	500	380	cover	y0.16	shortlist	3	png	Lynette Character Card Golden.png		tcg	lynette
lynette_box_trick	ImageGen/images/cards/companions/lynette_box_trick.png	500	380	cover_autocrop	cover@0.06	shortlist	1	png	Lynette Wish.png		splash	lynette
lynette_box_trick	ImageGen/images/cards/companions/lynette_box_trick.png	500	380	cover	y0.16	shortlist	2	png	Lynette Character Card Platinum.png		tcg	lynette
lynette_box_trick	ImageGen/images/cards/companions/lynette_box_trick.png	500	380	cover	y0.16	shortlist	3	png	Lynette Character Card Golden.png		tcg	lynette
lynette_astonishing_shift	ImageGen/images/cards/companions/lynette_astonishing_shift.png	500	380	cover_autocrop	cover@0.06	shortlist	1	png	Character Lynette Full Wish.png		splash	lynette
lynette_astonishing_shift	ImageGen/images/cards/companions/lynette_astonishing_shift.png	500	380	cover	y0.16	shortlist	2	png	Lynette Character Card Platinum.png		tcg	lynette
lynette_astonishing_shift	ImageGen/images/cards/companions/lynette_astonishing_shift.png	500	380	cover	y0.16	shortlist	3	png	Lynette Character Card Golden.png		tcg	lynette
albedo_solar_isotoma	ImageGen/images/cards/companions/albedo_solar_isotoma.png	500	380	cover	y0.16	shortlist	1	png	Albedo Character Card.png		tcg	albedo
albedo_solar_isotoma	ImageGen/images/cards/companions/albedo_solar_isotoma.png	500	380	cover_autocrop	cover@0.06	shortlist	2	png	Albedo Introduction Card.png		tcg	albedo
albedo_solar_isotoma	ImageGen/images/cards/companions/albedo_solar_isotoma.png	500	380	cover_autocrop	cover@0.06	shortlist	3	png	Albedo Character Card Showcase 1.png		tcg	albedo
barbara_shining_idol	ImageGen/images/cards/companions/barbara_shining_idol.png	500	380	cover	y0.16	shortlist	1	png	Barbara Character Card.png		tcg	barbara
barbara_shining_idol	ImageGen/images/cards/companions/barbara_shining_idol.png	500	380	cover_autocrop	cover@0.06	shortlist	2	png	Barbara Card.png		tcg	barbara
barbara_shining_idol	ImageGen/images/cards/companions/barbara_shining_idol.png	500	380	cover_autocrop	cover@0.06	shortlist	3	png	Barbara Introduction Card.png		tcg	barbara
bennett_fantastic_voyage	ImageGen/images/cards/companions/bennett_fantastic_voyage.png	500	380	cover	y0.16	shortlist	1	png	Bennett Character Card.png		tcg	bennett
bennett_fantastic_voyage	ImageGen/images/cards/companions/bennett_fantastic_voyage.png	500	380	cover_autocrop	cover@0.06	shortlist	2	png	Bennett Card.png		tcg	bennett
bennett_fantastic_voyage	ImageGen/images/cards/companions/bennett_fantastic_voyage.png	500	380	cover_autocrop	cover@0.06	shortlist	3	png	Bennett Introduction Card.png		tcg	bennett
diona_icy_paws	ImageGen/images/cards/companions/diona_icy_paws.png	500	380	cover	y0.16	shortlist	1	png	Diona Character Card.png		tcg	diona
diona_icy_paws	ImageGen/images/cards/companions/diona_icy_paws.png	500	380	cover_autocrop	cover@0.06	shortlist	2	png	Diona Introduction Card.png		tcg	diona
diona_icy_paws	ImageGen/images/cards/companions/diona_icy_paws.png	500	380	cover_autocrop	cover@0.06	shortlist	3	png	Diona Card.png		tcg	diona
durin_witchs_flame	ImageGen/images/cards/companions/durin_witchs_flame.png	500	380	cover	y0.16	shortlist	1	png	Durin.png		splash	durin
durin_witchs_flame	ImageGen/images/cards/companions/durin_witchs_flame.png	500	380	cover_autocrop	cover@0.06	shortlist	2	png	Durin Character Details 1.png		splash	durin
durin_witchs_flame	ImageGen/images/cards/companions/durin_witchs_flame.png	500	380	cover_autocrop	cover@0.06	shortlist	3	png	Durin Item.png		splash	durin
fischl_oz	ImageGen/images/cards/companions/fischl_oz.png	500	380	cover	y0.16	shortlist	1	png	Fischl Character Card.png		tcg	fischl
fischl_oz	ImageGen/images/cards/companions/fischl_oz.png	500	380	cover_autocrop	cover@0.06	shortlist	2	png	Fischl Card.png		tcg	fischl
fischl_oz	ImageGen/images/cards/companions/fischl_oz.png	500	380	cover_autocrop	cover@0.06	shortlist	3	png	Fischl Introduction Card.png		tcg	fischl
nicole_celestial_gift	ImageGen/images/cards/companions/nicole_celestial_gift.png	500	380	cover	y0.16	shortlist	1	png	Character Nicole Game.png		splash	nicole
nicole_celestial_gift	ImageGen/images/cards/companions/nicole_celestial_gift.png	500	380	cover_autocrop	cover@0.06	shortlist	2	png	Nicole Introduction Card.png		splash	nicole
nicole_celestial_gift	ImageGen/images/cards/companions/nicole_celestial_gift.png	500	380	cover_autocrop	cover@0.06	shortlist	3	png	Nicole Icon.png		splash	nicole
sucrose_astable	ImageGen/images/cards/companions/sucrose_astable.png	500	380	cover	y0.16	shortlist	1	png	Sucrose Character Card.png		tcg	sucrose
sucrose_astable	ImageGen/images/cards/companions/sucrose_astable.png	500	380	cover_autocrop	cover@0.06	shortlist	2	png	Sucrose Card.png		tcg	sucrose
sucrose_astable	ImageGen/images/cards/companions/sucrose_astable.png	500	380	cover_autocrop	cover@0.06	shortlist	3	png	Sucrose Introduction Card.png		tcg	sucrose
dahlia_favonian_favor	ImageGen/images/cards/companions/dahlia_favonian_favor.png	500	380	cover	y0.16	shortlist	1	png	Dahlia Wish.png		splash	dahlia
dahlia_favonian_favor	ImageGen/images/cards/companions/dahlia_favonian_favor.png	500	380	cover_autocrop	cover@0.06	shortlist	2	png	Character Dahlia Full Wish.png		splash	dahlia
dahlia_favonian_favor	ImageGen/images/cards/companions/dahlia_favonian_favor.png	500	380	cover_autocrop	cover@0.06	shortlist	3	png	Dahlia Character Card.png		splash	dahlia
# ---------- FURINA non-card assets (sec.8): character UI + combat model ----------
# Mirrors Klee's proven ui/model rows with Furina sources so the build stops
# falling back to Klee art. select_bg + transition_wipe intentionally stay the
# shared/procedural fallback (sec.8 sanctions this); locked portrait auto-derives.
# RETIRED 2026-07-24 (animation sprint 2 B4). These five out-paths are now produced by
# tools/gen_furina_stills.py, which re-derives them from the Wikipedia cutout with framing
# computed from the ALPHA BBOX -- that centring fix IS the B4 verdict. Leaving the rows live
# meant two producers claimed one out-path: art_fetch rewrote their SOURCES.tsv provenance
# back to Furina Profile/Wish (a ledger that then LIED about where the shipped bytes came
# from), and the next art_process run would have overwritten the re-centred art with the old
# off-centre crops. Caught 2026-07-24 when a fetch clobbered the ledger; art_lint L11 now
# fails on any plan row whose out-path a generator owns.
# furina_select_portrait	ImageGen/images/furina/ui/select_portrait.png	132	195	cover	y0.20@1.9	auto	1	png	Furina Profile.png		splash
# furina_char_icon	ImageGen/images/furina/ui/char_icon.png	88	88	cover	y0.22@2.3	auto	1	png	Furina Profile.png		splash
# furina_map_marker	ImageGen/images/furina/ui/map_marker.png	49	64	cover	y0.22@2.3	auto	1	png	Furina Profile.png		splash
# furina_selection_splash	ImageGen/images/furina/ui/selection_splash.png	1920	1200	cover_autocrop	cover@0.06	auto	1	png	Furina Wish.png		splash
# furina_combat_model	ImageGen/images/furina/model/combat_model.png	240	280	sprite	center	auto	1	png	Furina Profile.png		splash
# ---------- KLEE gap fill: 21 post-rebalance cards (strict L1) ----------
pop	ImageGen/images/cards/klee/pop.png	500	380	cover_autocrop	cover@0.06	shortlist	1	png	Starlit Sky Firework Card 11.png		splash
chain_fuse	ImageGen/images/cards/klee/chain_fuse.png	500	380	cover_autocrop	cover@0.06	shortlist	1	png	Starlit Sky Firework Card 3.png		splash
careful_arrangement	ImageGen/images/cards/klee/careful_arrangement.png	500	380	cover_autocrop	cover@0.06	shortlist	1	png	Starlit Sky Firework Card 4.png		splash
trip_wire	ImageGen/images/cards/klee/trip_wire.png	500	380	cover_autocrop	cover@0.06	shortlist	1	png	Starlit Sky Firework Card 5.png		splash
controlled_demolition	ImageGen/images/cards/klee/controlled_demolition.png	500	380	cover_autocrop	cover@0.06	shortlist	1	png	Starlit Sky Firework Card 6.png		splash
chained_reactions	ImageGen/images/cards/klee/chained_reactions.png	500	380	cover_autocrop	cover@0.06	shortlist	1	png	Starlit Sky Firework Card 7.png		splash
sparkly_explosion	ImageGen/images/cards/klee/sparkly_explosion.png	500	380	cover_autocrop	cover@0.06	shortlist	1	png	Starlit Sky Firework Card 1.png		splash
grand_finale	ImageGen/images/cards/klee/grand_finale.png	500	380	cover_autocrop	cover@0.06	shortlist	1	png	Starlit Sky Firework Card 8.png		splash
tail_of_flame	ImageGen/images/cards/klee/tail_of_flame.png	500	380	cover_autocrop	cover@0.06	shortlist	1	png	Starlit Sky Firework Card 9.png		splash
sugar_rush	ImageGen/images/cards/klee/sugar_rush.png	500	380	cover_autocrop	cover@0.06	shortlist	1	png	Sparkling Steps 2021-06-09 - Klee Emoji 1.png		sticker
study_of_explosions	ImageGen/images/cards/klee/study_of_explosions.png	500	380	cover_autocrop	cover@0.06	shortlist	1	png	Let's Go Dodoco! Illustration 2.png		splash
friendly_visit	ImageGen/images/cards/klee/friendly_visit.png	500	380	cover_autocrop	cover@0.06	shortlist	1	png	Let's Go Dodoco! Illustration 3.png		splash
borrowed_brilliance	ImageGen/images/cards/klee/borrowed_brilliance.png	500	380	cover_autocrop	cover@0.06	shortlist	1	png	Let's Go Dodoco! Illustration 4.png		splash
study_buddy	ImageGen/images/cards/klee/study_buddy.png	500	380	cover_autocrop	cover@0.06	shortlist	1	png	Let's Go Dodoco! Illustration 5.png		splash
best_friends_forever	ImageGen/images/cards/klee/best_friends_forever.png	500	380	cover_autocrop	cover@0.06	shortlist	1	png	Let's Go Dodoco! Illustration 1.png		splash
spooked	ImageGen/images/cards/klee/spooked.png	500	380	cover_autocrop	cover@0.06	shortlist	1	png	App Store Event Character Wallpaper Klee Version 3.8.png		splash
patched_dress	ImageGen/images/cards/klee/patched_dress.png	500	380	cover_autocrop	contain@0.08	shortlist	1	png	Klee Item.png		item
dodge_roll	ImageGen/images/cards/klee/dodge_roll.png	500	380	cover_autocrop	cover@0.06	shortlist	1	png	Icon Emoji Paimon's Paintings 07 Klee 4.png		sticker
bright_idea	ImageGen/images/cards/klee/bright_idea.png	500	380	cover_autocrop	contain@0.08	shortlist	1	png	Item Dodoco's Sparks 'n' Splash.png		item
surprise_visit	ImageGen/images/cards/klee/surprise_visit.png	500	380	cover_autocrop	cover@0.06	shortlist	1	png	Sparkling Steps 2021-06-09 - Klee Emoji 2.png		sticker
fish_blasting	ImageGen/images/cards/klee/fish_blasting.png	500	380	cover_autocrop	contain@0.08	shortlist	1	png	Item Dodoco's Beach Nap.png		item
# Furina character-select backdrop -- her own Fontaine namecard so the select
# screen stops falling back to Klee's red Explosive namecard (2026-07-23).
furina_select_bg	ImageGen/images/furina/ui/select_bg.png	1920	1080	cover	center	auto	1	png	Namecard Background Furina Banquet.png		splash

# ---------- COMPANION POWER ICONS (2026-07-24 sweep: these four powers had
#            no KleePowerIcons case at all and rendered the base placeholder) ----------
power_oz_summon	ImageGen/images/powers/oz_summon.png	256	256	contain	center	shortlist	1	png	Oz Summon.png		icon
power_oz_summon	ImageGen/images/powers/oz_summon.png	256	256	contain	center	shortlist	2	png	Talent Nightrider.png		icon
power_oz_summon	ImageGen/images/powers/oz_summon.png	256	256	contain	center	shortlist	3	png	Constellation Evernight Raven.png		icon
power_solar_isotoma	ImageGen/images/powers/solar_isotoma.png	256	256	contain	center	shortlist	1	png	Talent Abiogenesis Solar Isotoma.png		icon
power_solar_isotoma	ImageGen/images/powers/solar_isotoma.png	256	256	contain	center	shortlist	2	png	Solar Isotoma Summon.png		icon
power_witchs_flame	ImageGen/images/powers/witchs_flame.png	256	256	contain	center	shortlist	1	png	Durin Item.png		icon
power_witchs_flame	ImageGen/images/powers/witchs_flame.png	256	256	contain	center	shortlist	2	png	Durin.png		icon
power_celestial_gift	ImageGen/images/powers/celestial_gift.png	256	256	contain	center	shortlist	1	png	Nicole Icon.png		icon
power_celestial_gift	ImageGen/images/powers/celestial_gift.png	256	256	contain	center	shortlist	2	png	Icon Emoji Paimon's Paintings 50 Nicole 1.png		icon
# ---------- FURINA RELIC ICON (was falling back to the Silent's snake_ring,
#            which Furina can also hold: two relics, one icon) ----------
relic_ethereal_spotlight	ImageGen/images/furina/relics/ethereal_spotlight.png	256	256	contain	center	shortlist	1	png	Item Shining Spotlight.png		icon
relic_ethereal_spotlight	ImageGen/images/furina/relics/ethereal_spotlight.png	256	256	contain	center	shortlist	2	png	Item Festival Spotlight.png		icon
relic_ethereal_spotlight	ImageGen/images/furina/relics/ethereal_spotlight.png	256	256	contain	center	shortlist	3	png	Item Theater Tickets.png		icon
# ---------- STANDING ROOM ONLY (the one card with no art; Furina common, so
#            crop-reuse pool per the ratified scarcity rule) ----------
# OVERTURN LANDED (queue row 10.1, [USER] 2026-08-06, option (a)): the Take a Bow
# overturn's own answer -- Opera Epiclese at nation scale, cover/y0.30 -- is now
# rank 1. grand_gala released the source (see its block above), so the L1 that
# blocked this pick in docs/g12-review-2026-08-05.md sec.2 no longer fires. The
# incumbent ticket glyph and its sibling drop to r2/r3. After landing, re-run
# `python tools/art_process.py` in the primary checkout so the out-path picks up
# the new crop; until then the shipped PNG still shows the ticket render.
standing_room_only	ImageGen/images/cards/furina/standing_room_only.png	500	380	cover	y0.30	shortlist	1	png	Opera Epiclese.png		splash	furina_pool
standing_room_only	ImageGen/images/cards/furina/standing_room_only.png	500	380	cover_autocrop	contain@0.08	shortlist	2	png	Item Theater Tickets.png		item	furina_pool
standing_room_only	ImageGen/images/cards/furina/standing_room_only.png	500	380	cover_autocrop	contain@0.08	shortlist	3	png	The Opera of Noirceur and Blancheur Ticket.png		item	furina_pool
# ---------- POWER ICONS: sprint-2 Track E gap (docs/archive/icon-gap-2026-07-24.md) ----------
# 6 powers had NO icon; 15 Furina powers wore Klee's. Ten distinct
# Spotlight powers all rendered amp_reaction_up. weak picks (friendly_visit,
# study_buddy, standing_ovation, ovation_trickle) are flagged for re-hunt.
power_fantastic_voyage	ImageGen/images/powers/fantastic_voyage.png	256	256	contain	center	auto	1	png	Talent Fantastic Voyage.png		icon
power_passion_overload	ImageGen/images/powers/passion_overload.png	256	256	contain	center	auto	1	png	Talent Passion Overload.png		icon
power_shattering_pressure	ImageGen/images/powers/shattering_pressure.png	256	256	contain	center	shortlist	1	png	Talent Pressurized Floe 3.png		icon
power_shattering_pressure	ImageGen/images/powers/shattering_pressure.png	256	256	contain	center	shortlist	2	png	Talent Pressurized Floe 2.png		icon
power_frozen	ImageGen/images/powers/frozen.png	256	256	contain	center	shortlist	1	gif	Status Frozen Player.gif	50	icon
power_frozen	ImageGen/images/powers/frozen.png	256	256	contain	center	shortlist	2	gif	Status Frozen Enemy.gif	50	icon
power_friendly_visit	ImageGen/images/powers/friendly_visit.png	256	256	contain	center	shortlist	1	png	Constellation Exquisite Compound.png		icon
power_study_buddy	ImageGen/images/powers/study_buddy.png	256	256	contain	center	shortlist	1	png	Constellation Sparkly Explosion.png		icon
power_furina_fanfare	ImageGen/images/furina/powers/fanfare.png	256	256	contain	center	shortlist	1	png	Talent Let the People Rejoice.png		icon
power_furina_fanfare	ImageGen/images/furina/powers/fanfare.png	256	256	contain	center	shortlist	2	png	Animula Choragi.png		icon
power_furina_fanfare	ImageGen/images/furina/powers/fanfare.png	256	256	contain	center	shortlist	3	png	Furina Item.png		icon
power_furina_rising_ovation	ImageGen/images/furina/powers/rising_ovation.png	256	256	contain	center	auto	1	png	Constellation A Woman Adapts Like Duckweed in Water.png		icon
power_furina_salon_member	ImageGen/images/furina/powers/salon_member.png	256	256	contain	center	auto	1	png	Talent Salon Solitaire.png		icon
power_furina_grand_salon	ImageGen/images/furina/powers/grand_salon.png	256	256	contain	center	auto	1	png	Talent Salon Solitaire 2.png		icon
power_furina_all_the_worlds_a_stage	ImageGen/images/furina/powers/all_the_worlds_a_stage.png	256	256	contain	center	auto	1	png	Talent Endless Waltz.png		icon
power_furina_center_stage	ImageGen/images/furina/powers/center_stage.png	256	256	contain	center	auto	1	png	Talent The Sea Is My Stage.png		icon
power_furina_guest_cast	ImageGen/images/furina/powers/guest_cast.png	256	256	contain	center	auto	1	png	Constellation They Know Not Life, Who Dwelt in the Netherworld Not!.png		icon
power_furina_leading_role	ImageGen/images/furina/powers/leading_role.png	256	256	contain	center	auto	1	png	Constellation His Name I Now Know, It Is...!.png		icon
power_furina_supporting_cast	ImageGen/images/furina/powers/supporting_cast.png	256	256	contain	center	auto	1	png	Constellation My Secret Is Hidden Within Me, No One Will Know My Name.png		icon
power_furina_top_billing	ImageGen/images/furina/powers/top_billing.png	256	256	contain	center	auto	1	png	Constellation Love Is a Rebellious Bird That None Can Tame.png		icon
power_furina_limelight	ImageGen/images/furina/powers/limelight.png	256	256	contain	center	auto	1	png	Constellation Hear Me — Let Us Raise the Chalice of Love!.png		icon
power_furina_star_of_the_show	ImageGen/images/furina/powers/star_of_the_show.png	256	256	contain	center	auto	1	png	Animula Choragi Shape.png		icon
power_furina_stage_lights	ImageGen/images/furina/powers/stage_lights.png	256	256	contain	center	auto	1	png	Talent Unheard Confession.png		icon
power_furina_standing_ovation	ImageGen/images/furina/powers/standing_ovation.png	256	256	contain	center	shortlist	1	png	Furina Icon.png		icon
power_furina_ovation_trickle	ImageGen/images/furina/powers/ovation_trickle.png	256	256	contain	center	shortlist	1	png	Item Furina Banquet.png		icon
# --- Kokomi art pass, 2026-07-25 (docs/kokomi-art-pass-requirements.md). Tier F, private build only. ---
# Shortlists, not picks: rank 1 is the effective source until the taste pass rules.
# Anchors are COMPUTED from each source's geometry, not chosen. A cover anchor is a CENTRE and the crop
# clamps inside the image, so any anchor nearer an edge than half the crop renders the SAME pixels --
# and cover_autocrop's focus is a MARGIN that clamps the same way. art_lint L1/L7 compare STRINGS, so
# both defects pass the lint; the proof is a sha256 sweep of art/candidates/*/r1.png.
# Her whole `vfx` register is UNUSABLE at card size (talent icons 128x128, preview gifs 480x270,
# buff icon 100x100). Sigils sit at rank 3 so the taste pass can still choose one on purpose.
gorou_inuzaka_charge	ImageGen/images/cards/companions/gorou_inuzaka_charge.png	500	380	cover	y0.16	shortlist	1	png	Gorou Character Card.png		tcg	gorou
gorou_inuzaka_charge	ImageGen/images/cards/companions/gorou_inuzaka_charge.png	500	380	cover_autocrop	cover@0.06	shortlist	2	png	Gorou Portrait.png		splash	gorou
gorou_inuzaka_charge	ImageGen/images/cards/companions/gorou_inuzaka_charge.png	500	380	cover_autocrop	cover@0.06	shortlist	3	png	Gorou Card.png		splash	gorou
gorou_war_banner	ImageGen/images/cards/companions/gorou_war_banner.png	500	380	cover_autocrop	cover@0.06	shortlist	1	png	Gorou Wish.png		splash	gorou
gorou_war_banner	ImageGen/images/cards/companions/gorou_war_banner.png	500	380	cover_autocrop	cover@0.06	shortlist	2	png	Gorou Portrait.png		splash	gorou
gorou_war_banner	ImageGen/images/cards/companions/gorou_war_banner.png	500	380	cover_autocrop	cover@0.06	shortlist	3	png	Gorou Card.png		splash	gorou
gorou_heart_of_the_clan	ImageGen/images/cards/companions/gorou_heart_of_the_clan.png	500	380	cover_autocrop	cover@0.06	shortlist	1	png	Gorou Introduction Card.png		splash	gorou
gorou_heart_of_the_clan	ImageGen/images/cards/companions/gorou_heart_of_the_clan.png	500	380	cover_autocrop	cover@0.06	shortlist	2	png	Gorou Portrait.png		splash	gorou
gorou_heart_of_the_clan	ImageGen/images/cards/companions/gorou_heart_of_the_clan.png	500	380	cover_autocrop	cover@0.06	shortlist	3	png	Gorou Card.png		splash	gorou
sayu_yoohoo_windwheel	ImageGen/images/cards/companions/sayu_yoohoo_windwheel.png	500	380	cover	y0.16	shortlist	1	png	Sayu Character Card.png		tcg	sayu
sayu_yoohoo_windwheel	ImageGen/images/cards/companions/sayu_yoohoo_windwheel.png	500	380	cover	y0.16	shortlist	2	png	Sayu Character Card Platinum.png		tcg	sayu
sayu_yoohoo_windwheel	ImageGen/images/cards/companions/sayu_yoohoo_windwheel.png	500	380	cover_autocrop	cover@0.06	shortlist	3	png	Sayu Portrait.png		splash	sayu
sayu_daruma_gift	ImageGen/images/cards/companions/sayu_daruma_gift.png	500	380	cover_autocrop	cover@0.06	shortlist	1	png	Sayu Wish.png		splash	sayu
sayu_daruma_gift	ImageGen/images/cards/companions/sayu_daruma_gift.png	500	380	cover	y0.16	shortlist	2	png	Sayu Character Card Platinum.png		tcg	sayu
sayu_daruma_gift	ImageGen/images/cards/companions/sayu_daruma_gift.png	500	380	cover_autocrop	cover@0.06	shortlist	3	png	Sayu Portrait.png		splash	sayu
sayu_naptime	ImageGen/images/cards/companions/sayu_naptime.png	500	380	cover_autocrop	cover@0.06	shortlist	1	png	Character Sayu Full Wish.png		splash	sayu
sayu_naptime	ImageGen/images/cards/companions/sayu_naptime.png	500	380	cover	y0.16	shortlist	2	png	Sayu Character Card Platinum.png		tcg	sayu
sayu_naptime	ImageGen/images/cards/companions/sayu_naptime.png	500	380	cover_autocrop	cover@0.06	shortlist	3	png	Sayu Portrait.png		splash	sayu
shinobu_sanctifying_ring	ImageGen/images/cards/companions/shinobu_sanctifying_ring.png	500	380	cover	y0.16	shortlist	1	png	Kuki Shinobu Character Card.png		tcg	shinobu
shinobu_sanctifying_ring	ImageGen/images/cards/companions/shinobu_sanctifying_ring.png	500	380	cover	y0.16	shortlist	2	png	Kuki Shinobu Character Card Platinum.png		tcg	shinobu
shinobu_sanctifying_ring	ImageGen/images/cards/companions/shinobu_sanctifying_ring.png	500	380	cover	y0.16	shortlist	3	png	Kuki Shinobu Character Card Golden.png		tcg	shinobu
shinobu_grass_ring_bond	ImageGen/images/cards/companions/shinobu_grass_ring_bond.png	500	380	cover_autocrop	cover@0.06	shortlist	1	png	Kuki Shinobu Wish.png		splash	shinobu
shinobu_grass_ring_bond	ImageGen/images/cards/companions/shinobu_grass_ring_bond.png	500	380	cover	y0.16	shortlist	2	png	Kuki Shinobu Character Card Platinum.png		tcg	shinobu
shinobu_grass_ring_bond	ImageGen/images/cards/companions/shinobu_grass_ring_bond.png	500	380	cover	y0.16	shortlist	3	png	Kuki Shinobu Character Card Golden.png		tcg	shinobu
shinobu_thundergrust	ImageGen/images/cards/companions/shinobu_thundergrust.png	500	380	cover_autocrop	cover@0.06	shortlist	1	png	Character Kuki Shinobu Full Wish.png		splash	shinobu
shinobu_thundergrust	ImageGen/images/cards/companions/shinobu_thundergrust.png	500	380	cover	y0.16	shortlist	2	png	Kuki Shinobu Character Card Platinum.png		tcg	shinobu
shinobu_thundergrust	ImageGen/images/cards/companions/shinobu_thundergrust.png	500	380	cover	y0.16	shortlist	3	png	Kuki Shinobu Character Card Golden.png		tcg	shinobu
sara_crowfeather_cover	ImageGen/images/cards/companions/sara_crowfeather_cover.png	500	380	cover	y0.16	shortlist	1	png	Kujou Sara Character Card.png		tcg	sara
sara_crowfeather_cover	ImageGen/images/cards/companions/sara_crowfeather_cover.png	500	380	cover	y0.16	shortlist	2	png	Kujou Sara Character Card Platinum.png		tcg	sara
sara_crowfeather_cover	ImageGen/images/cards/companions/sara_crowfeather_cover.png	500	380	cover	y0.16	shortlist	3	png	Kujou Sara Character Card Golden.png		tcg	sara
sara_tengu_stormcall	ImageGen/images/cards/companions/sara_tengu_stormcall.png	500	380	cover_autocrop	cover@0.06	shortlist	1	png	Kujou Sara Wish.png		splash	sara
sara_tengu_stormcall	ImageGen/images/cards/companions/sara_tengu_stormcall.png	500	380	cover	y0.16	shortlist	2	png	Kujou Sara Character Card Platinum.png		tcg	sara
sara_tengu_stormcall	ImageGen/images/cards/companions/sara_tengu_stormcall.png	500	380	cover	y0.16	shortlist	3	png	Kujou Sara Character Card Golden.png		tcg	sara
thoma_blazing_barrier	ImageGen/images/cards/companions/thoma_blazing_barrier.png	500	380	cover	y0.16	shortlist	1	png	Thoma Character Card.png		tcg	thoma
thoma_blazing_barrier	ImageGen/images/cards/companions/thoma_blazing_barrier.png	500	380	cover	y0.16	shortlist	2	png	Thoma Character Card Platinum.png		tcg	thoma
thoma_blazing_barrier	ImageGen/images/cards/companions/thoma_blazing_barrier.png	500	380	cover	y0.16	shortlist	3	png	Thoma Character Card Golden.png		tcg	thoma
thoma_crimson_ooyoroi	ImageGen/images/cards/companions/thoma_crimson_ooyoroi.png	500	380	cover_autocrop	cover@0.06	shortlist	1	png	Thoma Wish.png		splash	thoma
thoma_crimson_ooyoroi	ImageGen/images/cards/companions/thoma_crimson_ooyoroi.png	500	380	cover	y0.16	shortlist	2	png	Thoma Character Card Platinum.png		tcg	thoma
thoma_crimson_ooyoroi	ImageGen/images/cards/companions/thoma_crimson_ooyoroi.png	500	380	cover	y0.16	shortlist	3	png	Thoma Character Card Golden.png		tcg	thoma
itto_superlative_superstrength	ImageGen/images/cards/companions/itto_superlative_superstrength.png	500	380	cover	y0.16	shortlist	1	png	Arataki Itto Character Card.png		tcg	itto
itto_superlative_superstrength	ImageGen/images/cards/companions/itto_superlative_superstrength.png	500	380	cover	y0.16	shortlist	2	png	Arataki Itto Character Card Platinum.png		tcg	itto
itto_superlative_superstrength	ImageGen/images/cards/companions/itto_superlative_superstrength.png	500	380	cover_autocrop	cover@0.06	shortlist	3	png	Arataki Itto Wish.png		splash	itto
raiden_musou_no_hitotachi	ImageGen/images/cards/companions/raiden_musou_no_hitotachi.png	500	380	cover_autocrop	cover@0.06	shortlist	1	png	Character Raiden Shogun Full Wish.png		splash	raiden
raiden_musou_no_hitotachi	ImageGen/images/cards/companions/raiden_musou_no_hitotachi.png	500	380	cover	y0.16	shortlist	2	png	Raiden Shogun Character Card Platinum.png		tcg	raiden
raiden_musou_no_hitotachi	ImageGen/images/cards/companions/raiden_musou_no_hitotachi.png	500	380	cover	y0.16	shortlist	3	png	Raiden Shogun Character Card Golden.png		tcg	raiden
waters_edge	ImageGen/images/cards/kokomi/waters_edge.png	500	380	cover	y0.33	shortlist	1	png	Sangonomiya Kokomi Portrait.png		splash	kokomi_pool
waters_edge	ImageGen/images/cards/kokomi/waters_edge.png	500	380	cover	y0.22	shortlist	2	png	Sangonomiya Kokomi Character Card.png		tcg	kokomi_pool
waters_edge	ImageGen/images/cards/kokomi/waters_edge.png	500	380	cover_autocrop	cover@0.06	shortlist	3	png	Talent Nereid's Ascension.png		vfx	kokomi_pool
coral_guard	ImageGen/images/cards/kokomi/coral_guard.png	500	380	cover	y0.41	shortlist	1	png	Sangonomiya Kokomi Portrait.png		splash	kokomi_pool
coral_guard	ImageGen/images/cards/kokomi/coral_guard.png	500	380	cover_autocrop	contain@0.08	shortlist	2	png	Sangonomiya Kokomi Vision.png		item	kokomi_pool
coral_guard	ImageGen/images/cards/kokomi/coral_guard.png	500	380	cover_autocrop	cover@0.06	shortlist	3	png	Talent Kurage's Oath.png		vfx	kokomi_pool
bake_kurage	ImageGen/images/cards/kokomi/bake_kurage.png	500	380	cover	y0.50	shortlist	1	png	Sangonomiya Kokomi Portrait.png		splash	kokomi_pool
bake_kurage	ImageGen/images/cards/kokomi/bake_kurage.png	500	380	cover_autocrop	contain@0.10	shortlist	2	png	Icon Emoji Paimon's Paintings 09 Sangonomiya Kokomi 3.png		sticker	kokomi_pool
bake_kurage	ImageGen/images/cards/kokomi/bake_kurage.png	500	380	cover_autocrop	cover@0.06	shortlist	3	png	Talent Princess of Watatsumi.png		vfx	kokomi_pool
tactical_retreat	ImageGen/images/cards/kokomi/tactical_retreat.png	500	380	cover	y0.59	shortlist	1	png	Sangonomiya Kokomi Portrait.png		splash	kokomi_pool
tactical_retreat	ImageGen/images/cards/kokomi/tactical_retreat.png	500	380	cover	y0.56	shortlist	2	png	Sangonomiya Kokomi Character Card.png		tcg	kokomi_pool
tactical_retreat	ImageGen/images/cards/kokomi/tactical_retreat.png	500	380	cover_autocrop	cover@0.06	shortlist	3	png	Ceremonial Garment Buff Icon.png		vfx	kokomi_pool
tide_reading	ImageGen/images/cards/kokomi/tide_reading.png	500	380	cover	y0.67	shortlist	1	png	Sangonomiya Kokomi Portrait.png		splash	kokomi_pool
tide_reading	ImageGen/images/cards/kokomi/tide_reading.png	500	380	cover_autocrop	contain@0.08	shortlist	2	png	Sangonomiya Kokomi Item.png		item	kokomi_pool
tide_reading	ImageGen/images/cards/kokomi/tide_reading.png	500	380	cover_autocrop	cover@0.06	shortlist	3	png	Nereid's Ascension Preview.gif		vfx	kokomi_pool
conscription_notice	ImageGen/images/cards/kokomi/conscription_notice.png	500	380	cover	y0.22	shortlist	1	png	Sangonomiya Kokomi Character Card.png		tcg	kokomi_pool
conscription_notice	ImageGen/images/cards/kokomi/conscription_notice.png	500	380	cover_autocrop	contain@0.10	shortlist	2	png	Icon Emoji Paimon's Paintings 13 Sangonomiya Kokomi 2.png		sticker	kokomi_pool
conscription_notice	ImageGen/images/cards/kokomi/conscription_notice.png	500	380	cover_autocrop	cover@0.06	shortlist	3	png	Kurage's Oath Preview.gif		vfx	kokomi_pool
standing_orders	ImageGen/images/cards/kokomi/standing_orders.png	500	380	cover	y0.33	shortlist	1	png	Sangonomiya Kokomi Character Card.png		tcg	kokomi_pool
standing_orders	ImageGen/images/cards/kokomi/standing_orders.png	500	380	cover	y0.34	shortlist	2	png	Sangonomiya Kokomi Card.png		splash	kokomi_pool
standing_orders	ImageGen/images/cards/kokomi/standing_orders.png	500	380	cover_autocrop	cover@0.06	shortlist	3	png	Nereid's Ascension Ceremonial Garment Water Preview.gif		vfx	kokomi_pool
shoulder_to_shoulder	ImageGen/images/cards/kokomi/shoulder_to_shoulder.png	500	380	cover	y0.44	shortlist	1	png	Sangonomiya Kokomi Character Card.png		tcg	kokomi_pool
shoulder_to_shoulder	ImageGen/images/cards/kokomi/shoulder_to_shoulder.png	500	380	cover_autocrop	contain@0.08	shortlist	2	png	Item Sango Pearl.png		item	kokomi_pool
shoulder_to_shoulder	ImageGen/images/cards/kokomi/shoulder_to_shoulder.png	500	380	cover_autocrop	cover@0.06	shortlist	3	png	Nereid's Ascension Ceremonial Garment Attack Preview.gif		vfx	kokomi_pool
signal_arrow	ImageGen/images/cards/kokomi/signal_arrow.png	500	380	cover	y0.56	shortlist	1	png	Sangonomiya Kokomi Character Card.png		tcg	kokomi_pool
signal_arrow	ImageGen/images/cards/kokomi/signal_arrow.png	500	380	cover_autocrop	contain@0.10	shortlist	2	png	Icon Emoji Paimon's Paintings 25 Sangonomiya Kokomi 1.png		sticker	kokomi_pool
signal_arrow	ImageGen/images/cards/kokomi/signal_arrow.png	500	380	cover_autocrop	cover@0.06	shortlist	3	png	Talent Nereid's Ascension.png		vfx	kokomi_pool
to_the_front	ImageGen/images/cards/kokomi/to_the_front.png	500	380	cover	y0.67	shortlist	1	png	Sangonomiya Kokomi Character Card.png		tcg	kokomi_pool
to_the_front	ImageGen/images/cards/kokomi/to_the_front.png	500	380	cover	y0.64	shortlist	2	png	Sangonomiya Kokomi Card.png		splash	kokomi_pool
to_the_front	ImageGen/images/cards/kokomi/to_the_front.png	500	380	cover_autocrop	cover@0.06	shortlist	3	png	Talent Kurage's Oath.png		vfx	kokomi_pool
cleansing_tide	ImageGen/images/cards/kokomi/cleansing_tide.png	500	380	cover_autocrop	contain@0.08	shortlist	1	png	Item Sango Pearl Wild.png		item	kokomi_pool
cleansing_tide	ImageGen/images/cards/kokomi/cleansing_tide.png	500	380	cover	y0.67	shortlist	2	png	Sangonomiya Kokomi Character Card Platinum.png		tcg	kokomi_pool
cleansing_tide	ImageGen/images/cards/kokomi/cleansing_tide.png	500	380	cover_autocrop	cover@0.06	shortlist	3	png	Talent Princess of Watatsumi.png		vfx	kokomi_pool
pearl_diver	ImageGen/images/cards/kokomi/pearl_diver.png	500	380	cover_autocrop	contain@0.08	shortlist	1	png	Sangonomiya Kokomi Vision.png		item	kokomi_pool
pearl_diver	ImageGen/images/cards/kokomi/pearl_diver.png	500	380	cover_autocrop	contain@0.10	shortlist	2	png	Sangonomiya Kokomi Expression 1.png		sticker	kokomi_pool
pearl_diver	ImageGen/images/cards/kokomi/pearl_diver.png	500	380	cover_autocrop	cover@0.06	shortlist	3	png	Ceremonial Garment Buff Icon.png		vfx	kokomi_pool
ritual_purification	ImageGen/images/cards/kokomi/ritual_purification.png	500	380	cover_autocrop	contain@0.08	shortlist	1	png	Item Sango Pearl.png		item	kokomi_pool
ritual_purification	ImageGen/images/cards/kokomi/ritual_purification.png	500	380	cover	y0.50	shortlist	2	png	Sangonomiya Kokomi Introduction Card.jpg		splash	kokomi_pool
ritual_purification	ImageGen/images/cards/kokomi/ritual_purification.png	500	380	cover_autocrop	cover@0.06	shortlist	3	png	Nereid's Ascension Preview.gif		vfx	kokomi_pool
tideline_watch	ImageGen/images/cards/kokomi/tideline_watch.png	500	380	cover_autocrop	contain@0.08	shortlist	1	png	Item Sangonomiya Kokomi The Deep.png		item	kokomi_pool
tideline_watch	ImageGen/images/cards/kokomi/tideline_watch.png	500	380	cover	y0.33	shortlist	2	png	Sangonomiya Kokomi Character Card Golden.png		tcg	kokomi_pool
tideline_watch	ImageGen/images/cards/kokomi/tideline_watch.png	500	380	cover_autocrop	cover@0.06	shortlist	3	png	Kurage's Oath Preview.gif		vfx	kokomi_pool
votive_offering	ImageGen/images/cards/kokomi/votive_offering.png	500	380	cover_autocrop	contain@0.08	shortlist	1	png	Sangonomiya Kokomi Item.png		item	kokomi_pool
votive_offering	ImageGen/images/cards/kokomi/votive_offering.png	500	380	cover_autocrop	contain@0.10	shortlist	2	png	Side by Side We Venture Character Kokomi.png		sticker	kokomi_pool
votive_offering	ImageGen/images/cards/kokomi/votive_offering.png	500	380	cover_autocrop	cover@0.06	shortlist	3	png	Nereid's Ascension Ceremonial Garment Water Preview.gif		vfx	kokomi_pool
kurages_oath	ImageGen/images/cards/kokomi/kurages_oath.png	500	380	cover	y0.24	shortlist	1	png	Sangonomiya Kokomi Card.png		splash	kokomi_pool
kurages_oath	ImageGen/images/cards/kokomi/kurages_oath.png	500	380	cover	y0.56	shortlist	2	png	Sangonomiya Kokomi Character Card Golden.png		tcg	kokomi_pool
kurages_oath	ImageGen/images/cards/kokomi/kurages_oath.png	500	380	cover_autocrop	cover@0.06	shortlist	3	png	Nereid's Ascension Ceremonial Garment Attack Preview.gif		vfx	kokomi_pool
moon_signal	ImageGen/images/cards/kokomi/moon_signal.png	500	380	cover_autocrop	contain@0.10	shortlist	1	png	Icon Emoji Paimon's Paintings 09 Sangonomiya Kokomi 1.png		sticker	kokomi_pool
moon_signal	ImageGen/images/cards/kokomi/moon_signal.png	500	380	cover	y0.67	shortlist	2	png	Sangonomiya Kokomi Character Card Golden.png		tcg	kokomi_pool
moon_signal	ImageGen/images/cards/kokomi/moon_signal.png	500	380	cover_autocrop	cover@0.06	shortlist	3	png	Talent Nereid's Ascension.png		vfx	kokomi_pool
undertow_shuffle	ImageGen/images/cards/kokomi/undertow_shuffle.png	500	380	cover_autocrop	contain@0.10	shortlist	1	png	Icon Emoji Paimon's Paintings 09 Sangonomiya Kokomi 2.png		sticker	kokomi_pool
undertow_shuffle	ImageGen/images/cards/kokomi/undertow_shuffle.png	500	380	cover_autocrop	contain@0.08	shortlist	2	png	Item Sango Pearl.png		item	kokomi_pool
undertow_shuffle	ImageGen/images/cards/kokomi/undertow_shuffle.png	500	380	cover_autocrop	cover@0.06	shortlist	3	png	Talent Kurage's Oath.png		vfx	kokomi_pool
whispered_word	ImageGen/images/cards/kokomi/whispered_word.png	500	380	cover_autocrop	contain@0.10	shortlist	1	png	Icon Emoji Paimon's Paintings 09 Sangonomiya Kokomi 3.png		sticker	kokomi_pool
whispered_word	ImageGen/images/cards/kokomi/whispered_word.png	500	380	cover	y0.74	shortlist	2	png	Sangonomiya Kokomi Character Card Showcase.png		splash	kokomi_pool
whispered_word	ImageGen/images/cards/kokomi/whispered_word.png	500	380	cover_autocrop	cover@0.06	shortlist	3	png	Talent Princess of Watatsumi.png		vfx	kokomi_pool
drifting_lantern	ImageGen/images/cards/kokomi/drifting_lantern.png	500	380	cover_autocrop	contain@0.10	shortlist	1	png	Icon Emoji Paimon's Paintings 09 Sangonomiya Kokomi 4.png		sticker	kokomi_pool
drifting_lantern	ImageGen/images/cards/kokomi/drifting_lantern.png	500	380	cover	y0.33	shortlist	2	png	Sangonomiya Kokomi Character Card.png		tcg	kokomi_pool
drifting_lantern	ImageGen/images/cards/kokomi/drifting_lantern.png	500	380	cover_autocrop	cover@0.06	shortlist	3	png	Ceremonial Garment Buff Icon.png		vfx	kokomi_pool
driftwood_charm	ImageGen/images/cards/kokomi/driftwood_charm.png	500	380	cover_autocrop	contain@0.10	shortlist	1	png	Icon Emoji Paimon's Paintings 13 Sangonomiya Kokomi 1.png		sticker	kokomi_pool
driftwood_charm	ImageGen/images/cards/kokomi/driftwood_charm.png	500	380	cover_autocrop	contain@0.08	shortlist	2	png	Item Sango Pearl Wild.png		item	kokomi_pool
driftwood_charm	ImageGen/images/cards/kokomi/driftwood_charm.png	500	380	cover_autocrop	cover@0.06	shortlist	3	png	Nereid's Ascension Preview.gif		vfx	kokomi_pool
pulsing_current	ImageGen/images/cards/kokomi/pulsing_current.png	500	380	cover	y0.34	shortlist	1	png	Sangonomiya Kokomi Card.png		splash	kokomi_pool
pulsing_current	ImageGen/images/cards/kokomi/pulsing_current.png	500	380	cover	y0.56	shortlist	2	png	Sangonomiya Kokomi Character Card.png		tcg	kokomi_pool
pulsing_current	ImageGen/images/cards/kokomi/pulsing_current.png	500	380	cover_autocrop	cover@0.06	shortlist	3	png	Kurage's Oath Preview.gif		vfx	kokomi_pool
scattering_spray	ImageGen/images/cards/kokomi/scattering_spray.png	500	380	cover	y0.44	shortlist	1	png	Sangonomiya Kokomi Card.png		splash	kokomi_pool
scattering_spray	ImageGen/images/cards/kokomi/scattering_spray.png	500	380	cover_autocrop	contain@0.08	shortlist	2	png	Item Sango Pearl.png		item	kokomi_pool
scattering_spray	ImageGen/images/cards/kokomi/scattering_spray.png	500	380	cover_autocrop	cover@0.06	shortlist	3	png	Nereid's Ascension Ceremonial Garment Water Preview.gif		vfx	kokomi_pool
slack_water	ImageGen/images/cards/kokomi/slack_water.png	500	380	cover	y0.54	shortlist	1	png	Sangonomiya Kokomi Card.png		splash	kokomi_pool
slack_water	ImageGen/images/cards/kokomi/slack_water.png	500	380	cover_autocrop	contain@0.10	shortlist	2	png	Icon Emoji Paimon's Paintings 25 Sangonomiya Kokomi 1.png		sticker	kokomi_pool
slack_water	ImageGen/images/cards/kokomi/slack_water.png	500	380	cover_autocrop	cover@0.06	shortlist	3	png	Nereid's Ascension Ceremonial Garment Attack Preview.gif		vfx	kokomi_pool
steady_the_line	ImageGen/images/cards/kokomi/steady_the_line.png	500	380	cover	y0.64	shortlist	1	png	Sangonomiya Kokomi Card.png		splash	kokomi_pool
steady_the_line	ImageGen/images/cards/kokomi/steady_the_line.png	500	380	cover	y0.22	shortlist	2	png	Sangonomiya Kokomi Character Card Platinum.png		tcg	kokomi_pool
steady_the_line	ImageGen/images/cards/kokomi/steady_the_line.png	500	380	cover_autocrop	cover@0.06	shortlist	3	png	Talent Nereid's Ascension.png		vfx	kokomi_pool
surging_shoal	ImageGen/images/cards/kokomi/surging_shoal.png	500	380	cover	y0.74	shortlist	1	png	Sangonomiya Kokomi Card.png		splash	kokomi_pool
surging_shoal	ImageGen/images/cards/kokomi/surging_shoal.png	500	380	cover_autocrop	contain@0.08	shortlist	2	png	Item Sango Pearl Wild.png		item	kokomi_pool
surging_shoal	ImageGen/images/cards/kokomi/surging_shoal.png	500	380	cover_autocrop	cover@0.06	shortlist	3	png	Talent Kurage's Oath.png		vfx	kokomi_pool
tideturn	ImageGen/images/cards/kokomi/tideturn.png	500	380	cover	y0.38	shortlist	1	png	Sangonomiya Kokomi Introduction Card.jpg		splash	kokomi_pool
tideturn	ImageGen/images/cards/kokomi/tideturn.png	500	380	cover_autocrop	contain@0.10	shortlist	2	png	Sangonomiya Kokomi Expression 1.png		sticker	kokomi_pool
tideturn	ImageGen/images/cards/kokomi/tideturn.png	500	380	cover_autocrop	cover@0.06	shortlist	3	png	Talent Princess of Watatsumi.png		vfx	kokomi_pool
vow_of_tides	ImageGen/images/cards/kokomi/vow_of_tides.png	500	380	cover	y0.50	shortlist	1	png	Sangonomiya Kokomi Introduction Card.jpg		splash	kokomi_pool
vow_of_tides	ImageGen/images/cards/kokomi/vow_of_tides.png	500	380	cover	y0.56	shortlist	2	png	Sangonomiya Kokomi Character Card Platinum.png		tcg	kokomi_pool
vow_of_tides	ImageGen/images/cards/kokomi/vow_of_tides.png	500	380	cover_autocrop	cover@0.06	shortlist	3	png	Ceremonial Garment Buff Icon.png		vfx	kokomi_pool
waterspout	ImageGen/images/cards/kokomi/waterspout.png	500	380	cover	y0.62	shortlist	1	png	Sangonomiya Kokomi Introduction Card.jpg		splash	kokomi_pool
waterspout	ImageGen/images/cards/kokomi/waterspout.png	500	380	cover_autocrop	contain@0.08	shortlist	2	png	Item Sangonomiya Kokomi The Deep.png		item	kokomi_pool
waterspout	ImageGen/images/cards/kokomi/waterspout.png	500	380	cover_autocrop	cover@0.06	shortlist	3	png	Nereid's Ascension Preview.gif		vfx	kokomi_pool
jade_bulwark	ImageGen/images/cards/kokomi/jade_bulwark.png	500	380	cover	y0.10	shortlist	1	png	Sangonomiya Kokomi Character Card Showcase.png		splash	kokomi_pool
jade_bulwark	ImageGen/images/cards/kokomi/jade_bulwark.png	500	380	cover_autocrop	contain@0.10	shortlist	2	png	Side by Side We Venture Character Kokomi.png		sticker	kokomi_pool
jade_bulwark	ImageGen/images/cards/kokomi/jade_bulwark.png	500	380	cover_autocrop	cover@0.06	shortlist	3	png	Kurage's Oath Preview.gif		vfx	kokomi_pool
all_streams_flow	ImageGen/images/cards/kokomi/all_streams_flow.png	500	380	cover	y0.26	shortlist	1	png	Sangonomiya Kokomi Character Card Showcase.png		splash	kokomi_pool
all_streams_flow	ImageGen/images/cards/kokomi/all_streams_flow.png	500	380	cover	y0.22	shortlist	2	png	Sangonomiya Kokomi Character Card Golden.png		tcg	kokomi_pool
all_streams_flow	ImageGen/images/cards/kokomi/all_streams_flow.png	500	380	cover_autocrop	cover@0.06	shortlist	3	png	Nereid's Ascension Ceremonial Garment Water Preview.gif		vfx	kokomi_pool
communion_of_tides	ImageGen/images/cards/kokomi/communion_of_tides.png	500	380	cover	y0.42	shortlist	1	png	Sangonomiya Kokomi Character Card Showcase.png		splash	kokomi_pool
communion_of_tides	ImageGen/images/cards/kokomi/communion_of_tides.png	500	380	cover_autocrop	contain@0.08	shortlist	2	png	Sangonomiya Kokomi Vision.png		item	kokomi_pool
communion_of_tides	ImageGen/images/cards/kokomi/communion_of_tides.png	500	380	cover_autocrop	cover@0.06	shortlist	3	png	Nereid's Ascension Ceremonial Garment Attack Preview.gif		vfx	kokomi_pool
driftglass	ImageGen/images/cards/kokomi/driftglass.png	500	380	cover_autocrop	contain@0.10	shortlist	1	png	Icon Emoji Paimon's Paintings 13 Sangonomiya Kokomi 2.png		sticker	kokomi_pool
driftglass	ImageGen/images/cards/kokomi/driftglass.png	500	380	cover_autocrop	contain@0.08	shortlist	2	png	Item Sango Pearl.png		item	kokomi_pool
driftglass	ImageGen/images/cards/kokomi/driftglass.png	500	380	cover_autocrop	cover@0.06	shortlist	3	png	Talent Nereid's Ascension.png		vfx	kokomi_pool
exposing_current	ImageGen/images/cards/kokomi/exposing_current.png	500	380	cover	y0.58	shortlist	1	png	Sangonomiya Kokomi Character Card Showcase.png		splash	kokomi_pool
exposing_current	ImageGen/images/cards/kokomi/exposing_current.png	500	380	cover	y0.56	shortlist	2	png	Sangonomiya Kokomi Character Card Golden.png		tcg	kokomi_pool
exposing_current	ImageGen/images/cards/kokomi/exposing_current.png	500	380	cover_autocrop	cover@0.06	shortlist	3	png	Talent Kurage's Oath.png		vfx	kokomi_pool
field_promotion	ImageGen/images/cards/kokomi/field_promotion.png	500	380	cover	y0.78	shortlist	1	png	Sangonomiya Kokomi Character Card.png		tcg	kokomi_pool
field_promotion	ImageGen/images/cards/kokomi/field_promotion.png	500	380	cover_autocrop	contain@0.08	shortlist	2	png	Sangonomiya Kokomi Item.png		item	kokomi_pool
field_promotion	ImageGen/images/cards/kokomi/field_promotion.png	500	380	cover_autocrop	cover@0.06	shortlist	3	png	Talent Princess of Watatsumi.png		vfx	kokomi_pool
honor_guard	ImageGen/images/cards/kokomi/honor_guard.png	500	380	cover	y0.22	shortlist	1	png	Sangonomiya Kokomi Character Card Platinum.png		tcg	kokomi_pool
honor_guard	ImageGen/images/cards/kokomi/honor_guard.png	500	380	cover_autocrop	contain@0.10	shortlist	2	png	Icon Emoji Paimon's Paintings 13 Sangonomiya Kokomi 2.png		sticker	kokomi_pool
honor_guard	ImageGen/images/cards/kokomi/honor_guard.png	500	380	cover_autocrop	cover@0.06	shortlist	3	png	Ceremonial Garment Buff Icon.png		vfx	kokomi_pool
mass_mobilization	ImageGen/images/cards/kokomi/mass_mobilization.png	500	380	cover	y0.33	shortlist	1	png	Sangonomiya Kokomi Character Card Platinum.png		tcg	kokomi_pool
mass_mobilization	ImageGen/images/cards/kokomi/mass_mobilization.png	500	380	cover	x0.55	shortlist	2	png	Sangonomiya Kokomi Profile.png		splash	kokomi_pool
mass_mobilization	ImageGen/images/cards/kokomi/mass_mobilization.png	500	380	cover_autocrop	cover@0.06	shortlist	3	png	Nereid's Ascension Preview.gif		vfx	kokomi_pool
mercy_of_the_deep	ImageGen/images/cards/kokomi/mercy_of_the_deep.png	500	380	cover	y0.74	shortlist	1	png	Sangonomiya Kokomi Character Card Showcase.png		splash	kokomi_pool
mercy_of_the_deep	ImageGen/images/cards/kokomi/mercy_of_the_deep.png	500	380	cover_autocrop	contain@0.08	shortlist	2	png	Item Sango Pearl.png		item	kokomi_pool
mercy_of_the_deep	ImageGen/images/cards/kokomi/mercy_of_the_deep.png	500	380	cover_autocrop	cover@0.06	shortlist	3	png	Kurage's Oath Preview.gif		vfx	kokomi_pool
moonlit_offering	ImageGen/images/cards/kokomi/moonlit_offering.png	500	380	cover	y0.90	shortlist	1	png	Sangonomiya Kokomi Character Card Showcase.png		splash	kokomi_pool
moonlit_offering	ImageGen/images/cards/kokomi/moonlit_offering.png	500	380	cover_autocrop	contain@0.10	shortlist	2	png	Icon Emoji Paimon's Paintings 25 Sangonomiya Kokomi 1.png		sticker	kokomi_pool
moonlit_offering	ImageGen/images/cards/kokomi/moonlit_offering.png	500	380	cover_autocrop	cover@0.06	shortlist	3	png	Nereid's Ascension Ceremonial Garment Water Preview.gif		vfx	kokomi_pool
pearl_barrage	ImageGen/images/cards/kokomi/pearl_barrage.png	500	380	cover	y0.21	shortlist	1	png	Character Sangonomiya Kokomi Game.png		splash	kokomi_pool
pearl_barrage	ImageGen/images/cards/kokomi/pearl_barrage.png	500	380	cover	y0.56	shortlist	2	png	Sangonomiya Kokomi Character Card.png		tcg	kokomi_pool
pearl_barrage	ImageGen/images/cards/kokomi/pearl_barrage.png	500	380	cover_autocrop	cover@0.06	shortlist	3	png	Nereid's Ascension Ceremonial Garment Attack Preview.gif		vfx	kokomi_pool
pearl_current	ImageGen/images/cards/kokomi/pearl_current.png	500	380	cover	y0.33	shortlist	1	png	Character Sangonomiya Kokomi Game.png		splash	kokomi_pool
pearl_current	ImageGen/images/cards/kokomi/pearl_current.png	500	380	cover_autocrop	contain@0.08	shortlist	2	png	Item Sango Pearl Wild.png		item	kokomi_pool
pearl_current	ImageGen/images/cards/kokomi/pearl_current.png	500	380	cover_autocrop	cover@0.06	shortlist	3	png	Talent Nereid's Ascension.png		vfx	kokomi_pool
press_the_advantage	ImageGen/images/cards/kokomi/press_the_advantage.png	500	380	cover	y0.44	shortlist	1	png	Sangonomiya Kokomi Character Card Platinum.png		tcg	kokomi_pool
press_the_advantage	ImageGen/images/cards/kokomi/press_the_advantage.png	500	380	cover_autocrop	contain@0.10	shortlist	2	png	Sangonomiya Kokomi Expression 1.png		sticker	kokomi_pool
press_the_advantage	ImageGen/images/cards/kokomi/press_the_advantage.png	500	380	cover_autocrop	cover@0.06	shortlist	3	png	Talent Kurage's Oath.png		vfx	kokomi_pool
quiet_harbor	ImageGen/images/cards/kokomi/quiet_harbor.png	500	380	cover_autocrop	contain@0.10	shortlist	1	png	Icon Emoji Paimon's Paintings 13 Sangonomiya Kokomi 3.png		sticker	kokomi_pool
quiet_harbor	ImageGen/images/cards/kokomi/quiet_harbor.png	500	380	cover	y0.73	shortlist	2	png	Sangonomiya Kokomi Multi Wish.png		splash	kokomi_pool
quiet_harbor	ImageGen/images/cards/kokomi/quiet_harbor.png	500	380	cover_autocrop	cover@0.06	shortlist	3	png	Talent Princess of Watatsumi.png		vfx	kokomi_pool
read_the_current	ImageGen/images/cards/kokomi/read_the_current.png	500	380	cover	y0.44	shortlist	1	png	Character Sangonomiya Kokomi Game.png		splash	kokomi_pool
read_the_current	ImageGen/images/cards/kokomi/read_the_current.png	500	380	cover_autocrop	contain@0.08	shortlist	2	png	Item Sangonomiya Kokomi The Deep.png		item	kokomi_pool
read_the_current	ImageGen/images/cards/kokomi/read_the_current.png	500	380	cover_autocrop	cover@0.06	shortlist	3	png	Ceremonial Garment Buff Icon.png		vfx	kokomi_pool
rearguard_action	ImageGen/images/cards/kokomi/rearguard_action.png	500	380	cover_autocrop	contain@0.10	shortlist	1	png	Icon Emoji Paimon's Paintings 24 Sangonomiya Kokomi 1.png		sticker	kokomi_pool
rearguard_action	ImageGen/images/cards/kokomi/rearguard_action.png	500	380	cover_autocrop	contain@0.08	shortlist	2	png	Sangonomiya Kokomi Item.png		item	kokomi_pool
rearguard_action	ImageGen/images/cards/kokomi/rearguard_action.png	500	380	cover_autocrop	cover@0.06	shortlist	3	png	Nereid's Ascension Preview.gif		vfx	kokomi_pool
reinforcements	ImageGen/images/cards/kokomi/reinforcements.png	500	380	cover	y0.56	shortlist	1	png	Sangonomiya Kokomi Character Card Platinum.png		tcg	kokomi_pool
reinforcements	ImageGen/images/cards/kokomi/reinforcements.png	500	380	cover	x0.39	shortlist	2	png	Namecard Background Sangonomiya Kokomi The Deep.png		splash	kokomi_pool
reinforcements	ImageGen/images/cards/kokomi/reinforcements.png	500	380	cover_autocrop	cover@0.06	shortlist	3	png	Kurage's Oath Preview.gif		vfx	kokomi_pool
shell_of_sanctuary	ImageGen/images/cards/kokomi/shell_of_sanctuary.png	500	380	cover	y0.56	shortlist	1	png	Character Sangonomiya Kokomi Game.png		splash	kokomi_pool
shell_of_sanctuary	ImageGen/images/cards/kokomi/shell_of_sanctuary.png	500	380	cover_autocrop	contain@0.08	shortlist	2	png	Sangonomiya Kokomi Vision.png		item	kokomi_pool
shell_of_sanctuary	ImageGen/images/cards/kokomi/shell_of_sanctuary.png	500	380	cover_autocrop	cover@0.06	shortlist	3	png	Nereid's Ascension Ceremonial Garment Water Preview.gif		vfx	kokomi_pool
swift_currents	ImageGen/images/cards/kokomi/swift_currents.png	500	380	cover_autocrop	contain@0.10	shortlist	1	png	Icon Emoji Paimon's Paintings 25 Sangonomiya Kokomi 1.png		sticker	kokomi_pool
swift_currents	ImageGen/images/cards/kokomi/swift_currents.png	500	380	cover_autocrop	contain@0.08	shortlist	2	png	Item Sango Pearl.png		item	kokomi_pool
swift_currents	ImageGen/images/cards/kokomi/swift_currents.png	500	380	cover_autocrop	cover@0.06	shortlist	3	png	Nereid's Ascension Ceremonial Garment Attack Preview.gif		vfx	kokomi_pool
the_tide_remembers	ImageGen/images/cards/kokomi/the_tide_remembers.png	500	380	cover	y0.67	shortlist	1	png	Character Sangonomiya Kokomi Game.png		splash	kokomi_pool
the_tide_remembers	ImageGen/images/cards/kokomi/the_tide_remembers.png	500	380	cover	y0.22	shortlist	2	png	Sangonomiya Kokomi Character Card Golden.png		tcg	kokomi_pool
the_tide_remembers	ImageGen/images/cards/kokomi/the_tide_remembers.png	500	380	cover_autocrop	cover@0.06	shortlist	3	png	Talent Nereid's Ascension.png		vfx	kokomi_pool
tidal_lure	ImageGen/images/cards/kokomi/tidal_lure.png	500	380	cover_autocrop	contain@0.10	shortlist	1	png	Icon Emoji Paimon's Paintings 25 Sangonomiya Kokomi 2.png		sticker	kokomi_pool
tidal_lure	ImageGen/images/cards/kokomi/tidal_lure.png	500	380	cover	y0.33	shortlist	2	png	Sangonomiya Kokomi Character Card Golden.png		tcg	kokomi_pool
tidal_lure	ImageGen/images/cards/kokomi/tidal_lure.png	500	380	cover_autocrop	cover@0.06	shortlist	3	png	Talent Kurage's Oath.png		vfx	kokomi_pool
nereids_ascension	ImageGen/images/cards/kokomi/nereids_ascension.png	500	380	cover	y0.79	shortlist	1	png	Character Sangonomiya Kokomi Game.png		splash	kokomi_pool
nereids_ascension	ImageGen/images/cards/kokomi/nereids_ascension.png	500	380	cover_autocrop	contain@0.10	shortlist	2	png	Icon Emoji Paimon's Paintings 13 Sangonomiya Kokomi 2.png		sticker	kokomi_pool
nereids_ascension	ImageGen/images/cards/kokomi/nereids_ascension.png	500	380	cover_autocrop	cover@0.06	shortlist	3	png	Talent Princess of Watatsumi.png		vfx	kokomi_pool
ceremonial_garment	ImageGen/images/cards/kokomi/ceremonial_garment.png	500	380	cover	y0.38	shortlist	1	png	Character Sangonomiya Kokomi Full Wish.png		splash	kokomi_pool
ceremonial_garment	ImageGen/images/cards/kokomi/ceremonial_garment.png	500	380	cover	y0.56	shortlist	2	png	Sangonomiya Kokomi Character Card Golden.png		tcg	kokomi_pool
ceremonial_garment	ImageGen/images/cards/kokomi/ceremonial_garment.png	500	380	cover_autocrop	cover@0.06	shortlist	3	png	Ceremonial Garment Buff Icon.png		vfx	kokomi_pool
depths_judgment	ImageGen/images/cards/kokomi/depths_judgment.png	500	380	cover	y0.62	shortlist	1	png	Character Sangonomiya Kokomi Full Wish.png		splash	kokomi_pool
depths_judgment	ImageGen/images/cards/kokomi/depths_judgment.png	500	380	cover_autocrop	contain@0.08	shortlist	2	png	Item Sango Pearl.png		item	kokomi_pool
depths_judgment	ImageGen/images/cards/kokomi/depths_judgment.png	500	380	cover_autocrop	cover@0.06	shortlist	3	png	Nereid's Ascension Preview.gif		vfx	kokomi_pool
epiphany_of_the_deep	ImageGen/images/cards/kokomi/epiphany_of_the_deep.png	500	380	cover	x0.33	shortlist	1	png	Sangonomiya Kokomi Wish.png		splash	kokomi_pool
epiphany_of_the_deep	ImageGen/images/cards/kokomi/epiphany_of_the_deep.png	500	380	cover_autocrop	contain@0.10	shortlist	2	png	Icon Emoji Paimon's Paintings 25 Sangonomiya Kokomi 1.png		sticker	kokomi_pool
epiphany_of_the_deep	ImageGen/images/cards/kokomi/epiphany_of_the_deep.png	500	380	cover_autocrop	cover@0.06	shortlist	3	png	Kurage's Oath Preview.gif		vfx	kokomi_pool
grand_conscription	ImageGen/images/cards/kokomi/grand_conscription.png	500	380	cover	y0.67	shortlist	1	png	Sangonomiya Kokomi Character Card Platinum.png		tcg	kokomi_pool
grand_conscription	ImageGen/images/cards/kokomi/grand_conscription.png	500	380	cover	y0.67	shortlist	2	png	Bake-Kurage Summon.png		vfx	kokomi_pool
grand_conscription	ImageGen/images/cards/kokomi/grand_conscription.png	500	380	cover_autocrop	cover@0.06	shortlist	3	png	Nereid's Ascension Ceremonial Garment Water Preview.gif		vfx	kokomi_pool
prayer_to_the_moon	ImageGen/images/cards/kokomi/prayer_to_the_moon.png	500	380	cover	x0.40	shortlist	1	png	Sangonomiya Kokomi Wish.png		splash	kokomi_pool
prayer_to_the_moon	ImageGen/images/cards/kokomi/prayer_to_the_moon.png	500	380	cover_autocrop	contain@0.08	shortlist	2	png	Item Sango Pearl Wild.png		item	kokomi_pool
prayer_to_the_moon	ImageGen/images/cards/kokomi/prayer_to_the_moon.png	500	380	cover_autocrop	cover@0.06	shortlist	3	png	Nereid's Ascension Ceremonial Garment Attack Preview.gif		vfx	kokomi_pool
sango_prayer	ImageGen/images/cards/kokomi/sango_prayer.png	500	380	cover	x0.47	shortlist	1	png	Sangonomiya Kokomi Wish.png		splash	kokomi_pool
sango_prayer	ImageGen/images/cards/kokomi/sango_prayer.png	500	380	cover_autocrop	contain@0.10	shortlist	2	png	Sangonomiya Kokomi Expression 1.png		sticker	kokomi_pool
sango_prayer	ImageGen/images/cards/kokomi/sango_prayer.png	500	380	cover_autocrop	cover@0.06	shortlist	3	png	Talent Nereid's Ascension.png		vfx	kokomi_pool
vigil_of_the_deep	ImageGen/images/cards/kokomi/vigil_of_the_deep.png	500	380	cover	x0.53	shortlist	1	png	Sangonomiya Kokomi Wish.png		splash	kokomi_pool
vigil_of_the_deep	ImageGen/images/cards/kokomi/vigil_of_the_deep.png	500	380	cover	y0.56	shortlist	2	png	Sangonomiya Kokomi Character Card.png		tcg	kokomi_pool
vigil_of_the_deep	ImageGen/images/cards/kokomi/vigil_of_the_deep.png	500	380	cover_autocrop	cover@0.06	shortlist	3	png	Talent Kurage's Oath.png		vfx	kokomi_pool

# ---------- KOKOMI character-shell surfaces (2026-07-25) ----------
# Six of the eight are produced by tools/gen_kokomi_stills.py (alpha-bbox
# framing, the B4 centring rule) and are therefore GENERATOR_OWNED -- see
# art_lint L11. A seventh, transition_wipe, is procedural (gen_transition_wipe.py).
# select_bg is the only one that is a straight wiki fetch, so it is the only
# one with a plan row -- exactly the arrangement Furina ended the B4 pass in.
kokomi_select_bg	ImageGen/images/kokomi/ui/select_bg.png	1920	1080	cover	center	auto	1	png	Namecard Background Sangonomiya Kokomi The Deep.png		splash

# ---------- Coverage gap fill, 2026-07-25 ----------
# Two cards the sheets declare that no plan row ever covered. Both were
# invisible except in art_coverage's MISSING bill: the game renders the
# BETA placeholder and nothing fails.
#
# lasting_impression -- Furina's fanfare enabler. Her unclaimed sources are
# mostly promo art with burnt-in wordmarks (Introduction Banner crops to
# 'URINA'; the Shikishi set carries a Genshin wordmark and is monochrome;
# Tabletop Troupe frames her under a printed name caption). Birthday 2025 at
# y0.46 clears every wordmark in the source and is a CELEBRATION image,
# which is the right read for a card that raises the Fanfare floor.
lasting_impression	ImageGen/images/cards/furina/lasting_impression.png	500	380	cover	y0.46	shortlist	1	png	Furina Birthday 2025.png		splash
lasting_impression	ImageGen/images/cards/furina/lasting_impression.png	500	380	cover_autocrop	cover@0.06	shortlist	2	png	Fragrant Fantasy Furina 3.png		splash
lasting_impression	ImageGen/images/cards/furina/lasting_impression.png	500	380	cover	y0.58	shortlist	3	png	Tabletop Troupe Pros Furina.png		splash
#
# sucrose_catalyst_conversion -- the shared-pool energy fixer added in
# v1.11a. Sucrose Character Card is already sucrose_astable's rank 1, so
# rank 1 here takes the unclaimed Sucrose Card; the siblings share the
# `sucrose` source_group, which is what lets rank 3 revisit the sibling's
# source at a different anchor without tripping L1.
sucrose_catalyst_conversion	ImageGen/images/cards/companions/sucrose_catalyst_conversion.png	500	380	cover	y0.30	shortlist	1	png	Sucrose Card.png		tcg	sucrose
sucrose_catalyst_conversion	ImageGen/images/cards/companions/sucrose_catalyst_conversion.png	500	380	cover_autocrop	cover@0.06	shortlist	2	png	Sucrose Introduction Card.png		tcg	sucrose
sucrose_catalyst_conversion	ImageGen/images/cards/companions/sucrose_catalyst_conversion.png	500	380	cover	y0.40	shortlist	3	png	Sucrose Character Card.png		tcg	sucrose

# ---------- FONTAINE 5-STAR RARES (R64, 2026-07-25) ----------
# Every wiki_title below was verified with tools/art_hunt.py BEFORE being
# written, per the kickoff -- a plausible wrong guess silently resolves to
# some other character's art, which is worse than a MISSING row.
#
# NEUVILLETTE'S THREE OBVIOUS SOURCES ARE ALREADY TAKEN, and that is D2
# working rather than a problem: his Guest Star cameos claim Neuvillette
# Character Card, Neuvillette Wish and Character Neuvillette Full Wish at
# rank 1. His shared-pool Rare is a DIFFERENT CARD and should not wear the
# cameo's face, so it takes the promo Card render instead. They share the
# `neuvillette` source_group, so L1 permits the family; the separation here
# is a design choice, not a lint requirement.
#
# Arlecchino's `Character Details` family is BANNED (art_lint L9, the same
# burnt-in-text family as Furina's and Kokomi's) and is not offered.
navia_cannon_fire_support	ImageGen/images/cards/companions/navia_cannon_fire_support.png	500	380	cover_autocrop	cover@0.06	shortlist	1	png	Navia Wish.png		splash	navia
navia_cannon_fire_support	ImageGen/images/cards/companions/navia_cannon_fire_support.png	500	380	cover_autocrop	cover@0.06	shortlist	2	png	Character Navia Full Wish.png		splash	navia
navia_cannon_fire_support	ImageGen/images/cards/companions/navia_cannon_fire_support.png	500	380	cover	y0.16	shortlist	3	png	Navia Character Card.png		tcg	navia
clorinde_impale_the_night	ImageGen/images/cards/companions/clorinde_impale_the_night.png	500	380	cover_autocrop	cover@0.06	shortlist	1	png	Clorinde Wish.png		splash	clorinde
clorinde_impale_the_night	ImageGen/images/cards/companions/clorinde_impale_the_night.png	500	380	cover_autocrop	cover@0.06	shortlist	2	png	Character Clorinde Full Wish.png		splash	clorinde
clorinde_impale_the_night	ImageGen/images/cards/companions/clorinde_impale_the_night.png	500	380	cover	y0.16	shortlist	3	png	Clorinde Character Card.png		tcg	clorinde
# NOT cover_autocrop: the autocrop took a torso band with no face on him. And NOT a
# higher anchor -- Neuvillette Card carries the GENSHIN IMPACT wordmark top-centre,
# the same caveat already recorded for Kokomi Card. y0.28 clears the wordmark and
# frames the Iudex head-and-shoulders over his own crest. Checked by eye.
neuvillette_ancient_sea_authority	ImageGen/images/cards/companions/neuvillette_ancient_sea_authority.png	500	380	cover	y0.28	shortlist	1	png	Neuvillette Card.png		splash	neuvillette
neuvillette_ancient_sea_authority	ImageGen/images/cards/companions/neuvillette_ancient_sea_authority.png	500	380	cover	y0.16	shortlist	2	png	Neuvillette Character Card Showcase 1.png		tcg	neuvillette
neuvillette_ancient_sea_authority	ImageGen/images/cards/companions/neuvillette_ancient_sea_authority.png	500	380	cover	y0.22	shortlist	3	png	Neuvillette Character Card Golden.png		tcg	neuvillette
arlecchino_masque_red_death	ImageGen/images/cards/companions/arlecchino_masque_red_death.png	500	380	cover_autocrop	cover@0.06	shortlist	1	png	Character Arlecchino Full Wish.png		splash	arlecchino
arlecchino_masque_red_death	ImageGen/images/cards/companions/arlecchino_masque_red_death.png	500	380	cover_autocrop	cover@0.06	shortlist	2	png	Arlecchino Card.png		splash	arlecchino
arlecchino_masque_red_death	ImageGen/images/cards/companions/arlecchino_masque_red_death.png	500	380	cover	y0.20	shortlist	3	png	Arlecchino Portrait.png		splash	arlecchino

# ---------- Coverage gap fill, Neap Tide (2026-07-26) ----------
# Four faces the sheet gained in the Neap Tide amendment that no plan row ever
# covered: the three F4 Sly-lane bridge rows (ebb_tide, salt_line, undertow)
# and R73's before_sun_and_moon. Identical invisibility to the 2026-07-25 gap
# fill above -- the game renders the BETA placeholder and nothing fails, so
# art_coverage's MISSING bill is the only witness.
#
# Every rank 1 below claims a source NO card row held at rank 1. That was only
# still possible because the scarcity ruling widened her pool past the original
# ~8, and it is worth writing down that it cost the last of the slack: four new
# faces took the four remaining unclaimed illustrations of usable size. The
# next batch on this sheet will be re-cropping, not claiming.
#
# before_sun_and_moon -- its SOLE effect is +1 to the Bake-Kurage pulse
# multiplier, so it wears the Kurage and not the princess. Bake-Kurage Summon
# carries register `vfx` like the rest of her kit art, but it is NOT one of the
# sources the "vfx is a dead register for her" finding condemned -- those are
# 128x128 talent sigils and 480x270 clip thumbnails. At 420x720 this is a real
# render, the same shape as the TCG cards already shipping at rank 1. It is
# nonetheless the FIRST vfx rank-1 pick on her sheet, so it is flagged here for
# the taste pass rather than quietly normalised.
#
# ebb_tide -- a receding tide, and Namecard Background The Deep is her only
# unclaimed pure-WATER plate: 840x400, no figure in it to behead by cropping.
# It is also kokomi_select_bg's source, which is legal and deliberate -- L1
# scopes to `/cards/`, and a character-select backdrop is not a card face.
#
# salt_line -- a common, and her commons already ship sticker faces at rank 1
# (moon_signal, drifting_lantern, quiet_harbor). Expression 2 is 420x420,
# LARGER than the 300x300 Paimon's Paintings emoji those shipped on, and
# unclaimed at every rank.
#
# undertow -- the lane's payoff, so it takes the largest unclaimed
# illustration: Profile, 2400x1320. cover_autocrop, NOT a plain x-anchored
# cover: Profile floats the figure in a wide transparent void, so `cover` at
# any anchor framed her hard right against a half-frame of empty parchment.
# Checked by eye against cover@0.06 / cover@0.12 / contain@0.08 -- 0.06 is the
# one that centres her and keeps the fish in frame. This is the same void that
# the mode was written for, and the reason the anchor columns of the neighbours
# are no guide here.
before_sun_and_moon	ImageGen/images/cards/kokomi/before_sun_and_moon.png	500	380	cover	y0.42	shortlist	1	png	Bake-Kurage Summon.png		vfx	kokomi_pool
before_sun_and_moon	ImageGen/images/cards/kokomi/before_sun_and_moon.png	500	380	cover	x0.60	shortlist	2	png	Sangonomiya Kokomi Wish.png		splash	kokomi_pool
before_sun_and_moon	ImageGen/images/cards/kokomi/before_sun_and_moon.png	500	380	cover	y0.44	shortlist	3	png	Sangonomiya Kokomi Character Card Golden.png		tcg	kokomi_pool
ebb_tide	ImageGen/images/cards/kokomi/ebb_tide.png	500	380	cover	x0.62	shortlist	1	png	Namecard Background Sangonomiya Kokomi The Deep.png		splash	kokomi_pool
ebb_tide	ImageGen/images/cards/kokomi/ebb_tide.png	500	380	cover	y0.80	shortlist	2	png	Character Sangonomiya Kokomi Full Wish.png		splash	kokomi_pool
ebb_tide	ImageGen/images/cards/kokomi/ebb_tide.png	500	380	cover_autocrop	contain@0.10	shortlist	3	png	Sangonomiya Kokomi Expression 3.png		sticker	kokomi_pool
salt_line	ImageGen/images/cards/kokomi/salt_line.png	500	380	cover_autocrop	contain@0.10	shortlist	1	png	Sangonomiya Kokomi Expression 2.png		sticker	kokomi_pool
salt_line	ImageGen/images/cards/kokomi/salt_line.png	500	380	cover	y0.34	shortlist	2	png	Sangonomiya Kokomi Character Card Showcase.png		splash	kokomi_pool
salt_line	ImageGen/images/cards/kokomi/salt_line.png	500	380	cover	y0.50	shortlist	3	png	Sangonomiya Kokomi Multi Wish.png		splash	kokomi_pool
undertow	ImageGen/images/cards/kokomi/undertow.png	500	380	cover_autocrop	cover@0.06	shortlist	1	png	Sangonomiya Kokomi Profile.png		splash	kokomi_pool
undertow	ImageGen/images/cards/kokomi/undertow.png	500	380	cover	y0.84	shortlist	2	png	Sangonomiya Kokomi Card.png		splash	kokomi_pool
undertow	ImageGen/images/cards/kokomi/undertow.png	500	380	cover	y0.90	shortlist	3	png	Character Sangonomiya Kokomi Game.png		splash	kokomi_pool
casting_call	ImageGen/images/cards/furina/casting_call.png	500	380	cover	x0.45	shortlist	1	png	Opera Epiclese - Furina's Seat.png		splash	furina_pool
casting_call	ImageGen/images/cards/furina/casting_call.png	500	380	contain	center	shortlist	2	png	The Opera of Noirceur and Blancheur Ticket.png		item	furina_pool
take_your_bow	ImageGen/images/cards/furina/take_your_bow.png	500	380	cover	center	shortlist	1	png	Starlight Reverie Wallpaper Furina.png		splash	furina_pool
take_your_bow	ImageGen/images/cards/furina/take_your_bow.png	500	380	cover	x0.45	shortlist	2	png	Opera Epiclese - Furina's Seat.png		splash	furina_pool
held_breath	ImageGen/images/cards/furina/held_breath.png	500	380	cover_autocrop	cover@0.06	shortlist	1	png	Fragrant Fantasy Furina 3.png		splash	furina_pool
held_breath	ImageGen/images/cards/furina/held_breath.png	500	380	cover	y0.35	shortlist	2	png	Fragrant Fantasy Wallpaper.png		splash	furina_pool
applause_line	ImageGen/images/cards/furina/applause_line.png	500	380	cover	center	shortlist	1	png	Furina Birthday 2024 - Shorts.png		splash	furina_pool
applause_line	ImageGen/images/cards/furina/applause_line.png	500	380	cover	y0.40	shortlist	2	png	Starlit Letter Wallpaper Furina.png		splash	furina_pool
breathless	ImageGen/images/cards/furina/breathless.png	500	380	cover_autocrop	contain@0.08	shortlist	1	png	Savoring the Breeze Furina.png		sticker	furina_pool
breathless	ImageGen/images/cards/furina/breathless.png	500	380	cover	y0.50	shortlist	2	png	Savoring the Breeze Wallpaper Furina.png		splash	furina_pool
