filename	source_url	tier	replace_priority
ImageGen/images/cards/klee/kaboom.png	https://static.wikia.nocookie.net/gensin-impact/images/d/d4/Klee_Character_Card.png/revision/latest?cb=20230118043948	F	high
ImageGen/images/cards/klee/jumpy_dumpty.png	https://static.wikia.nocookie.net/gensin-impact/images/f/f9/Dodoco%27s_Bomb-Tastic_Adventure_Tomato_Pepper_Jumpy_Dumpty.png/revision/latest?cb=20231007202434	F	high
ImageGen/images/cards/klee/sparks_n_splash.png	https://static.wikia.nocookie.net/gensin-impact/images/8/88/Character_Klee_Full_Wish.png/revision/latest?cb=20220507125530	F	high
ImageGen/images/cards/klee/hide_and_seek.png	https://static.wikia.nocookie.net/gensin-impact/images/2/2f/Namecard_Background_Celebration_Peekaboo%21.png/revision/latest?cb=20210610195731	F	high
ImageGen/images/cards/klee/explosives_workshop.png	https://static.wikia.nocookie.net/gensin-impact/images/0/04/Namecard_Background_Klee_Explosive.png/revision/latest?cb=20210330005344	F	high
art/candidates/duck_and_cover/r1.png	https://static.wikia.nocookie.net/gensin-impact/images/1/1c/Icon_Emoji_Paimon%27s_Paintings_25_Klee_2.png/revision/latest?cb=20230717041924	F	high
art/candidates/duck_and_cover/r2.png	https://static.wikia.nocookie.net/gensin-impact/images/3/3c/Klee_Birthday_2020_2.png/revision/latest?cb=20240103192737	F	high
art/candidates/duck_and_cover/r3.png	https://static.wikia.nocookie.net/gensin-impact/images/1/17/Item_Imaginary_Friend_Dodoco.png/revision/latest?cb=20260524210028	F	high
art/candidates/pop/r1.png	https://static.wikia.nocookie.net/gensin-impact/images/5/5f/Starlit_Sky_Firework_Card_11.png/revision/latest?cb=20230205063136	F	high
art/candidates/pop/r2.png	https://static.wikia.nocookie.net/gensin-impact/images/2/26/Jumpy_Dumpty_Preview.gif/revision/latest?cb=20210603144340	F	high
art/candidates/pop/r3.png	https://static.wikia.nocookie.net/gensin-impact/images/e/e4/Dodoco%27s_Bomb-Tastic_Adventure_Mint_Jelly_Jumpy_Dumpty.png/revision/latest?cb=20231007050556	F	high
art/candidates/mine_toss/r1.png	https://static.wikia.nocookie.net/gensin-impact/images/d/df/Dodoco%27s_Bomb-Tastic_Adventure_Krash-Kaboom_Mine.png/revision/latest?cb=20231008210032	F	high
art/candidates/mine_toss/r2.png	https://static.wikia.nocookie.net/gensin-impact/images/0/04/Dodoco%27s_Bomb-Tastic_Adventure_Krash-Kaboom_Mine_AoE.png/revision/latest?cb=20231008210028	F	high
art/candidates/mine_toss/r3.png	https://static.wikia.nocookie.net/gensin-impact/images/2/26/Jumpy_Dumpty_Preview.gif/revision/latest?cb=20210603144340	F	high
art/candidates/fish_flavored_bait/r1.png	https://static.wikia.nocookie.net/gensin-impact/images/a/ac/Item_Fish-Flavored_Toast.png/revision/latest?cb=20201210061645	F	high
art/candidates/fish_flavored_bait/r2.png	https://static.wikia.nocookie.net/gensin-impact/images/b/b3/Item_Dodoco%27s_Beach_Nap.png/revision/latest?cb=20220713052047	F	high
art/candidates/fish_flavored_bait/r3.png	https://static.wikia.nocookie.net/gensin-impact/images/8/83/JTP_Encounter_Jumpy_Dumpty.png/revision/latest?cb=20220817061719	F	high
art/candidates/quick_fuse/r1.png	https://static.wikia.nocookie.net/gensin-impact/images/5/5c/Item_Special_Jumpy_Dumpty_Dodoco.png/revision/latest?cb=20231007215053	F	high
art/candidates/quick_fuse/r2.png	https://static.wikia.nocookie.net/gensin-impact/images/2/2d/Item_Kaboom_King.png/revision/latest?cb=20250216203759	F	high
art/candidates/quick_fuse/r3.png	https://static.wikia.nocookie.net/gensin-impact/images/2/2d/Item_Kaboom_King.png/revision/latest?cb=20250216203759	F	high
art/candidates/ammo_scavenging/r1.png	https://static.wikia.nocookie.net/gensin-impact/images/b/bb/Item_Dodoco%27s_Travel_Bag.png/revision/latest?cb=20220713052049	F	high
art/candidates/ammo_scavenging/r2.png	https://static.wikia.nocookie.net/gensin-impact/images/7/75/Item_Dodoco%27s_Collection_Cupboard.png/revision/latest?cb=20220713052040	F	high
art/candidates/ammo_scavenging/r3.png	https://static.wikia.nocookie.net/gensin-impact/images/2/2e/Item_Kaboom_Box.png/revision/latest?cb=20240930175733	F	high
art/candidates/bomb_voyage/r1.png	https://static.wikia.nocookie.net/gensin-impact/images/a/a9/Item_Dodoco%27s_Bomb-Tastic_Adventure.png/revision/latest?cb=20231010204600	F	high
art/candidates/bomb_voyage/r2.png	https://static.wikia.nocookie.net/gensin-impact/images/f/f9/Dodoco%27s_Bomb-Tastic_Adventure_Tomato_Pepper_Jumpy_Dumpty.png/revision/latest?cb=20231007202434	F	high
art/candidates/bomb_voyage/r3.png	https://static.wikia.nocookie.net/gensin-impact/images/2/20/Item_Let%27s_Go%2C_Dodoco%21.png/revision/latest?cb=20220407055552	F	high
art/candidates/big_badda_boom/r1.png	https://static.wikia.nocookie.net/gensin-impact/images/f/f4/Klee_Wish.png/revision/latest?cb=20231214215745	F	high
art/candidates/big_badda_boom/r2.png	https://static.wikia.nocookie.net/gensin-impact/images/d/db/Sparks_%27n%27_Splash_Preview.gif/revision/latest?cb=20210603145158	F	high
art/candidates/big_badda_boom/r3.png	https://static.wikia.nocookie.net/gensin-impact/images/0/04/Dodoco%27s_Bomb-Tastic_Adventure_Krash-Kaboom_Mine_AoE.png/revision/latest?cb=20231008210028	F	high
art/candidates/blast_radius/r1.png	https://static.wikia.nocookie.net/gensin-impact/images/5/5e/Dodoco%27s_Bomb-Tastic_Adventure_Tomato_Pepper_Jumpy_Dumpty_AoE.png/revision/latest?cb=20231007202439	F	high
art/candidates/blast_radius/r2.png	https://static.wikia.nocookie.net/gensin-impact/images/d/d5/Kaboom%21_Plunging_Preview.gif/revision/latest?cb=20210603144434	F	high
art/candidates/blast_radius/r3.png	https://static.wikia.nocookie.net/gensin-impact/images/2/26/Jumpy_Dumpty_Preview.gif/revision/latest?cb=20210603144340	F	high
art/candidates/sorry_jean/r1.png	https://static.wikia.nocookie.net/gensin-impact/images/e/e9/Icon_Emoji_Paimon%27s_Paintings_07_Klee_2.png/revision/latest?cb=20211231163516	F	high
art/candidates/sorry_jean/r2.png	https://static.wikia.nocookie.net/gensin-impact/images/b/bf/Icon_Emoji_Paimon%27s_Paintings_25_Klee_1.png/revision/latest?cb=20230717041928	F	high
art/candidates/sorry_jean/r3.png	https://static.wikia.nocookie.net/gensin-impact/images/e/e3/Klee_Birthday_2020.png/revision/latest?cb=20201125190326	F	high
art/candidates/remote_detonator/r1.png	https://static.wikia.nocookie.net/gensin-impact/images/2/2d/Item_Kaboom_King.png/revision/latest?cb=20250216203759	F	high
art/candidates/remote_detonator/r2.png	https://static.wikia.nocookie.net/gensin-impact/images/9/95/Item_Dodoco%27s_Marvelous_Magic.png/revision/latest?cb=20250929050444	F	high
art/candidates/remote_detonator/r3.png	https://static.wikia.nocookie.net/gensin-impact/images/e/e0/Constellation_Explosive_Frags.png/revision/latest?cb=20210607082612	F	high
art/candidates/sparkly_treasure/r1.png	https://static.wikia.nocookie.net/gensin-impact/images/c/c8/Item_Sparkly_Shiny_Dodoco%21.png/revision/latest?cb=20220125041945	F	high
art/candidates/sparkly_treasure/r2.png	https://static.wikia.nocookie.net/gensin-impact/images/7/7b/Icon_Emoji_Paimon%27s_Paintings_07_Klee_1.png/revision/latest?cb=20211231163504	F	high
art/candidates/sparkly_treasure/r3.png	https://static.wikia.nocookie.net/gensin-impact/images/d/d4/Klee_Birthday_2024.png/revision/latest?cb=20240727040120	F	high
art/candidates/pocket_fireworks/r1.png	https://static.wikia.nocookie.net/gensin-impact/images/e/eb/Item_Fizzy_Fireworks.png/revision/latest?cb=20250731174115	F	high
art/candidates/pocket_fireworks/r2.png	https://static.wikia.nocookie.net/gensin-impact/images/5/5d/Item_Glimmering_Firework.png/revision/latest?cb=20230301032345	F	high
art/candidates/pocket_fireworks/r3.png	https://static.wikia.nocookie.net/gensin-impact/images/0/01/Item_Leisurely_Fireworks.png/revision/latest?cb=20220330091604	F	high
art/candidates/crackle/r1.png	https://static.wikia.nocookie.net/gensin-impact/images/0/0f/Pounding_Surprise_Explosive_Spark_Effect.png/revision/latest?cb=20230728034800	F	high
art/candidates/crackle/r2.png	https://static.wikia.nocookie.net/gensin-impact/images/e/ea/Item_Supersized_Firework.png/revision/latest?cb=20210902092338	F	high
art/candidates/crackle/r3.png	https://static.wikia.nocookie.net/gensin-impact/images/e/ea/Item_Supersized_Firework.png/revision/latest?cb=20210902092338	F	high
art/candidates/spark_collection/r1.png	https://static.wikia.nocookie.net/gensin-impact/images/9/95/Item_Dodoco%27s_Marvelous_Magic.png/revision/latest?cb=20250929050444	F	high
art/candidates/spark_collection/r2.png	https://static.wikia.nocookie.net/gensin-impact/images/0/04/Item_Dodoco%27s_Duet.png/revision/latest?cb=20260302235918	F	high
art/candidates/spark_collection/r3.png	https://static.wikia.nocookie.net/gensin-impact/images/1/1c/Icon_Emoji_Paimon%27s_Paintings_25_Klee_2.png/revision/latest?cb=20230717041924	F	high
art/candidates/skip_and_hop/r1.png	https://static.wikia.nocookie.net/gensin-impact/images/3/3c/Klee_Birthday_2020_2.png/revision/latest?cb=20240103192737	F	high
art/candidates/skip_and_hop/r2.png	https://static.wikia.nocookie.net/gensin-impact/images/8/81/Icon_Emoji_Paimon%27s_Paintings_07_Klee_4.png/revision/latest?cb=20211231163532	F	high
art/candidates/skip_and_hop/r3.png	https://static.wikia.nocookie.net/gensin-impact/images/7/75/Sparkling_Steps_2021-06-09_-_Klee_Emoji_1.png/revision/latest?cb=20211119133031	F	high
art/candidates/rapid_fire/r1.png	https://static.wikia.nocookie.net/gensin-impact/images/d/d5/Sparkling_Steps_2021-06-09_-_Klee_Emoji_3.png/revision/latest?cb=20211119133028	F	high
art/candidates/rapid_fire/r2.png	https://static.wikia.nocookie.net/gensin-impact/images/d/d7/Kaboom%21_Normal_Preview.gif/revision/latest?cb=20210603144417	F	high
art/candidates/rapid_fire/r3.png	https://static.wikia.nocookie.net/gensin-impact/images/d/d7/Kaboom%21_Normal_Preview.gif/revision/latest?cb=20210603144417	F	high
art/candidates/eager_to_help/r1.png	https://static.wikia.nocookie.net/gensin-impact/images/4/48/Icon_Emoji_Paimon%27s_Paintings_07_Klee_3.png/revision/latest?cb=20211231163452	F	high
art/candidates/eager_to_help/r2.png	https://static.wikia.nocookie.net/gensin-impact/images/2/24/Sparkling_Steps_2021-06-09_-_Klee_Emoji_2.png/revision/latest?cb=20211119133034	F	high
art/candidates/eager_to_help/r3.png	https://static.wikia.nocookie.net/gensin-impact/images/f/f3/Klee_Birthday_2023.png/revision/latest?cb=20230727041811	F	high
art/candidates/cant_catch_me/r1.png	https://static.wikia.nocookie.net/gensin-impact/images/1/1c/Klee_Birthday_2021.png/revision/latest?cb=20230305150248	F	high
art/candidates/cant_catch_me/r2.png	https://static.wikia.nocookie.net/gensin-impact/images/a/a9/Icon_Emoji_Paimon%27s_Paintings_46_Klee_1.png/revision/latest?cb=20260117144601	F	high
art/candidates/cant_catch_me/r3.png	https://static.wikia.nocookie.net/gensin-impact/images/d/d5/Sparkling_Steps_2021-06-09_-_Klee_Emoji_3.png/revision/latest?cb=20211119133028	F	high
art/candidates/endless_fireworks/r1.png	https://static.wikia.nocookie.net/gensin-impact/images/3/37/Item_Slumbering_Fireworks.png/revision/latest?cb=20220330091548	F	high
art/candidates/endless_fireworks/r2.png	https://static.wikia.nocookie.net/gensin-impact/images/0/06/Item_Fireworks_Dance_Amidst_a_Snowy_Sky.png/revision/latest?cb=20220126205947	F	high
art/candidates/endless_fireworks/r3.png	https://static.wikia.nocookie.net/gensin-impact/images/0/06/Item_Fireworks_Dance_Amidst_a_Snowy_Sky.png/revision/latest?cb=20220126205947	F	high
art/candidates/gleeful_barrage/r1.png	https://static.wikia.nocookie.net/gensin-impact/images/d/d4/Klee_Birthday_2024.png/revision/latest?cb=20240727040120	F	high
art/candidates/gleeful_barrage/r2.png	https://static.wikia.nocookie.net/gensin-impact/images/a/a7/Item_Jumbo_Sparks_%27n%27_Splash_Statue.png/revision/latest?cb=20260226034052	F	high
art/candidates/gleeful_barrage/r3.png	https://static.wikia.nocookie.net/gensin-impact/images/d/db/Sparks_%27n%27_Splash_Preview.gif/revision/latest?cb=20210603145158	F	high
art/candidates/sizzle/r1.png	https://static.wikia.nocookie.net/gensin-impact/images/1/13/Item_Dodoco%27s_Dodo_Stove.png/revision/latest?cb=20220713052044	F	high
art/candidates/sizzle/r2.png	https://static.wikia.nocookie.net/gensin-impact/images/a/a7/Constellation_Nova_Burst.png/revision/latest?cb=20210607083550	F	high
art/candidates/sizzle/r3.png	https://static.wikia.nocookie.net/gensin-impact/images/1/13/Item_Dodoco%27s_Dodo_Stove.png/revision/latest?cb=20220713052044	F	high
art/candidates/combustion_study/r1.png	https://static.wikia.nocookie.net/gensin-impact/images/5/58/Item_Klee_Explosive.png/revision/latest?cb=20201118063513	F	high
art/candidates/combustion_study/r2.png	https://static.wikia.nocookie.net/gensin-impact/images/a/ac/Item_Naganohara_Fireworks_Note.png/revision/latest?cb=20210819153742	F	high
art/candidates/combustion_study/r3.png	https://static.wikia.nocookie.net/gensin-impact/images/0/04/Namecard_Background_Klee_Explosive.png/revision/latest?cb=20210330005344	F	high
art/candidates/perfect_timing/r1.png	https://static.wikia.nocookie.net/gensin-impact/images/0/0a/Icon_Emoji_Paimon%27s_Paintings_25_Klee_3.png/revision/latest?cb=20230717041926	F	high
art/candidates/perfect_timing/r2.png	https://static.wikia.nocookie.net/gensin-impact/images/7/75/Sparkling_Steps_2021-06-09_-_Klee_Emoji_1.png/revision/latest?cb=20211119133031	F	high
art/candidates/perfect_timing/r3.png	https://static.wikia.nocookie.net/gensin-impact/images/7/75/Sparkling_Steps_2021-06-09_-_Klee_Emoji_1.png/revision/latest?cb=20211119133031	F	high
art/candidates/boom_goes_the_dynamite/r1.png	https://static.wikia.nocookie.net/gensin-impact/images/e/ea/Item_Supersized_Firework.png/revision/latest?cb=20210902092338	F	high
art/candidates/boom_goes_the_dynamite/r2.png	https://static.wikia.nocookie.net/gensin-impact/images/d/d5/Kaboom%21_Plunging_Preview.gif/revision/latest?cb=20210603144434	F	high
art/candidates/boom_goes_the_dynamite/r3.png	https://static.wikia.nocookie.net/gensin-impact/images/0/04/Dodoco%27s_Bomb-Tastic_Adventure_Krash-Kaboom_Mine_AoE.png/revision/latest?cb=20231008210028	F	high
art/candidates/flame_dance/r1.png	https://static.wikia.nocookie.net/gensin-impact/images/0/06/Item_Fireworks_Dance_Amidst_a_Snowy_Sky.png/revision/latest?cb=20220126205947	F	high
art/candidates/flame_dance/r2.png	https://static.wikia.nocookie.net/gensin-impact/images/0/05/Klee_Birthday_2025.png/revision/latest?cb=20250727040145	F	high
art/candidates/flame_dance/r3.png	https://static.wikia.nocookie.net/gensin-impact/images/0/05/Klee_Birthday_2025.png/revision/latest?cb=20250727040145	F	high
art/candidates/blazing_delight/r1.png	https://static.wikia.nocookie.net/gensin-impact/images/c/c4/Klee_Character_Card_Golden.png/revision/latest?cb=20230118044035	F	high
art/candidates/blazing_delight/r2.png	https://static.wikia.nocookie.net/gensin-impact/images/8/80/Klee_Multi_Wish.png/revision/latest?cb=20201119223922	F	high
art/candidates/blazing_delight/r3.png	https://static.wikia.nocookie.net/gensin-impact/images/8/80/Klee_Multi_Wish.png/revision/latest?cb=20201119223922	F	high
art/candidates/spirited_away/r1.png	https://static.wikia.nocookie.net/gensin-impact/images/5/5c/Item_Dodoco%27s_Summertime.png/revision/latest?cb=20220713052045	F	high
art/candidates/spirited_away/r2.png	https://static.wikia.nocookie.net/gensin-impact/images/a/a9/Icon_Emoji_Paimon%27s_Paintings_46_Klee_1.png/revision/latest?cb=20260117144601	F	high
art/candidates/spirited_away/r3.png	https://static.wikia.nocookie.net/gensin-impact/images/3/3c/Klee_Birthday_2020_2.png/revision/latest?cb=20240103192737	F	high
ImageGen/images/cards/companions/fischl_nightrider.png	https://static.wikia.nocookie.net/gensin-impact/images/6/66/Stellar_Predator_Equipment_Card.png/revision/latest?cb=20221205102629	F	high
ImageGen/images/cards/companions/kaeya_frostgnaw.png	https://static.wikia.nocookie.net/gensin-impact/images/f/f2/Cold-Blooded_Strike_Equipment_Card.png/revision/latest?cb=20221205102221	F	high
ImageGen/images/cards/companions/sucrose_gust.png	https://static.wikia.nocookie.net/gensin-impact/images/0/08/Chaotic_Entropy_Equipment_Card.png/revision/latest?cb=20221205102214	F	high
ImageGen/images/cards/companions/bennett_passion.png	https://static.wikia.nocookie.net/gensin-impact/images/f/f4/Grand_Expectation_Equipment_Card.png/revision/latest?cb=20221205102341	F	high
ImageGen/images/cards/companions/barbara_melody.png	https://static.wikia.nocookie.net/gensin-impact/images/2/2e/Glorious_Season_Equipment_Card.png/revision/latest?cb=20221205102338	F	high
art/candidates/prune_witch_hunt/r1.png	https://static.wikia.nocookie.net/gensin-impact/images/a/ae/Prune_Wish.png/revision/latest?cb=20260520080122	F	high
art/candidates/prune_witch_hunt/r2.png	https://static.wikia.nocookie.net/gensin-impact/images/d/d0/Prune_Card.png/revision/latest?cb=20260414100530	F	high
art/candidates/prune_witch_hunt/r3.png	https://static.wikia.nocookie.net/gensin-impact/images/d/d3/Character_Prune_Full_Wish.png/revision/latest?cb=20260520033209	F	high
ImageGen/images/powers/aura_pyro.png	https://static.wikia.nocookie.net/gensin-impact/images/2/2c/Element_Pyro.svg/revision/latest?cb=20240401115510	F	medium
ImageGen/images/powers/aura_hydro.png	https://static.wikia.nocookie.net/gensin-impact/images/8/80/Element_Hydro.svg/revision/latest?cb=20240401115449	F	medium
ImageGen/images/powers/aura_cryo.png	https://static.wikia.nocookie.net/gensin-impact/images/7/72/Element_Cryo.svg/revision/latest?cb=20240401115157	F	medium
ImageGen/images/powers/aura_electro.png	https://static.wikia.nocookie.net/gensin-impact/images/f/ff/Element_Electro.svg/revision/latest?cb=20240401115329	F	medium
ImageGen/images/powers/aura_anemo.png	https://static.wikia.nocookie.net/gensin-impact/images/1/10/Element_Anemo.svg/revision/latest?cb=20240401115016	F	medium
ImageGen/images/powers/aura_geo.png	https://static.wikia.nocookie.net/gensin-impact/images/9/9b/Element_Geo.svg/revision/latest?cb=20240401115352	F	medium
ImageGen/images/powers/bomb.png	https://static.wikia.nocookie.net/gensin-impact/images/5/5c/Item_Special_Jumpy_Dumpty_Dodoco.png/revision/latest?cb=20231007215053	F	medium
ImageGen/images/powers/spark.png	https://static.wikia.nocookie.net/gensin-impact/images/3/31/Sparks_%27n%27_Splash_Buff_Icon.png/revision/latest?cb=20240508201741	F	medium
ImageGen/images/relics/pounding_surprise.png	https://static.wikia.nocookie.net/gensin-impact/images/6/68/Pounding_Surprise_Equipment_Card.png/revision/latest?cb=20230131135328	F	medium
ImageGen/images/ui/select_portrait.png	https://static.wikia.nocookie.net/gensin-impact/images/8/88/Character_Klee_Full_Wish.png/revision/latest?cb=20220507125530	F	low
ImageGen/images/ui/char_icon.png	https://static.wikia.nocookie.net/gensin-impact/images/9/9c/Klee_Icon.png/revision/latest?cb=20210214011911	F	low
ImageGen/images/ui/energy_icon_74.png	https://static.wikia.nocookie.net/gensin-impact/images/2/2c/Element_Pyro.svg/revision/latest?cb=20240401115510	F	low
ImageGen/images/ui/energy_icon_22.png	https://static.wikia.nocookie.net/gensin-impact/images/2/2c/Element_Pyro.svg/revision/latest?cb=20240401115510	F	low
ImageGen/images/ui/map_marker.png	https://static.wikia.nocookie.net/gensin-impact/images/b/ba/Klee_Side_Icon.png/revision/latest?cb=20220223031057	F	low
ImageGen/images/ui/selection_splash.png	https://static.wikia.nocookie.net/gensin-impact/images/f/f4/Klee_Wish.png/revision/latest?cb=20231214215745	F	high
ImageGen/images/model/character_klee_full_wish.png	https://static.wikia.nocookie.net/gensin-impact/images/8/88/Character_Klee_Full_Wish.png/revision/latest?cb=20220507125530	F	high
ImageGen/images/model/klee_character_card.png	https://static.wikia.nocookie.net/gensin-impact/images/d/d4/Klee_Character_Card.png/revision/latest?cb=20230118043948	F	high
ImageGen/images/cards/klee/double_pop.png	https://static.wikia.nocookie.net/gensin-impact/images/e/e4/Dodoco%27s_Bomb-Tastic_Adventure_Mint_Jelly_Jumpy_Dumpty.png/revision/latest?cb=20231007050556	F	high
ImageGen/images/cards/klee/alchemical_curiosity.png	https://static.wikia.nocookie.net/gensin-impact/images/a/ac/Item_Naganohara_Fireworks_Note.png/revision/latest?cb=20210819153742	F	high
ImageGen/images/cards/klee/run_away.png	https://static.wikia.nocookie.net/gensin-impact/images/a/a9/Icon_Emoji_Paimon%27s_Paintings_46_Klee_1.png/revision/latest?cb=20260117144601	F	high
ImageGen/images/cards/klee/jumpy_dumpty_mk2.png	https://static.wikia.nocookie.net/gensin-impact/images/8/83/JTP_Encounter_Jumpy_Dumpty.png/revision/latest?cb=20220817061719	F	high
ImageGen/images/cards/klee/bombs_away.png	https://static.wikia.nocookie.net/gensin-impact/images/d/d5/Kaboom%21_Plunging_Preview.gif/revision/latest?cb=20210603144434	F	high
ImageGen/images/cards/klee/cluster_charge.png	https://static.wikia.nocookie.net/gensin-impact/images/4/43/Starlit_Sky_Firework_Card_10.png/revision/latest?cb=20230205063139	F	high
ImageGen/images/cards/klee/flame_on_the_wick.png	https://static.wikia.nocookie.net/gensin-impact/images/0/01/Item_Leisurely_Fireworks.png/revision/latest?cb=20220330091604	F	high
ImageGen/images/cards/klee/no_holding_back.png	https://static.wikia.nocookie.net/gensin-impact/images/8/80/Klee_Multi_Wish.png/revision/latest?cb=20201119223922	F	high
ImageGen/images/cards/klee/snap.png	https://static.wikia.nocookie.net/gensin-impact/images/b/bf/Icon_Emoji_Paimon%27s_Paintings_25_Klee_1.png/revision/latest?cb=20230717041928	F	high
ImageGen/images/cards/klee/da_da_da.png	https://static.wikia.nocookie.net/gensin-impact/images/e/e9/Icon_Emoji_Paimon%27s_Paintings_07_Klee_2.png/revision/latest?cb=20211231163516	F	high
ImageGen/images/cards/klee/warm_glow.png	https://static.wikia.nocookie.net/gensin-impact/images/f/f3/Klee_Birthday_2023.png/revision/latest?cb=20230727041811	F	high
ImageGen/images/cards/klee/all_my_treasures.png	https://static.wikia.nocookie.net/gensin-impact/images/7/75/Item_Dodoco%27s_Collection_Cupboard.png/revision/latest?cb=20220713052040	F	high
ImageGen/images/cards/klee/hot_hands.png	https://static.wikia.nocookie.net/gensin-impact/images/a/a7/Constellation_Nova_Burst.png/revision/latest?cb=20210607083550	F	high
art/candidates/da_da_da/r1.png	https://static.wikia.nocookie.net/gensin-impact/images/7/7b/Icon_Emoji_Paimon%27s_Paintings_07_Klee_1.png/revision/latest?cb=20211231163504	F	high
art/candidates/da_da_da/r2.png	https://static.wikia.nocookie.net/gensin-impact/images/d/d5/Sparkling_Steps_2021-06-09_-_Klee_Emoji_3.png/revision/latest?cb=20211119133028	F	high
art/candidates/hot_hands/r1.png	https://static.wikia.nocookie.net/gensin-impact/images/e/e3/Klee_Birthday_2020.png/revision/latest?cb=20201125190326	F	high
art/candidates/hot_hands/r2.png	https://static.wikia.nocookie.net/gensin-impact/images/2/24/Sparkling_Steps_2021-06-09_-_Klee_Emoji_2.png/revision/latest?cb=20211119133034	F	high
art/candidates/dahlia_sacramental_shower/r1.png	https://static.wikia.nocookie.net/gensin-impact/images/0/05/Dahlia_Character_Card.png/revision/latest?cb=20260408140028	F	high
art/candidates/dahlia_sacramental_shower/r2.png	https://static.wikia.nocookie.net/gensin-impact/images/6/65/Dahlia_Wish.png/revision/latest?cb=20250618025615	F	high
art/candidates/dahlia_sacramental_shower/r3.png	https://static.wikia.nocookie.net/gensin-impact/images/e/eb/Character_Dahlia_Full_Wish.png/revision/latest?cb=20250618072914	F	high
ImageGen/images/cards/klee/blast_radius.png	https://static.wikia.nocookie.net/gensin-impact/images/0/0f/Starlit_Sky_Firework_Card_2.png/revision/latest?cb=20230205063132	F	high
ImageGen/images/ui/select_bg.png	https://static.wikia.nocookie.net/gensin-impact/images/0/04/Namecard_Background_Klee_Explosive.png/revision/latest?cb=20210330005344	F	low
ImageGen/images/model/combat_model.png	https://static.wikia.nocookie.net/gensin-impact/images/8/88/Character_Klee_Full_Wish.png/revision/latest?cb=20220507125530	F	high
art/candidates/kaboom_beetle_swarm/r1.png	https://static.wikia.nocookie.net/gensin-impact/images/5/5e/Dodoco%27s_Bomb-Tastic_Adventure_Tomato_Pepper_Jumpy_Dumpty_AoE.png/revision/latest?cb=20231007202439	F	high
art/candidates/elemental_ecstasy/r1.png	https://static.wikia.nocookie.net/gensin-impact/images/0/05/Klee_Birthday_2025.png/revision/latest?cb=20250727040145	F	high
art/candidates/clockwork_toy/r1.png	https://static.wikia.nocookie.net/gensin-impact/images/1/17/Item_Imaginary_Friend_Dodoco.png/revision/latest?cb=20260524210028	F	high
art/candidates/spark_knight_style/r1.png	https://static.wikia.nocookie.net/gensin-impact/images/d/d4/Klee_Character_Card.png/revision/latest?cb=20230118043948	F	high
art/candidates/catalytic_conversion/r1.png	https://static.wikia.nocookie.net/gensin-impact/images/9/95/Item_Dodoco%27s_Marvelous_Magic.png/revision/latest?cb=20250929050444	F	high
art/candidates/explosive_frags/r1.png	https://static.wikia.nocookie.net/gensin-impact/images/0/04/Dodoco%27s_Bomb-Tastic_Adventure_Krash-Kaboom_Mine_AoE.png/revision/latest?cb=20231008210028	F	high
art/candidates/true_spark_knight/r1.png	https://static.wikia.nocookie.net/gensin-impact/images/c/c4/Klee_Character_Card_Golden.png/revision/latest?cb=20230118044035	F	high
art/candidates/vermillion_pact/r1.png	https://static.wikia.nocookie.net/gensin-impact/images/0/04/Item_Dodoco%27s_Duet.png/revision/latest?cb=20260302235918	F	high
art/candidates/playtime_forever/r1.png	https://static.wikia.nocookie.net/gensin-impact/images/2/20/Item_Let%27s_Go%2C_Dodoco%21.png/revision/latest?cb=20220407055552	F	high
ImageGen/images/powers/burst.png	https://static.wikia.nocookie.net/gensin-impact/images/a/a7/Item_Jumbo_Sparks_%27n%27_Splash_Statue.png/revision/latest?cb=20260226034052	F	medium
ImageGen/images/powers/bomb_damage_up.png	https://static.wikia.nocookie.net/gensin-impact/images/2/2e/Item_Kaboom_Box.png/revision/latest?cb=20240930175733	F	medium
ImageGen/images/powers/detonation_splash.png	https://static.wikia.nocookie.net/gensin-impact/images/b/bb/Constellation_Blazing_Delight.png/revision/latest?cb=20210607081931	F	medium
ImageGen/images/powers/detonation_vuln.png	https://static.wikia.nocookie.net/gensin-impact/images/e/e0/Constellation_Explosive_Frags.png/revision/latest?cb=20210607082612	F	medium
ImageGen/images/powers/bomb_and_spark_per_turn.png	https://static.wikia.nocookie.net/gensin-impact/images/2/20/Item_Let%27s_Go%2C_Dodoco%21.png/revision/latest?cb=20220407055552	F	medium
ImageGen/images/powers/spark_per_turn.png	https://static.wikia.nocookie.net/gensin-impact/images/3/37/Item_Slumbering_Fireworks.png/revision/latest?cb=20220330091548	F	medium
ImageGen/images/powers/zero_cost_attacks_up.png	https://static.wikia.nocookie.net/gensin-impact/images/a/a7/Constellation_Nova_Burst.png/revision/latest?cb=20210607083550	F	medium
ImageGen/images/powers/spark_threshold_down.png	https://static.wikia.nocookie.net/gensin-impact/images/c/c8/Item_Sparkly_Shiny_Dodoco%21.png/revision/latest?cb=20220125041945	F	medium
ImageGen/images/powers/reaction_bonus_spark_energy.png	https://static.wikia.nocookie.net/gensin-impact/images/9/95/Item_Dodoco%27s_Marvelous_Magic.png/revision/latest?cb=20250929050444	F	medium
ImageGen/images/powers/amp_reaction_up.png	https://static.wikia.nocookie.net/gensin-impact/images/0/04/Item_Dodoco%27s_Duet.png/revision/latest?cb=20260302235918	F	medium
ImageGen/images/powers/sparks_n_splash.png	https://static.wikia.nocookie.net/gensin-impact/images/6/64/Talent_Sparks_%27n%27_Splash.png/revision/latest?cb=20210607092004	F	medium
art/candidates/secret_stash/r1.png	https://static.wikia.nocookie.net/gensin-impact/images/2/2e/Item_Kaboom_Box.png/revision/latest?cb=20240930175733	F	high
art/candidates/bright_idea/r2.png	https://static.wikia.nocookie.net/gensin-impact/images/4/48/Icon_Emoji_Paimon%27s_Paintings_07_Klee_3.png/revision/latest?cb=20211231163452	F	high
art/candidates/bright_idea/r3.png	https://static.wikia.nocookie.net/gensin-impact/images/7/75/Sparkling_Steps_2021-06-09_-_Klee_Emoji_1.png/revision/latest?cb=20211119133031	F	high
art/candidates/soloists_solicitation/r1.png	https://static.wikia.nocookie.net/gensin-impact/images/e/ed/Soloist%27s_Prologue_Computer_Graphic.png/revision/latest?cb=20230826032432	F	high
art/candidates/soloists_solicitation/r2.png	https://static.wikia.nocookie.net/gensin-impact/images/3/3d/Character_Furina_Game_%28Ousia%29.png/revision/latest?cb=20241004004628	F	high
art/candidates/soloists_solicitation/r3.png	https://static.wikia.nocookie.net/gensin-impact/images/7/7c/Furina_Character_Details_1.png/revision/latest?cb=20231105043234	F	high
art/candidates/stage_presence/r1.png	https://static.wikia.nocookie.net/gensin-impact/images/6/62/Furina_Portrait.png/revision/latest?cb=20260302152906	F	high
art/candidates/stage_presence/r2.png	https://static.wikia.nocookie.net/gensin-impact/images/2/27/Furina_Card.png/revision/latest?cb=20230925100151	F	high
art/candidates/stage_presence/r3.png	https://static.wikia.nocookie.net/gensin-impact/images/f/f1/Furina_Character_Details_2.png/revision/latest?cb=20231105043017	F	high
art/candidates/regal_bearing/r1.png	https://static.wikia.nocookie.net/gensin-impact/images/a/ac/Furina_Character_Card.png/revision/latest?cb=20240528044514	F	high
art/candidates/regal_bearing/r2.png	https://static.wikia.nocookie.net/gensin-impact/images/9/9e/Furina_Expression_1.png/revision/latest?cb=20231122103742	F	high
art/candidates/regal_bearing/r3.png	https://static.wikia.nocookie.net/gensin-impact/images/a/a0/Furina_Introduction_Banner.png/revision/latest?cb=20230926041156	F	high
art/candidates/aria_of_recompense/r1.png	https://static.wikia.nocookie.net/gensin-impact/images/2/27/La_vaguelette.png/revision/latest?cb=20231210002831	F	high
art/candidates/aria_of_recompense/r2.png	https://static.wikia.nocookie.net/gensin-impact/images/5/57/Chanson_of_Many_Waters.png/revision/latest?cb=20240721112242	F	high
art/candidates/aria_of_recompense/r3.png	https://static.wikia.nocookie.net/gensin-impact/images/2/27/Furina_Character_Notes_1_5.png/revision/latest?cb=20250301040222	F	high
art/candidates/salon_debut/r1.png	https://static.wikia.nocookie.net/gensin-impact/images/4/47/Salon_Members_Summon.png/revision/latest?cb=20240605201126	F	high
art/candidates/salon_debut/r2.png	https://static.wikia.nocookie.net/gensin-impact/images/0/05/Salon_Solitaire_Salon_Members_Preview.gif/revision/latest?cb=20231110050929	F	high
art/candidates/salon_debut/r3.png	https://static.wikia.nocookie.net/gensin-impact/images/2/25/Opera_Epiclese.png/revision/latest?cb=20240428170211	F	high
art/candidates/graceful_retreat/r1.png	https://static.wikia.nocookie.net/gensin-impact/images/f/f6/Furina_Expression_2.png/revision/latest?cb=20231122103740	F	high
art/candidates/graceful_retreat/r2.png	https://static.wikia.nocookie.net/gensin-impact/images/9/93/Savoring_the_Breeze_Furina.png/revision/latest?cb=20240501205815	F	high
art/candidates/graceful_retreat/r3.png	https://static.wikia.nocookie.net/gensin-impact/images/9/93/Savoring_the_Breeze_Furina.png/revision/latest?cb=20240501205815	F	high
art/candidates/poised_riposte/r1.png	https://static.wikia.nocookie.net/gensin-impact/images/4/4c/On-Hit_Effect_Furina.png/revision/latest?cb=20231211021909	F	high
art/candidates/poised_riposte/r2.png	https://static.wikia.nocookie.net/gensin-impact/images/d/d3/Character_Furina_Game_%28Pneuma%29.png/revision/latest?cb=20241004004643	F	high
art/candidates/poised_riposte/r3.png	https://static.wikia.nocookie.net/gensin-impact/images/0/0e/Furina_Character_Details_8.png/revision/latest?cb=20231105043030	F	high
art/candidates/commanding_gaze/r1.png	https://static.wikia.nocookie.net/gensin-impact/images/f/f0/Furina_Expression_3.png/revision/latest?cb=20231122103658	F	high
art/candidates/commanding_gaze/r2.png	https://static.wikia.nocookie.net/gensin-impact/images/9/9e/Furina_Expression_1.png/revision/latest?cb=20231122103742	F	high
art/candidates/commanding_gaze/r3.png	https://static.wikia.nocookie.net/gensin-impact/images/9/96/Furina_Card_2.png/revision/latest?cb=20231106021937	F	high
art/candidates/witness_stand/r1.png	https://static.wikia.nocookie.net/gensin-impact/images/0/0c/Opera_Epiclese_Courtroom.png/revision/latest?cb=20240428175213	F	high
art/candidates/witness_stand/r2.png	https://static.wikia.nocookie.net/gensin-impact/images/6/63/Opera_Epiclese_-_Furina%27s_Seat.png/revision/latest?cb=20230923182506	F	high
art/candidates/witness_stand/r3.png	https://static.wikia.nocookie.net/gensin-impact/images/6/63/Opera_Epiclese_-_Furina%27s_Seat.png/revision/latest?cb=20230923182506	F	high
art/candidates/macaron_break/r1.png	https://static.wikia.nocookie.net/gensin-impact/images/b/bc/Item_Rainbow_Macarons.png/revision/latest?cb=20231220031721	F	high
art/candidates/macaron_break/r2.png	https://static.wikia.nocookie.net/gensin-impact/images/2/23/Rainbow_Macarons_Event_Card.png/revision/latest?cb=20240425213553	F	high
art/candidates/macaron_break/r3.png	https://static.wikia.nocookie.net/gensin-impact/images/8/80/Item_Furina_Banquet.png/revision/latest?cb=20231108032121	F	high
art/candidates/swelling_overture/r1.png	https://static.wikia.nocookie.net/gensin-impact/images/2/2d/Chanson_of_Many_Waters_2024-06-25_-_Furina_Shorts.png/revision/latest?cb=20240627025107	F	high
art/candidates/swelling_overture/r2.png	https://static.wikia.nocookie.net/gensin-impact/images/0/00/Furina_Introduction_Card.png/revision/latest?cb=20230925100419	F	high
art/candidates/swelling_overture/r3.png	https://static.wikia.nocookie.net/gensin-impact/images/0/00/Furina_Introduction_Card.png/revision/latest?cb=20230925100419	F	high
art/candidates/undercurrent/r1.png	https://static.wikia.nocookie.net/gensin-impact/images/6/60/Furina_Special_Program_Chibi.png/revision/latest?cb=20241012040124	F	high
art/candidates/undercurrent/r2.png	https://static.wikia.nocookie.net/gensin-impact/images/e/e9/Furina_Vision.png/revision/latest?cb=20231110083921	F	high
art/candidates/undercurrent/r3.png	https://static.wikia.nocookie.net/gensin-impact/images/4/4c/On-Hit_Effect_Furina.png/revision/latest?cb=20231211021909	F	high
art/candidates/fortissimo_guard/r1.png	https://static.wikia.nocookie.net/gensin-impact/images/1/18/Furina_Profile.png/revision/latest?cb=20231106041436	F	high
art/candidates/fortissimo_guard/r2.png	https://static.wikia.nocookie.net/gensin-impact/images/f/f8/Furina_Multi_Wish.png/revision/latest?cb=20231108031549	F	high
art/candidates/fortissimo_guard/r3.png	https://static.wikia.nocookie.net/gensin-impact/images/6/6d/Furina_Wallpaper_without_Watermark.png/revision/latest?cb=20231112102405	F	high
art/candidates/courtroom_drama/r1.png	https://static.wikia.nocookie.net/gensin-impact/images/0/0c/Opera_Epiclese_Courtroom.png/revision/latest?cb=20240428175213	F	high
art/candidates/courtroom_drama/r2.png	https://static.wikia.nocookie.net/gensin-impact/images/0/0c/Opera_Epiclese_Courtroom.png/revision/latest?cb=20240428175213	F	high
art/candidates/courtroom_drama/r3.png	https://static.wikia.nocookie.net/gensin-impact/images/7/78/Furina_Character_Notes_2_1.png/revision/latest?cb=20251021125551	F	high
art/candidates/quick_change/r1.png	https://static.wikia.nocookie.net/gensin-impact/images/1/15/Fragrant_Fantasy_Furina_1.png/revision/latest?cb=20240709062329	F	high
art/candidates/quick_change/r2.png	https://static.wikia.nocookie.net/gensin-impact/images/5/57/Fragrant_Fantasy_Furina_2.png/revision/latest?cb=20240709082819	F	high
art/candidates/quick_change/r3.png	https://static.wikia.nocookie.net/gensin-impact/images/a/a9/Fragrant_Fantasy_Furina_3.png/revision/latest?cb=20240709082836	F	high
art/candidates/deep_breath/r1.png	https://static.wikia.nocookie.net/gensin-impact/images/1/18/Furina_Profile.png/revision/latest?cb=20231106041436	F	high
art/candidates/deep_breath/r2.png	https://static.wikia.nocookie.net/gensin-impact/images/1/17/Tea_Time_Furina_Preview.png/revision/latest?cb=20260102182422	F	high
art/candidates/deep_breath/r3.png	https://static.wikia.nocookie.net/gensin-impact/images/a/ad/New_Year%27s_Advice_from_Teyvat_Furina.png/revision/latest?cb=20251231043712	F	high
art/candidates/let_the_people_rejoice/r1.png	https://static.wikia.nocookie.net/gensin-impact/images/f/f8/Furina_Multi_Wish.png/revision/latest?cb=20231108031549	F	high
art/candidates/let_the_people_rejoice/r2.png	https://static.wikia.nocookie.net/gensin-impact/images/9/94/Character_Furina_Full_Wish.png/revision/latest?cb=20231108064320	F	high
art/candidates/let_the_people_rejoice/r3.png	https://static.wikia.nocookie.net/gensin-impact/images/1/1c/Salon_Solitaire_Pneuma_Preview.gif/revision/latest?cb=20231110050927	F	high
art/candidates/encore_performance/r1.png	https://static.wikia.nocookie.net/gensin-impact/images/6/6d/Furina_Wallpaper_without_Watermark.png/revision/latest?cb=20231112102405	F	high
art/candidates/encore_performance/r2.png	https://static.wikia.nocookie.net/gensin-impact/images/d/d2/Furina_Introduction_Card_2.png/revision/latest?cb=20231106022234	F	high
art/candidates/encore_performance/r3.png	https://static.wikia.nocookie.net/gensin-impact/images/d/d4/Coronated_Prima_Donna_Pneuma_Turnaround.png/revision/latest?cb=20240311061705	F	high
art/candidates/singer_of_many_waters/r1.png	https://static.wikia.nocookie.net/gensin-impact/images/5/57/Chanson_of_Many_Waters.png/revision/latest?cb=20240721112242	F	high
art/candidates/singer_of_many_waters/r2.png	https://static.wikia.nocookie.net/gensin-impact/images/d/d3/Character_Furina_Game_%28Pneuma%29.png/revision/latest?cb=20241004004643	F	high
art/candidates/singer_of_many_waters/r3.png	https://static.wikia.nocookie.net/gensin-impact/images/d/d3/Character_Furina_Game_%28Pneuma%29.png/revision/latest?cb=20241004004643	F	high
art/candidates/unheard_confession/r1.png	https://static.wikia.nocookie.net/gensin-impact/images/7/7f/Starlit_Letter_Portrait_Furina.png/revision/latest?cb=20240118213127	F	high
art/candidates/unheard_confession/r2.png	https://static.wikia.nocookie.net/gensin-impact/images/2/27/La_vaguelette.png/revision/latest?cb=20231210002831	F	high
art/candidates/unheard_confession/r3.png	https://static.wikia.nocookie.net/gensin-impact/images/2/27/Furina_Character_Notes_1_5.png/revision/latest?cb=20250301040222	F	high
art/candidates/endless_waltz/r1.png	https://static.wikia.nocookie.net/gensin-impact/images/0/05/Salon_Solitaire_Salon_Members_Preview.gif/revision/latest?cb=20231110050929	F	high
art/candidates/endless_waltz/r2.png	https://static.wikia.nocookie.net/gensin-impact/images/c/c5/Salon_Solitaire_Water_Walk_Preview.gif/revision/latest?cb=20231110050931	F	high
art/candidates/endless_waltz/r3.png	https://static.wikia.nocookie.net/gensin-impact/images/7/7f/Furina_Character_Notes_2_2.png/revision/latest?cb=20251021125554	F	high
art/candidates/grand_gala/r1.png	https://static.wikia.nocookie.net/gensin-impact/images/2/25/Opera_Epiclese.png/revision/latest?cb=20240428170211	F	high
art/candidates/grand_gala/r2.png	https://static.wikia.nocookie.net/gensin-impact/images/8/80/Item_Furina_Banquet.png/revision/latest?cb=20231108032121	F	high
art/candidates/grand_gala/r3.png	https://static.wikia.nocookie.net/gensin-impact/images/8/80/Item_Furina_Banquet.png/revision/latest?cb=20231108032121	F	high
art/candidates/the_sea_is_my_stage/r1.png	https://static.wikia.nocookie.net/gensin-impact/images/2/27/Furina_Card.png/revision/latest?cb=20230925100151	F	high
art/candidates/the_sea_is_my_stage/r2.png	https://static.wikia.nocookie.net/gensin-impact/images/6/6d/Furina_Wallpaper_without_Watermark.png/revision/latest?cb=20231112102405	F	high
art/candidates/the_sea_is_my_stage/r3.png	https://static.wikia.nocookie.net/gensin-impact/images/6/6d/Furina_Wallpaper_without_Watermark.png/revision/latest?cb=20231112102405	F	high
art/candidates/universal_revelry/r1.png	https://static.wikia.nocookie.net/gensin-impact/images/0/0f/2024_7_5_amusement_park_art.png/revision/latest?cb=20250609032428	F	high
art/candidates/universal_revelry/r2.png	https://static.wikia.nocookie.net/gensin-impact/images/0/01/Tabletop_Troupe_Pros_Furina.png/revision/latest?cb=20240610085647	F	high
art/candidates/universal_revelry/r3.png	https://static.wikia.nocookie.net/gensin-impact/images/0/06/Seville_Fair_2024.png/revision/latest?cb=20240423235410	F	high
art/candidates/star_of_the_show/r1.png	https://static.wikia.nocookie.net/gensin-impact/images/5/51/Furina_Wish.png/revision/latest?cb=20231108031329	F	high
art/candidates/star_of_the_show/r2.png	https://static.wikia.nocookie.net/gensin-impact/images/7/79/Starlight_Reverie_Wallpaper_Furina.png/revision/latest?cb=20241004130246	F	high
art/candidates/star_of_the_show/r3.png	https://static.wikia.nocookie.net/gensin-impact/images/8/8e/Furina_Introduction_Banner_2.png/revision/latest?cb=20231106203307	F	high
art/candidates/prima_donna/r1.png	https://static.wikia.nocookie.net/gensin-impact/images/e/ec/Furina_Character_Card_Platinum.png/revision/latest?cb=20250716012511	F	high
art/candidates/prima_donna/r2.png	https://static.wikia.nocookie.net/gensin-impact/images/6/6d/Coronated_Prima_Donna_Ousia_Turnaround.png/revision/latest?cb=20240311054900	F	high
art/candidates/prima_donna/r3.png	https://static.wikia.nocookie.net/gensin-impact/images/7/7f/Starlit_Letter_Portrait_Furina.png/revision/latest?cb=20240118213127	F	high
art/candidates/high_tide/r1.png	https://static.wikia.nocookie.net/gensin-impact/images/5/57/Fragrant_Fantasy_Furina_2.png/revision/latest?cb=20240709082819	F	high
art/candidates/high_tide/r2.png	https://static.wikia.nocookie.net/gensin-impact/images/4/4c/On-Hit_Effect_Furina.png/revision/latest?cb=20231211021909	F	high
art/candidates/high_tide/r3.png	https://static.wikia.nocookie.net/gensin-impact/images/f/f0/Furina_Character_Details_9.png/revision/latest?cb=20231105043032	F	high
art/candidates/rain_of_roses/r1.png	https://static.wikia.nocookie.net/gensin-impact/images/2/2f/Furina_Birthday_2024.png/revision/latest?cb=20241013040223	F	high
art/candidates/rain_of_roses/r2.png	https://static.wikia.nocookie.net/gensin-impact/images/b/b3/Furina_Birthday_2025.png/revision/latest?cb=20251013040126	F	high
art/candidates/rain_of_roses/r3.png	https://static.wikia.nocookie.net/gensin-impact/images/b/b3/Furina_Birthday_2025.png/revision/latest?cb=20251013040126	F	high
art/candidates/the_final_verdict/r1.png	https://static.wikia.nocookie.net/gensin-impact/images/0/0e/Opera_Epiclese_%28The_Final_Feast%29.png/revision/latest?cb=20230703224746	F	high
art/candidates/the_final_verdict/r2.png	https://static.wikia.nocookie.net/gensin-impact/images/0/0c/Opera_Epiclese_Courtroom.png/revision/latest?cb=20240428175213	F	high
art/candidates/the_final_verdict/r3.png	https://static.wikia.nocookie.net/gensin-impact/images/c/cb/Splashscreen_Masquerade_of_the_Guilty.png/revision/latest?cb=20231107232412	F	high
art/candidates/command_performance/r1.png	https://static.wikia.nocookie.net/gensin-impact/images/9/94/Character_Furina_Full_Wish.png/revision/latest?cb=20231108064320	F	high
art/candidates/command_performance/r2.png	https://static.wikia.nocookie.net/gensin-impact/images/6/60/Furina_Special_Program_Chibi.png/revision/latest?cb=20241012040124	F	high
art/candidates/command_performance/r3.png	https://static.wikia.nocookie.net/gensin-impact/images/6/60/Furina_Special_Program_Chibi.png/revision/latest?cb=20241012040124	F	high
art/candidates/reginas_mercy/r1.png	https://static.wikia.nocookie.net/gensin-impact/images/9/96/Furina_Card_2.png/revision/latest?cb=20231106021937	F	high
art/candidates/reginas_mercy/r2.png	https://static.wikia.nocookie.net/gensin-impact/images/7/7f/Starlit_Letter_Portrait_Furina.png/revision/latest?cb=20240118213127	F	high
art/candidates/reginas_mercy/r3.png	https://static.wikia.nocookie.net/gensin-impact/images/7/7f/Starlit_Letter_Portrait_Furina.png/revision/latest?cb=20240118213127	F	high
art/candidates/gentilhomme_usher/r1.png	https://static.wikia.nocookie.net/gensin-impact/images/c/c4/Salon_Solitaire_Ousia_Preview.gif/revision/latest?cb=20231110050923	F	high
art/candidates/gentilhomme_usher/r2.png	https://static.wikia.nocookie.net/gensin-impact/images/3/38/Salon_Solitaire_Plunging_Water_Preview.gif/revision/latest?cb=20231110050925	F	high
art/candidates/gentilhomme_usher/r3.png	https://static.wikia.nocookie.net/gensin-impact/images/f/fa/Namecard_Background_Furina_Banquet.png/revision/latest?cb=20231108032045	F	high
art/candidates/surintendante_chevalmarin/r1.png	https://static.wikia.nocookie.net/gensin-impact/images/4/4f/Item_Film_Stand_Surintendante_Chevalmarin.png/revision/latest?cb=20250511030707	F	high
art/candidates/surintendante_chevalmarin/r2.png	https://static.wikia.nocookie.net/gensin-impact/images/c/c4/Salon_Solitaire_Ousia_Preview.gif/revision/latest?cb=20231110050923	F	high
art/candidates/surintendante_chevalmarin/r3.png	https://static.wikia.nocookie.net/gensin-impact/images/d/d1/Chevalmarin_Film_Fantasyland.png/revision/latest?cb=20250525191601	F	high
art/candidates/mademoiselle_crabaletta/r1.png	https://static.wikia.nocookie.net/gensin-impact/images/3/38/Salon_Solitaire_Plunging_Water_Preview.gif/revision/latest?cb=20231110050925	F	high
art/candidates/mademoiselle_crabaletta/r2.png	https://static.wikia.nocookie.net/gensin-impact/images/1/1c/Salon_Solitaire_Pneuma_Preview.gif/revision/latest?cb=20231110050927	F	high
art/candidates/mademoiselle_crabaletta/r3.png	https://static.wikia.nocookie.net/gensin-impact/images/0/0c/Furina_Character_Notes_1_1.png/revision/latest?cb=20250301040214	F	high
art/candidates/dinner_service/r1.png	https://static.wikia.nocookie.net/gensin-impact/images/f/fa/Namecard_Background_Furina_Banquet.png/revision/latest?cb=20231108032045	F	high
art/candidates/dinner_service/r2.png	https://static.wikia.nocookie.net/gensin-impact/images/8/80/Item_Furina_Banquet.png/revision/latest?cb=20231108032121	F	high
art/candidates/dinner_service/r3.png	https://static.wikia.nocookie.net/gensin-impact/images/8/8b/Astra_Carnival_Cat%27s_Tail_Gathering_2024_S4_Artwork.png/revision/latest?cb=20240612124732	F	high
art/candidates/usher_the_waves/r1.png	https://static.wikia.nocookie.net/gensin-impact/images/2/22/Archon_Quest_When_All_Return_to_the_Waters.png/revision/latest?cb=20231208003421	F	high
art/candidates/usher_the_waves/r2.png	https://static.wikia.nocookie.net/gensin-impact/images/b/b8/Calamitous_Tread_Graphic_2.png/revision/latest?cb=20230929043726	F	high
art/candidates/usher_the_waves/r3.png	https://static.wikia.nocookie.net/gensin-impact/images/7/75/A_Wish_For_Smooth_Sailing_Quest_Still_1.png/revision/latest?cb=20250518021919	F	high
art/candidates/torrential_turn/r1.png	https://static.wikia.nocookie.net/gensin-impact/images/c/ce/Calamitous_Tread_Graphic_3.png/revision/latest?cb=20230929043728	F	high
art/candidates/torrential_turn/r2.png	https://static.wikia.nocookie.net/gensin-impact/images/b/b8/Calamitous_Tread_Graphic_2.png/revision/latest?cb=20230929043726	F	high
art/candidates/torrential_turn/r3.png	https://static.wikia.nocookie.net/gensin-impact/images/0/02/Apocalypse_Still_1.png/revision/latest?cb=20240122125140	F	high
art/candidates/matinee_performance/r1.png	https://static.wikia.nocookie.net/gensin-impact/images/e/e6/Furina_Shorts_2023-11-21.png/revision/latest?cb=20231121053015	F	high
art/candidates/matinee_performance/r2.png	https://static.wikia.nocookie.net/gensin-impact/images/2/2d/Chanson_of_Many_Waters_2024-06-25_-_Furina_Shorts.png/revision/latest?cb=20240627025107	F	high
art/candidates/matinee_performance/r3.png	https://static.wikia.nocookie.net/gensin-impact/images/2/2d/Chanson_of_Many_Waters_2024-06-25_-_Furina_Shorts.png/revision/latest?cb=20240627025107	F	high
art/candidates/rising_tide/r1.png	https://static.wikia.nocookie.net/gensin-impact/images/e/ec/A_Wish_For_Smooth_Sailing_Quest_Still_2.png/revision/latest?cb=20250518022008	F	high
art/candidates/rising_tide/r2.png	https://static.wikia.nocookie.net/gensin-impact/images/7/73/Calamitous_Tread_Graphic_4.png/revision/latest?cb=20230929043730	F	high
art/candidates/rising_tide/r3.png	https://static.wikia.nocookie.net/gensin-impact/images/0/02/Apocalypse_Still_1.png/revision/latest?cb=20240122125140	F	high
art/candidates/house_call/r1.png	https://static.wikia.nocookie.net/gensin-impact/images/1/17/Tea_Time_Furina_Preview.png/revision/latest?cb=20260102182422	F	high
art/candidates/house_call/r2.png	https://static.wikia.nocookie.net/gensin-impact/images/4/44/Suddenly_the_Rain_Stops_2_2.png/revision/latest?cb=20230922062847	F	high
art/candidates/house_call/r3.png	https://static.wikia.nocookie.net/gensin-impact/images/b/bf/Savoring_the_Breeze_Wallpaper_Furina.png/revision/latest?cb=20240501222218	F	high
art/candidates/curtain_up/r1.png	https://static.wikia.nocookie.net/gensin-impact/images/1/1a/Opera_Epiclese_-_After_The_Forgotten_Thief.png/revision/latest?cb=20230923182608	F	high
art/candidates/curtain_up/r2.png	https://static.wikia.nocookie.net/gensin-impact/images/0/05/Ride_the_Waves_to_a_Rendezvous_in_Fontaine_Opera_Epiclese_Concept_Art_1.png/revision/latest?cb=20230904084529	F	high
art/candidates/curtain_up/r3.png	https://static.wikia.nocookie.net/gensin-impact/images/9/9b/Opera_Epiclese_Support_Card.png/revision/latest?cb=20231221225339	F	high
art/candidates/dramatic_entrance/r1.png	https://static.wikia.nocookie.net/gensin-impact/images/4/43/Icon_Emoji_Paimon%27s_Paintings_28_Furina_1.png/revision/latest?cb=20231118042306	F	high
art/candidates/dramatic_entrance/r2.png	https://static.wikia.nocookie.net/gensin-impact/images/d/db/Version_Luna_I_HoYoPlay_Splashscreen_2.png/revision/latest?cb=20250929012031	F	high
art/candidates/dramatic_entrance/r3.png	https://static.wikia.nocookie.net/gensin-impact/images/d/dc/Test_Run_2025-03-04.png/revision/latest?cb=20250316213149	F	high
art/candidates/crowd_work/r1.png	https://static.wikia.nocookie.net/gensin-impact/images/2/2d/Astra_Carnival_Cat%27s_Tail_Gathering_2024_S5_Artwork.png/revision/latest?cb=20240726151056	F	high
art/candidates/crowd_work/r2.png	https://static.wikia.nocookie.net/gensin-impact/images/0/0f/2024_7_5_amusement_park_art.png/revision/latest?cb=20250609032428	F	high
art/candidates/crowd_work/r3.png	https://static.wikia.nocookie.net/gensin-impact/images/4/4a/Universal_Studios_Beijing_x_Genshin_Impact_Collab.png/revision/latest?cb=20250303131735	F	high
art/candidates/suffering_for_art/r1.png	https://static.wikia.nocookie.net/gensin-impact/images/9/9e/Furina_Expression_1.png/revision/latest?cb=20231122103742	F	high
art/candidates/suffering_for_art/r2.png	https://static.wikia.nocookie.net/gensin-impact/images/d/da/Fragmented_Memories_Archive_3.png/revision/latest?cb=20240508073525	F	high
art/candidates/suffering_for_art/r3.png	https://static.wikia.nocookie.net/gensin-impact/images/6/69/Icon_Emoji_Paimon%27s_Paintings_28_Furina_2.png/revision/latest?cb=20231118042301	F	high
art/candidates/thunderous_ovation/r1.png	https://static.wikia.nocookie.net/gensin-impact/images/0/02/4th_Anniversary_Wallpaper_1.png/revision/latest?cb=20241027124611	F	high
art/candidates/thunderous_ovation/r2.png	https://static.wikia.nocookie.net/gensin-impact/images/0/0f/Paimon%27s_Paintings_Set_28.png/revision/latest?cb=20231118041645	F	high
art/candidates/thunderous_ovation/r3.png	https://static.wikia.nocookie.net/gensin-impact/images/4/4a/Universal_Studios_Beijing_x_Genshin_Impact_Collab.png/revision/latest?cb=20250303131735	F	high
art/candidates/tempo_change/r1.png	https://static.wikia.nocookie.net/gensin-impact/images/8/8f/Icon_Emoji_Paimon%27s_Paintings_29_Furina_1.png/revision/latest?cb=20231228162310	F	high
art/candidates/tempo_change/r2.png	https://static.wikia.nocookie.net/gensin-impact/images/8/8f/Icon_Emoji_Paimon%27s_Paintings_29_Furina_1.png/revision/latest?cb=20231228162310	F	high
art/candidates/tempo_change/r3.png	https://static.wikia.nocookie.net/gensin-impact/images/3/35/Test_Run_2025-10-22.png/revision/latest?cb=20260501180125	F	high
art/candidates/warmup_act/r1.png	https://static.wikia.nocookie.net/gensin-impact/images/6/69/Icon_Emoji_Paimon%27s_Paintings_28_Furina_2.png/revision/latest?cb=20231118042301	F	high
art/candidates/warmup_act/r2.png	https://static.wikia.nocookie.net/gensin-impact/images/e/e9/Furina_Vision.png/revision/latest?cb=20231110083921	F	high
art/candidates/warmup_act/r3.png	https://static.wikia.nocookie.net/gensin-impact/images/0/0c/Furina_Character_Notes_1_1.png/revision/latest?cb=20250301040214	F	high
art/candidates/audience_participation/r1.png	https://static.wikia.nocookie.net/gensin-impact/images/a/a5/A_Commemorative_Photo_Aether_1.png/revision/latest?cb=20250326201701	F	high
art/candidates/audience_participation/r2.png	https://static.wikia.nocookie.net/gensin-impact/images/f/fd/A_Commemorative_Photo_Lumine_1.png/revision/latest?cb=20250326201552	F	high
art/candidates/audience_participation/r3.png	https://static.wikia.nocookie.net/gensin-impact/images/4/49/Those_We_Have_Kept_Quest_Still_Aether.png/revision/latest?cb=20260701112617	F	high
art/candidates/ebb_and_flow/r1.png	https://static.wikia.nocookie.net/gensin-impact/images/1/1f/Calamitous_Tread_Graphic_5.png/revision/latest?cb=20231025042658	F	high
art/candidates/ebb_and_flow/r2.png	https://static.wikia.nocookie.net/gensin-impact/images/1/17/This_Life%2C_Just_Like_a_Light_Trickle_of_Song_Still_1_Aether.png/revision/latest?cb=20231119093128	F	high
art/candidates/ebb_and_flow/r3.png	https://static.wikia.nocookie.net/gensin-impact/images/e/e7/Fragmented_Memories_Puzzle_2.png/revision/latest?cb=20240507123213	F	high
art/candidates/curtain_cue/r1.png	https://static.wikia.nocookie.net/gensin-impact/images/0/02/Ride_the_Waves_to_a_Rendezvous_in_Fontaine_Opera_Epiclese_Concept_Art_2.png/revision/latest?cb=20230904084531	F	high
art/candidates/curtain_cue/r2.png	https://static.wikia.nocookie.net/gensin-impact/images/1/14/Opera_Epiclese_-_Neuvillette%27s_Seat.png/revision/latest?cb=20230923182536	F	high
art/candidates/curtain_cue/r3.png	https://static.wikia.nocookie.net/gensin-impact/images/9/9b/Opera_Epiclese_Support_Card.png/revision/latest?cb=20231221225339	F	high
art/candidates/full_ensemble/r1.png	https://static.wikia.nocookie.net/gensin-impact/images/1/1c/Salon_Solitaire_Pneuma_Preview.gif/revision/latest?cb=20231110050927	F	high
art/candidates/full_ensemble/r2.png	https://static.wikia.nocookie.net/gensin-impact/images/c/cf/Opera_Epiclese_Support_Card_Platinum.png/revision/latest?cb=20250719004730	F	high
art/candidates/full_ensemble/r3.png	https://static.wikia.nocookie.net/gensin-impact/images/7/72/Furina_Character_Notes_1_3.png/revision/latest?cb=20250301040218	F	high
art/candidates/grand_salon/r1.png	https://static.wikia.nocookie.net/gensin-impact/images/c/cf/Opera_Epiclese_Support_Card_Platinum.png/revision/latest?cb=20250719004730	F	high
art/candidates/grand_salon/r2.png	https://static.wikia.nocookie.net/gensin-impact/images/0/05/Ride_the_Waves_to_a_Rendezvous_in_Fontaine_Opera_Epiclese_Concept_Art_1.png/revision/latest?cb=20230904084529	F	high
art/candidates/grand_salon/r3.png	https://static.wikia.nocookie.net/gensin-impact/images/d/da/Fragmented_Memories_Archive_3.png/revision/latest?cb=20240508073525	F	high
art/candidates/many_waters_melody/r1.png	https://static.wikia.nocookie.net/gensin-impact/images/6/64/Chanson_of_Many_Waters_2023-11-08%2C_Immaculate_Pulse_2023-11-08_-_Furina_%26_Charlotte_Shorts.png/revision/latest?cb=20231123185421	F	high
art/candidates/many_waters_melody/r2.png	https://static.wikia.nocookie.net/gensin-impact/images/2/2d/Chanson_of_Many_Waters_2024-06-25_-_Furina_Shorts.png/revision/latest?cb=20240627025107	F	high
art/candidates/many_waters_melody/r3.png	https://static.wikia.nocookie.net/gensin-impact/images/b/bd/This_Life%2C_Just_Like_a_Light_Trickle_of_Song_Still_2_Aether.png/revision/latest?cb=20231119093132	F	high
art/candidates/dress_rehearsal/r1.png	https://static.wikia.nocookie.net/gensin-impact/images/0/06/Fragrant_Fantasy_Furina_Wallpaper.png/revision/latest?cb=20240713215144	F	high
art/candidates/dress_rehearsal/r2.png	https://static.wikia.nocookie.net/gensin-impact/images/7/71/Fragrant_Fantasy_Wallpaper.png/revision/latest?cb=20240713220203	F	high
art/candidates/dress_rehearsal/r3.png	https://static.wikia.nocookie.net/gensin-impact/images/9/97/Starlit_Letter_Wallpaper_Furina.png/revision/latest?cb=20240119045258	F	high
art/candidates/crashing_waves/r1.png	https://static.wikia.nocookie.net/gensin-impact/images/2/26/Apocalypse_Still_4_Aether.png/revision/latest?cb=20231119091025	F	high
art/candidates/crashing_waves/r2.png	https://static.wikia.nocookie.net/gensin-impact/images/9/9c/Apocalypse_Still_4_Lumine.png/revision/latest?cb=20231119091028	F	high
art/candidates/crashing_waves/r3.png	https://static.wikia.nocookie.net/gensin-impact/images/7/73/Calamitous_Tread_Graphic_4.png/revision/latest?cb=20230929043730	F	high
art/candidates/overflowing_hospitality/r1.png	https://static.wikia.nocookie.net/gensin-impact/images/8/80/Item_Furina_Banquet.png/revision/latest?cb=20231108032121	F	high
art/candidates/overflowing_hospitality/r2.png	https://static.wikia.nocookie.net/gensin-impact/images/2/2d/A_Commemorative_Photo_Aether_2.png/revision/latest?cb=20250327045427	F	high
art/candidates/overflowing_hospitality/r3.png	https://static.wikia.nocookie.net/gensin-impact/images/8/8b/Astra_Carnival_Cat%27s_Tail_Gathering_2024_S4_Artwork.png/revision/latest?cb=20240612124732	F	high
art/candidates/waters_embrace/r1.png	https://static.wikia.nocookie.net/gensin-impact/images/5/55/Version_4.2_Wallpaper_2.png/revision/latest?cb=20231127041723	F	high
art/candidates/waters_embrace/r2.png	https://static.wikia.nocookie.net/gensin-impact/images/7/75/A_Wish_For_Smooth_Sailing_Quest_Still_1.png/revision/latest?cb=20250518021919	F	high
art/candidates/waters_embrace/r3.png	https://static.wikia.nocookie.net/gensin-impact/images/5/55/Version_4.2_Wallpaper_2.png/revision/latest?cb=20231127041723	F	high
art/candidates/crescendo/r1.png	https://static.wikia.nocookie.net/gensin-impact/images/2/28/Version_Luna_VIII_HoYoPlay_Splashscreen.png/revision/latest?cb=20260708145955	F	high
art/candidates/crescendo/r2.png	https://static.wikia.nocookie.net/gensin-impact/images/1/1f/Calamitous_Tread_Graphic_5.png/revision/latest?cb=20231025042658	F	high
art/candidates/crescendo/r3.png	https://static.wikia.nocookie.net/gensin-impact/images/b/b7/Version_4.1_Wallpaper_1.png/revision/latest?cb=20240330091850	F	high
art/candidates/showstopper/r1.png	https://static.wikia.nocookie.net/gensin-impact/images/c/ca/VIPAD_Furina.png/revision/latest?cb=20231111021747	F	high
art/candidates/showstopper/r2.png	https://static.wikia.nocookie.net/gensin-impact/images/3/36/VIP_Ace_Detective_Wallpaper.png/revision/latest?cb=20231209223150	F	high
art/candidates/showstopper/r3.png	https://static.wikia.nocookie.net/gensin-impact/images/c/c0/VIP_Ace_Detective_1.png/revision/latest?cb=20231106045201	F	high
art/candidates/florid_cadenza/r1.png	https://static.wikia.nocookie.net/gensin-impact/images/4/45/KR_Official_Radio_Artwork_3.png/revision/latest?cb=20241027112455	F	high
art/candidates/florid_cadenza/r2.png	https://static.wikia.nocookie.net/gensin-impact/images/7/73/Genshin_Impact_Commemorative_Shikishi_Set._4_-_Furina.png/revision/latest?cb=20260111020124	F	high
art/candidates/florid_cadenza/r3.png	https://static.wikia.nocookie.net/gensin-impact/images/a/a0/Paimon%27s_Paintings_Set_26.png/revision/latest?cb=20230824042824	F	high
art/candidates/hearts_swelling/r1.png	https://static.wikia.nocookie.net/gensin-impact/images/1/1d/This_Life%2C_Just_Like_a_Light_Trickle_of_Song_Still_1_Lumine.png/revision/latest?cb=20231119093130	F	high
art/candidates/hearts_swelling/r2.png	https://static.wikia.nocookie.net/gensin-impact/images/d/da/Fragmented_Memories_Archive_3.png/revision/latest?cb=20240508073525	F	high
art/candidates/hearts_swelling/r3.png	https://static.wikia.nocookie.net/gensin-impact/images/c/ca/Furina_Birthday_2024_-_Shorts.png/revision/latest?cb=20241013040158	F	high
art/candidates/rapturous_applause/r1.png	https://static.wikia.nocookie.net/gensin-impact/images/2/20/FCFH_Applause_and_Cheer.png/revision/latest?cb=20220129094827	F	high
art/candidates/rapturous_applause/r2.png	https://static.wikia.nocookie.net/gensin-impact/images/2/2d/Astra_Carnival_Cat%27s_Tail_Gathering_2024_S5_Artwork.png/revision/latest?cb=20240726151056	F	high
art/candidates/rapturous_applause/r3.png	https://static.wikia.nocookie.net/gensin-impact/images/7/70/4th_Anniversary_Wallpaper_3.jpg/revision/latest?cb=20241124123334	F	high
art/candidates/pit_orchestra/r1.png	https://static.wikia.nocookie.net/gensin-impact/images/2/20/Opera_Epiclese_Support_Card_Golden.png/revision/latest?cb=20231221230313	F	high
art/candidates/pit_orchestra/r2.png	https://static.wikia.nocookie.net/gensin-impact/images/1/14/Opera_Epiclese_-_Neuvillette%27s_Seat.png/revision/latest?cb=20230923182536	F	high
art/candidates/pit_orchestra/r3.png	https://static.wikia.nocookie.net/gensin-impact/images/c/cc/Furina_Character_Notes_1_4.png/revision/latest?cb=20250301040220	F	high
art/candidates/flood_of_emotion/r1.png	https://static.wikia.nocookie.net/gensin-impact/images/0/02/Apocalypse_Still_1.png/revision/latest?cb=20240122125140	F	high
art/candidates/flood_of_emotion/r2.png	https://static.wikia.nocookie.net/gensin-impact/images/c/ce/Calamitous_Tread_Graphic_3.png/revision/latest?cb=20230929043728	F	high
art/candidates/flood_of_emotion/r3.png	https://static.wikia.nocookie.net/gensin-impact/images/2/22/Archon_Quest_When_All_Return_to_the_Waters.png/revision/latest?cb=20231208003421	F	high
art/candidates/an_invitation/r1.png	https://static.wikia.nocookie.net/gensin-impact/images/6/62/Item_Ball_Invitation_Letter.png/revision/latest?cb=20260528234206	F	high
art/candidates/an_invitation/r2.png	https://static.wikia.nocookie.net/gensin-impact/images/e/ea/Item_Event_Invitation.png/revision/latest?cb=20260227034015	F	high
art/candidates/an_invitation/r3.png	https://static.wikia.nocookie.net/gensin-impact/images/2/2e/Item_Invitation_to_an_Auction.png/revision/latest?cb=20250817060803	F	high
art/candidates/blocking_notes/r1.png	https://static.wikia.nocookie.net/gensin-impact/images/a/ab/Case_Record_Entrances_and_Exits_to_the_Opera_House.png/revision/latest?cb=20230816224959	F	high
art/candidates/blocking_notes/r2.png	https://static.wikia.nocookie.net/gensin-impact/images/3/38/Item_Opera_House_Switcheroo_Case_Record.png/revision/latest?cb=20230816065445	F	high
art/candidates/blocking_notes/r3.png	https://static.wikia.nocookie.net/gensin-impact/images/3/3a/Item_Theater_Tickets.png/revision/latest?cb=20231221033949	F	high
art/candidates/limelight/r1.png	https://static.wikia.nocookie.net/gensin-impact/images/0/05/Item_Shining_Spotlight.png/revision/latest?cb=20230713112523	F	high
art/candidates/limelight/r2.png	https://static.wikia.nocookie.net/gensin-impact/images/3/31/Item_Movable_Small_Spotlight.png/revision/latest?cb=20260703161307	F	high
art/candidates/limelight/r3.png	https://static.wikia.nocookie.net/gensin-impact/images/1/1f/Item_Festival_Spotlight.png/revision/latest?cb=20220125041938	F	high
art/candidates/shared_billing/r1.png	https://static.wikia.nocookie.net/gensin-impact/images/9/9b/Opera_Epiclese_Support_Card.png/revision/latest?cb=20231221225339	F	high
art/candidates/shared_billing/r2.png	https://static.wikia.nocookie.net/gensin-impact/images/2/20/Opera_Epiclese_Support_Card_Golden.png/revision/latest?cb=20231221230313	F	high
art/candidates/shared_billing/r3.png	https://static.wikia.nocookie.net/gensin-impact/images/3/3a/Item_Theater_Tickets.png/revision/latest?cb=20231221033949	F	high
art/candidates/stage_lights/r1.png	https://static.wikia.nocookie.net/gensin-impact/images/3/31/Item_Movable_Small_Spotlight.png/revision/latest?cb=20260703161307	F	high
art/candidates/stage_lights/r2.png	https://static.wikia.nocookie.net/gensin-impact/images/0/05/Item_Shining_Spotlight.png/revision/latest?cb=20230713112523	F	high
art/candidates/stage_lights/r3.png	https://static.wikia.nocookie.net/gensin-impact/images/9/9f/Firework_-_Festival_Spotlight.png/revision/latest?cb=20220514012444	F	high
art/candidates/directors_cut/r1.png	https://static.wikia.nocookie.net/gensin-impact/images/3/38/Item_Opera_House_Switcheroo_Case_Record.png/revision/latest?cb=20230816065445	F	high
art/candidates/directors_cut/r2.png	https://static.wikia.nocookie.net/gensin-impact/images/a/ab/Case_Record_Entrances_and_Exits_to_the_Opera_House.png/revision/latest?cb=20230816224959	F	high
art/candidates/directors_cut/r3.png	https://static.wikia.nocookie.net/gensin-impact/images/9/9b/Opera_Epiclese_Support_Card.png/revision/latest?cb=20231221225339	F	high
art/candidates/duet/r1.png	https://static.wikia.nocookie.net/gensin-impact/images/6/64/Chanson_of_Many_Waters_2023-11-08%2C_Immaculate_Pulse_2023-11-08_-_Furina_%26_Charlotte_Shorts.png/revision/latest?cb=20231123185421	F	high
art/candidates/duet/r2.png	https://static.wikia.nocookie.net/gensin-impact/images/2/20/Opera_Epiclese_Support_Card_Golden.png/revision/latest?cb=20231221230313	F	high
art/candidates/duet/r3.png	https://static.wikia.nocookie.net/gensin-impact/images/3/3a/Item_Theater_Tickets.png/revision/latest?cb=20231221033949	F	high
art/candidates/guest_list/r1.png	https://static.wikia.nocookie.net/gensin-impact/images/e/ea/Item_Event_Invitation.png/revision/latest?cb=20260227034015	F	high
art/candidates/guest_list/r2.png	https://static.wikia.nocookie.net/gensin-impact/images/6/62/Item_Ball_Invitation_Letter.png/revision/latest?cb=20260528234206	F	high
art/candidates/guest_list/r3.png	https://static.wikia.nocookie.net/gensin-impact/images/2/2e/Item_Invitation_to_an_Auction.png/revision/latest?cb=20250817060803	F	high
art/candidates/leading_role/r1.png	https://static.wikia.nocookie.net/gensin-impact/images/3/3d/Character_Furina_Game_%28Ousia%29.png/revision/latest?cb=20241004004628	F	high
art/candidates/leading_role/r2.png	https://static.wikia.nocookie.net/gensin-impact/images/9/9b/Opera_Epiclese_Support_Card.png/revision/latest?cb=20231221225339	F	high
art/candidates/leading_role/r3.png	https://static.wikia.nocookie.net/gensin-impact/images/1/1f/Item_Festival_Spotlight.png/revision/latest?cb=20220125041938	F	high
art/candidates/standing_ovation/r1.png	https://static.wikia.nocookie.net/gensin-impact/images/2/2d/Astra_Carnival_Cat%27s_Tail_Gathering_2024_S5_Artwork.png/revision/latest?cb=20240726151056	F	high
art/candidates/standing_ovation/r2.png	https://static.wikia.nocookie.net/gensin-impact/images/3/3a/Item_Theater_Tickets.png/revision/latest?cb=20231221033949	F	high
art/candidates/standing_ovation/r3.png	https://static.wikia.nocookie.net/gensin-impact/images/1/1f/Item_Festival_Spotlight.png/revision/latest?cb=20220125041938	F	high
art/candidates/supporting_cast/r1.png	https://static.wikia.nocookie.net/gensin-impact/images/c/c5/Salon_Solitaire_Water_Walk_Preview.gif/revision/latest?cb=20231110050931	F	high
art/candidates/supporting_cast/r2.png	https://static.wikia.nocookie.net/gensin-impact/images/3/31/Item_Movable_Small_Spotlight.png/revision/latest?cb=20260703161307	F	high
art/candidates/supporting_cast/r3.png	https://static.wikia.nocookie.net/gensin-impact/images/3/3a/Item_Theater_Tickets.png/revision/latest?cb=20231221033949	F	high
art/candidates/top_billing/r1.png	https://static.wikia.nocookie.net/gensin-impact/images/d/d3/Character_Furina_Game_%28Pneuma%29.png/revision/latest?cb=20241004004643	F	high
art/candidates/top_billing/r2.png	https://static.wikia.nocookie.net/gensin-impact/images/0/05/Item_Shining_Spotlight.png/revision/latest?cb=20230713112523	F	high
art/candidates/top_billing/r3.png	https://static.wikia.nocookie.net/gensin-impact/images/c/cf/Opera_Epiclese_Support_Card_Platinum.png/revision/latest?cb=20250719004730	F	high
art/candidates/ethereal_spotlight/r1.png	https://static.wikia.nocookie.net/gensin-impact/images/9/9f/Firework_-_Festival_Spotlight.png/revision/latest?cb=20220514012444	F	high
art/candidates/ethereal_spotlight/r2.png	https://static.wikia.nocookie.net/gensin-impact/images/0/05/Item_Shining_Spotlight.png/revision/latest?cb=20230713112523	F	high
art/candidates/ethereal_spotlight/r3.png	https://static.wikia.nocookie.net/gensin-impact/images/1/1f/Item_Festival_Spotlight.png/revision/latest?cb=20220125041938	F	high
art/candidates/charlotte_freezing_point/r1.png	https://static.wikia.nocookie.net/gensin-impact/images/1/16/Charlotte_Character_Card.png/revision/latest?cb=20240313100716	F	high
art/candidates/charlotte_freezing_point/r2.png	https://static.wikia.nocookie.net/gensin-impact/images/c/c2/Charlotte_Character_Card_Platinum.png/revision/latest?cb=20250716004340	F	high
art/candidates/charlotte_freezing_point/r3.png	https://static.wikia.nocookie.net/gensin-impact/images/a/a4/Charlotte_Character_Card_Golden.png/revision/latest?cb=20240516133229	F	high
art/candidates/charlotte_enduring_frosthelm/r1.png	https://static.wikia.nocookie.net/gensin-impact/images/5/5b/Charlotte_Wish.png/revision/latest?cb=20231108031307	F	high
art/candidates/charlotte_enduring_frosthelm/r2.png	https://static.wikia.nocookie.net/gensin-impact/images/c/c2/Charlotte_Character_Card_Platinum.png/revision/latest?cb=20250716004340	F	high
art/candidates/charlotte_enduring_frosthelm/r3.png	https://static.wikia.nocookie.net/gensin-impact/images/a/a4/Charlotte_Character_Card_Golden.png/revision/latest?cb=20240516133229	F	high
art/candidates/charlotte_snappy_silhouette/r1.png	https://static.wikia.nocookie.net/gensin-impact/images/f/fa/Character_Charlotte_Hurlock_Variations_Full_Wish.png/revision/latest?cb=20260714174000	F	high
art/candidates/charlotte_snappy_silhouette/r2.png	https://static.wikia.nocookie.net/gensin-impact/images/c/c2/Charlotte_Character_Card_Platinum.png/revision/latest?cb=20250716004340	F	high
art/candidates/charlotte_snappy_silhouette/r3.png	https://static.wikia.nocookie.net/gensin-impact/images/a/a4/Charlotte_Character_Card_Golden.png/revision/latest?cb=20240516133229	F	high
art/candidates/chevreuse_interdiction_fire/r1.png	https://static.wikia.nocookie.net/gensin-impact/images/6/61/Chevreuse_Character_Card.png/revision/latest?cb=20240717072430	F	high
art/candidates/chevreuse_interdiction_fire/r2.png	https://static.wikia.nocookie.net/gensin-impact/images/c/c4/Chevreuse_Character_Card_Platinum.png/revision/latest?cb=20250716000016	F	high
art/candidates/chevreuse_interdiction_fire/r3.png	https://static.wikia.nocookie.net/gensin-impact/images/5/50/Chevreuse_Character_Card_Golden.png/revision/latest?cb=20241014024946	F	high
art/candidates/chevreuse_vanguards_valor/r1.png	https://static.wikia.nocookie.net/gensin-impact/images/2/2f/Chevreuse_Wish.png/revision/latest?cb=20240109210200	F	high
art/candidates/chevreuse_vanguards_valor/r2.png	https://static.wikia.nocookie.net/gensin-impact/images/c/c4/Chevreuse_Character_Card_Platinum.png/revision/latest?cb=20250716000016	F	high
art/candidates/chevreuse_vanguards_valor/r3.png	https://static.wikia.nocookie.net/gensin-impact/images/5/50/Chevreuse_Character_Card_Golden.png/revision/latest?cb=20241014024946	F	high
art/candidates/chevreuse_bursting_grenades/r1.png	https://static.wikia.nocookie.net/gensin-impact/images/e/ef/Character_Chevreuse_Full_Wish.png/revision/latest?cb=20250618072041	F	high
art/candidates/chevreuse_bursting_grenades/r2.png	https://static.wikia.nocookie.net/gensin-impact/images/c/c4/Chevreuse_Character_Card_Platinum.png/revision/latest?cb=20250716000016	F	high
art/candidates/chevreuse_bursting_grenades/r3.png	https://static.wikia.nocookie.net/gensin-impact/images/5/50/Chevreuse_Character_Card_Golden.png/revision/latest?cb=20241014024946	F	high
art/candidates/freminet_pers_deploy/r1.png	https://static.wikia.nocookie.net/gensin-impact/images/5/50/Freminet_Character_Card.png/revision/latest?cb=20240828015834	F	high
art/candidates/freminet_pers_deploy/r2.png	https://static.wikia.nocookie.net/gensin-impact/images/9/91/Freminet_Character_Card_Platinum.png/revision/latest?cb=20250716000113	F	high
art/candidates/freminet_pers_deploy/r3.png	https://static.wikia.nocookie.net/gensin-impact/images/a/aa/Freminet_Character_Card_Golden.png/revision/latest?cb=20241014025010	F	high
art/candidates/freminet_pressurized_floe/r1.png	https://static.wikia.nocookie.net/gensin-impact/images/1/1b/Freminet_Wish.png/revision/latest?cb=20231214215154	F	high
art/candidates/freminet_pressurized_floe/r2.png	https://static.wikia.nocookie.net/gensin-impact/images/9/91/Freminet_Character_Card_Platinum.png/revision/latest?cb=20250716000113	F	high
art/candidates/freminet_pressurized_floe/r3.png	https://static.wikia.nocookie.net/gensin-impact/images/a/aa/Freminet_Character_Card_Golden.png/revision/latest?cb=20241014025010	F	high
art/candidates/freminet_shattering_pressure/r1.png	https://static.wikia.nocookie.net/gensin-impact/images/3/3d/Character_Freminet_Full_Wish.png/revision/latest?cb=20230908020238	F	high
art/candidates/freminet_shattering_pressure/r2.png	https://static.wikia.nocookie.net/gensin-impact/images/9/91/Freminet_Character_Card_Platinum.png/revision/latest?cb=20250716000113	F	high
art/candidates/freminet_shattering_pressure/r3.png	https://static.wikia.nocookie.net/gensin-impact/images/a/aa/Freminet_Character_Card_Golden.png/revision/latest?cb=20241014025010	F	high
art/candidates/guest_neuvillette_tears/r1.png	https://static.wikia.nocookie.net/gensin-impact/images/7/71/Neuvillette_Character_Card.png/revision/latest?cb=20240313100724	F	high
art/candidates/guest_neuvillette_tears/r2.png	https://static.wikia.nocookie.net/gensin-impact/images/2/26/Neuvillette_Character_Card_Platinum.png/revision/latest?cb=20250716012337	F	high
art/candidates/guest_neuvillette_tears/r3.png	https://static.wikia.nocookie.net/gensin-impact/images/8/88/Neuvillette_Character_Card_Golden.png/revision/latest?cb=20240516132945	F	high
art/candidates/guest_neuvillette_droplets/r1.png	https://static.wikia.nocookie.net/gensin-impact/images/3/38/Neuvillette_Wish.png/revision/latest?cb=20230927122228	F	high
art/candidates/guest_neuvillette_droplets/r2.png	https://static.wikia.nocookie.net/gensin-impact/images/2/26/Neuvillette_Character_Card_Platinum.png/revision/latest?cb=20250716012337	F	high
art/candidates/guest_neuvillette_droplets/r3.png	https://static.wikia.nocookie.net/gensin-impact/images/8/88/Neuvillette_Character_Card_Golden.png/revision/latest?cb=20240516132945	F	high
art/candidates/guest_neuvillette_judgment/r1.png	https://static.wikia.nocookie.net/gensin-impact/images/5/5e/Character_Neuvillette_Full_Wish.png/revision/latest?cb=20240119144458	F	high
art/candidates/guest_neuvillette_judgment/r2.png	https://static.wikia.nocookie.net/gensin-impact/images/2/26/Neuvillette_Character_Card_Platinum.png/revision/latest?cb=20250716012337	F	high
art/candidates/guest_neuvillette_judgment/r3.png	https://static.wikia.nocookie.net/gensin-impact/images/8/88/Neuvillette_Character_Card_Golden.png/revision/latest?cb=20240516132945	F	high
art/candidates/lynette_enigmatic_feint/r1.png	https://static.wikia.nocookie.net/gensin-impact/images/c/c7/Lynette_Character_Card.png/revision/latest?cb=20231221225249	F	high
art/candidates/lynette_enigmatic_feint/r2.png	https://static.wikia.nocookie.net/gensin-impact/images/2/2d/Lynette_Character_Card_Platinum.png/revision/latest?cb=20250716032729	F	high
art/candidates/lynette_enigmatic_feint/r3.png	https://static.wikia.nocookie.net/gensin-impact/images/b/b2/Lynette_Character_Card_Golden.png/revision/latest?cb=20231221230306	F	high
art/candidates/lynette_box_trick/r1.png	https://static.wikia.nocookie.net/gensin-impact/images/e/e0/Lynette_Wish.png/revision/latest?cb=20231214220012	F	high
art/candidates/lynette_box_trick/r2.png	https://static.wikia.nocookie.net/gensin-impact/images/2/2d/Lynette_Character_Card_Platinum.png/revision/latest?cb=20250716032729	F	high
art/candidates/lynette_box_trick/r3.png	https://static.wikia.nocookie.net/gensin-impact/images/b/b2/Lynette_Character_Card_Golden.png/revision/latest?cb=20231221230306	F	high
art/candidates/lynette_astonishing_shift/r1.png	https://static.wikia.nocookie.net/gensin-impact/images/c/ce/Character_Lynette_Full_Wish.png/revision/latest?cb=20240220013816	F	high
art/candidates/lynette_astonishing_shift/r2.png	https://static.wikia.nocookie.net/gensin-impact/images/2/2d/Lynette_Character_Card_Platinum.png/revision/latest?cb=20250716032729	F	high
art/candidates/lynette_astonishing_shift/r3.png	https://static.wikia.nocookie.net/gensin-impact/images/b/b2/Lynette_Character_Card_Golden.png/revision/latest?cb=20231221230306	F	high
art/candidates/albedo_solar_isotoma/r1.png	https://static.wikia.nocookie.net/gensin-impact/images/e/e4/Albedo_Character_Card.png/revision/latest?cb=20230917061858	F	high
art/candidates/albedo_solar_isotoma/r2.png	https://static.wikia.nocookie.net/gensin-impact/images/b/be/Albedo_Introduction_Card.png/revision/latest?cb=20201217042611	F	high
art/candidates/albedo_solar_isotoma/r3.png	https://static.wikia.nocookie.net/gensin-impact/images/e/e9/Albedo_Character_Card_Showcase_1.png/revision/latest?cb=20230812024340	F	high
art/candidates/barbara_shining_idol/r1.png	https://static.wikia.nocookie.net/gensin-impact/images/2/24/Barbara_Character_Card.png/revision/latest?cb=20221205102816	F	high
art/candidates/barbara_shining_idol/r2.png	https://static.wikia.nocookie.net/gensin-impact/images/1/1f/Barbara_Card.png/revision/latest?cb=20220725204852	F	high
art/candidates/barbara_shining_idol/r3.png	https://static.wikia.nocookie.net/gensin-impact/images/9/92/Barbara_Introduction_Card.png/revision/latest?cb=20201113075333	F	high
art/candidates/bennett_fantastic_voyage/r1.png	https://static.wikia.nocookie.net/gensin-impact/images/a/a9/Bennett_Character_Card.png/revision/latest?cb=20221205102818	F	high
art/candidates/bennett_fantastic_voyage/r2.png	https://static.wikia.nocookie.net/gensin-impact/images/c/c5/Bennett_Card.png/revision/latest?cb=20220725204904	F	high
art/candidates/bennett_fantastic_voyage/r3.png	https://static.wikia.nocookie.net/gensin-impact/images/9/9c/Bennett_Introduction_Card.png/revision/latest?cb=20201113075414	F	high
art/candidates/diona_icy_paws/r1.png	https://static.wikia.nocookie.net/gensin-impact/images/3/31/Diona_Character_Card.png/revision/latest?cb=20221205102243	F	high
art/candidates/diona_icy_paws/r2.png	https://static.wikia.nocookie.net/gensin-impact/images/b/bc/Diona_Introduction_Card.png/revision/latest?cb=20201113075440	F	high
art/candidates/diona_icy_paws/r3.png	https://static.wikia.nocookie.net/gensin-impact/images/1/14/Diona_Card.png/revision/latest?cb=20201107193459	F	high
art/candidates/durin_witchs_flame/r1.png	https://static.wikia.nocookie.net/gensin-impact/images/4/49/Durin.png/revision/latest?cb=20211201074149	F	high
art/candidates/durin_witchs_flame/r2.png	https://static.wikia.nocookie.net/gensin-impact/images/b/b0/Durin_Character_Details_1.png/revision/latest?cb=20251127134421	F	high
art/candidates/durin_witchs_flame/r3.png	https://static.wikia.nocookie.net/gensin-impact/images/c/cd/Durin_Item.png/revision/latest?cb=20251204124008	F	high
art/candidates/fischl_oz/r1.png	https://static.wikia.nocookie.net/gensin-impact/images/7/7d/Fischl_Character_Card.png/revision/latest?cb=20221205102329	F	high
art/candidates/fischl_oz/r2.png	https://static.wikia.nocookie.net/gensin-impact/images/5/54/Fischl_Card.png/revision/latest?cb=20220725204926	F	high
art/candidates/fischl_oz/r3.png	https://static.wikia.nocookie.net/gensin-impact/images/3/39/Fischl_Introduction_Card.png/revision/latest?cb=20201113075447	F	high
art/candidates/nicole_celestial_gift/r1.png	https://static.wikia.nocookie.net/gensin-impact/images/e/ee/Character_Nicole_Game.png/revision/latest?cb=20260612023250	F	high
art/candidates/nicole_celestial_gift/r2.png	https://static.wikia.nocookie.net/gensin-impact/images/a/a1/Nicole_Introduction_Card.png/revision/latest?cb=20250722041540	F	high
art/candidates/nicole_celestial_gift/r3.png	https://static.wikia.nocookie.net/gensin-impact/images/a/a0/Nicole_Icon.png/revision/latest?cb=20260120013342	F	high
art/candidates/sucrose_astable/r1.png	https://static.wikia.nocookie.net/gensin-impact/images/4/42/Sucrose_Character_Card.png/revision/latest?cb=20221205102645	F	high
art/candidates/sucrose_astable/r2.png	https://static.wikia.nocookie.net/gensin-impact/images/0/01/Sucrose_Card.png/revision/latest?cb=20220725205205	F	high
art/candidates/sucrose_astable/r3.png	https://static.wikia.nocookie.net/gensin-impact/images/3/3d/Sucrose_Introduction_Card.png/revision/latest?cb=20201113080516	F	high
art/candidates/dahlia_favonian_favor/r1.png	https://static.wikia.nocookie.net/gensin-impact/images/6/65/Dahlia_Wish.png/revision/latest?cb=20250618025615	F	high
art/candidates/dahlia_favonian_favor/r2.png	https://static.wikia.nocookie.net/gensin-impact/images/e/eb/Character_Dahlia_Full_Wish.png/revision/latest?cb=20250618072914	F	high
art/candidates/dahlia_favonian_favor/r3.png	https://static.wikia.nocookie.net/gensin-impact/images/0/05/Dahlia_Character_Card.png/revision/latest?cb=20260408140028	F	high
ImageGen/images/furina/ui/select_portrait.png	https://upload.wikimedia.org/wikipedia/en/5/56/Furina_%28Genshin_Impact%29.png	F	low
ImageGen/images/furina/ui/char_icon.png	https://upload.wikimedia.org/wikipedia/en/5/56/Furina_%28Genshin_Impact%29.png	F	low
ImageGen/images/furina/ui/map_marker.png	https://upload.wikimedia.org/wikipedia/en/5/56/Furina_%28Genshin_Impact%29.png	F	low
ImageGen/images/furina/ui/selection_splash.png	https://static.wikia.nocookie.net/gensin-impact/images/9/96/Furina_Card_2.png/revision/latest?cb=20231106021937	F	high
ImageGen/images/furina/model/combat_model.png	https://upload.wikimedia.org/wikipedia/en/5/56/Furina_%28Genshin_Impact%29.png	F	high
art/candidates/chain_fuse/r1.png	https://static.wikia.nocookie.net/gensin-impact/images/3/30/Starlit_Sky_Firework_Card_3.png/revision/latest?cb=20230205063130	F	high
art/candidates/careful_arrangement/r1.png	https://static.wikia.nocookie.net/gensin-impact/images/2/2b/Starlit_Sky_Firework_Card_4.png/revision/latest?cb=20230205063128	F	high
art/candidates/trip_wire/r1.png	https://static.wikia.nocookie.net/gensin-impact/images/a/ab/Starlit_Sky_Firework_Card_5.png/revision/latest?cb=20230205063126	F	high
art/candidates/controlled_demolition/r1.png	https://static.wikia.nocookie.net/gensin-impact/images/6/6b/Starlit_Sky_Firework_Card_6.png/revision/latest?cb=20230205063145	F	high
art/candidates/chained_reactions/r1.png	https://static.wikia.nocookie.net/gensin-impact/images/6/63/Starlit_Sky_Firework_Card_7.png/revision/latest?cb=20230205063201	F	high
art/candidates/sparkly_explosion/r1.png	https://static.wikia.nocookie.net/gensin-impact/images/8/88/Starlit_Sky_Firework_Card_1.png/revision/latest?cb=20230205063134	F	high
art/candidates/grand_finale/r1.png	https://static.wikia.nocookie.net/gensin-impact/images/6/63/Starlit_Sky_Firework_Card_8.png/revision/latest?cb=20230205063143	F	high
art/candidates/tail_of_flame/r1.png	https://static.wikia.nocookie.net/gensin-impact/images/c/c2/Starlit_Sky_Firework_Card_9.png/revision/latest?cb=20230205063141	F	high
art/candidates/sugar_rush/r1.png	https://static.wikia.nocookie.net/gensin-impact/images/7/75/Sparkling_Steps_2021-06-09_-_Klee_Emoji_1.png/revision/latest?cb=20211119133031	F	high
art/candidates/study_of_explosions/r1.png	https://static.wikia.nocookie.net/gensin-impact/images/e/ee/Let%27s_Go_Dodoco%21_Illustration_2.png/revision/latest?cb=20220407055955	F	high
art/candidates/friendly_visit/r1.png	https://static.wikia.nocookie.net/gensin-impact/images/d/d6/Let%27s_Go_Dodoco%21_Illustration_3.png/revision/latest?cb=20220407060006	F	high
art/candidates/borrowed_brilliance/r1.png	https://static.wikia.nocookie.net/gensin-impact/images/a/a8/Let%27s_Go_Dodoco%21_Illustration_4.png/revision/latest?cb=20220407060017	F	high
art/candidates/study_buddy/r1.png	https://static.wikia.nocookie.net/gensin-impact/images/c/c7/Let%27s_Go_Dodoco%21_Illustration_5.png/revision/latest?cb=20220407060027	F	high
art/candidates/best_friends_forever/r1.png	https://static.wikia.nocookie.net/gensin-impact/images/2/29/Let%27s_Go_Dodoco%21_Illustration_1.png/revision/latest?cb=20220407055945	F	high
art/candidates/spooked/r1.png	https://static.wikia.nocookie.net/gensin-impact/images/a/ae/App_Store_Event_Character_Wallpaper_Klee_Version_3.8.png/revision/latest?cb=20240905192309	F	high
art/candidates/patched_dress/r1.png	https://static.wikia.nocookie.net/gensin-impact/images/7/78/Klee_Item.png/revision/latest?cb=20210621072712	F	high
art/candidates/dodge_roll/r1.png	https://static.wikia.nocookie.net/gensin-impact/images/8/81/Icon_Emoji_Paimon%27s_Paintings_07_Klee_4.png/revision/latest?cb=20211231163532	F	high
art/candidates/bright_idea/r1.png	https://static.wikia.nocookie.net/gensin-impact/images/4/4b/Item_Dodoco%27s_Sparks_%27n%27_Splash.png/revision/latest?cb=20250929050443	F	high
art/candidates/surprise_visit/r1.png	https://static.wikia.nocookie.net/gensin-impact/images/2/24/Sparkling_Steps_2021-06-09_-_Klee_Emoji_2.png/revision/latest?cb=20211119133034	F	high
art/candidates/fish_blasting/r1.png	https://static.wikia.nocookie.net/gensin-impact/images/b/b3/Item_Dodoco%27s_Beach_Nap.png/revision/latest?cb=20220713052047	F	high
ImageGen/images/furina/ui/select_bg.png	https://static.wikia.nocookie.net/gensin-impact/images/f/fa/Namecard_Background_Furina_Banquet.png/revision/latest?cb=20231108032045	F	low
ImageGen/images/model/layers/klee_layer_body.png	https://static.wikia.nocookie.net/gensin-impact/images/8/88/Character_Klee_Full_Wish.png/revision/latest?cb=20220507125530	F	high
ImageGen/images/model/layers/combat/klee_combat_body.png	https://static.wikia.nocookie.net/gensin-impact/images/8/88/Character_Klee_Full_Wish.png/revision/latest?cb=20220507125530	F	high
ImageGen/images/model/layers/klee_layer_dodoco.png	https://static.wikia.nocookie.net/gensin-impact/images/8/88/Character_Klee_Full_Wish.png/revision/latest?cb=20220507125530	F	high
ImageGen/images/model/layers/combat/klee_combat_dodoco.png	https://static.wikia.nocookie.net/gensin-impact/images/8/88/Character_Klee_Full_Wish.png/revision/latest?cb=20220507125530	F	high
ImageGen/images/model/layers/klee_layer_dumpty.png	https://static.wikia.nocookie.net/gensin-impact/images/8/88/Character_Klee_Full_Wish.png/revision/latest?cb=20220507125530	F	high
ImageGen/images/model/layers/combat/klee_combat_dumpty.png	https://static.wikia.nocookie.net/gensin-impact/images/8/88/Character_Klee_Full_Wish.png/revision/latest?cb=20220507125530	F	high
ImageGen/images/model/layers/klee_layer_floaters.png	https://static.wikia.nocookie.net/gensin-impact/images/8/88/Character_Klee_Full_Wish.png/revision/latest?cb=20220507125530	F	high
ImageGen/images/model/layers/combat/klee_combat_floaters.png	https://static.wikia.nocookie.net/gensin-impact/images/8/88/Character_Klee_Full_Wish.png/revision/latest?cb=20220507125530	F	high
ImageGen/images/model/layers/klee_layer_smoke.png	https://static.wikia.nocookie.net/gensin-impact/images/8/88/Character_Klee_Full_Wish.png/revision/latest?cb=20220507125530	F	high
ImageGen/images/model/layers/combat/klee_combat_smoke.png	https://static.wikia.nocookie.net/gensin-impact/images/8/88/Character_Klee_Full_Wish.png/revision/latest?cb=20220507125530	F	high
art/candidates/power_oz_summon/r1.png	https://static.wikia.nocookie.net/gensin-impact/images/1/13/Oz_Summon.png/revision/latest?cb=20221209140755	F	medium
art/candidates/power_oz_summon/r2.png	https://static.wikia.nocookie.net/gensin-impact/images/b/b3/Talent_Nightrider.png/revision/latest?cb=20210607091155	F	medium
art/candidates/power_oz_summon/r3.png	https://static.wikia.nocookie.net/gensin-impact/images/4/4e/Constellation_Evernight_Raven.png/revision/latest?cb=20210607082538	F	medium
art/candidates/power_solar_isotoma/r1.png	https://static.wikia.nocookie.net/gensin-impact/images/0/0e/Talent_Abiogenesis_Solar_Isotoma.png/revision/latest?cb=20210607084738	F	medium
art/candidates/power_solar_isotoma/r2.png	https://static.wikia.nocookie.net/gensin-impact/images/5/59/Solar_Isotoma_Summon.png/revision/latest?cb=20230917062158	F	medium
art/candidates/power_witchs_flame/r1.png	https://static.wikia.nocookie.net/gensin-impact/images/c/cd/Durin_Item.png/revision/latest?cb=20251204124008	F	medium
art/candidates/power_witchs_flame/r2.png	https://static.wikia.nocookie.net/gensin-impact/images/4/49/Durin.png/revision/latest?cb=20211201074149	F	medium
art/candidates/power_celestial_gift/r1.png	https://static.wikia.nocookie.net/gensin-impact/images/a/a0/Nicole_Icon.png/revision/latest?cb=20260120013342	F	medium
art/candidates/power_celestial_gift/r2.png	https://static.wikia.nocookie.net/gensin-impact/images/7/75/Icon_Emoji_Paimon%27s_Paintings_50_Nicole_1.png/revision/latest?cb=20260612195335	F	medium
art/candidates/relic_ethereal_spotlight/r1.png	https://static.wikia.nocookie.net/gensin-impact/images/0/05/Item_Shining_Spotlight.png/revision/latest?cb=20230713112523	F	medium
art/candidates/relic_ethereal_spotlight/r2.png	https://static.wikia.nocookie.net/gensin-impact/images/1/1f/Item_Festival_Spotlight.png/revision/latest?cb=20220125041938	F	medium
art/candidates/relic_ethereal_spotlight/r3.png	https://static.wikia.nocookie.net/gensin-impact/images/3/3a/Item_Theater_Tickets.png/revision/latest?cb=20231221033949	F	medium
art/candidates/standing_room_only/r1.png	https://static.wikia.nocookie.net/gensin-impact/images/3/3a/Item_Theater_Tickets.png/revision/latest?cb=20231221033949	F	high
art/candidates/standing_room_only/r2.png	https://static.wikia.nocookie.net/gensin-impact/images/9/99/The_Opera_of_Noirceur_and_Blancheur_Ticket.png/revision/latest?cb=20231111210150	F	high
art/candidates/standing_room_only/r3.png	https://static.wikia.nocookie.net/gensin-impact/images/2/25/Opera_Epiclese.png/revision/latest?cb=20240428170211	F	high
ImageGen/images/furina/model/furina_wikipedia_cutout.png	https://upload.wikimedia.org/wikipedia/en/5/56/Furina_%28Genshin_Impact%29.png	F	high
ImageGen/images/furina/model/layers/furina_layer_coat_back.png	https://upload.wikimedia.org/wikipedia/en/5/56/Furina_%28Genshin_Impact%29.png	F	high
ImageGen/images/furina/model/layers/combat/furina_combat_coat_back.png	https://upload.wikimedia.org/wikipedia/en/5/56/Furina_%28Genshin_Impact%29.png	F	high
ImageGen/images/furina/model/layers/furina_layer_sword.png	https://upload.wikimedia.org/wikipedia/en/5/56/Furina_%28Genshin_Impact%29.png	F	high
ImageGen/images/furina/model/layers/combat/furina_combat_sword.png	https://upload.wikimedia.org/wikipedia/en/5/56/Furina_%28Genshin_Impact%29.png	F	high
ImageGen/images/furina/model/layers/furina_layer_body.png	https://upload.wikimedia.org/wikipedia/en/5/56/Furina_%28Genshin_Impact%29.png	F	high
ImageGen/images/furina/model/layers/combat/furina_combat_body.png	https://upload.wikimedia.org/wikipedia/en/5/56/Furina_%28Genshin_Impact%29.png	F	high
ImageGen/images/furina/model/layers/furina_layer_hat.png	https://upload.wikimedia.org/wikipedia/en/5/56/Furina_%28Genshin_Impact%29.png	F	high
ImageGen/images/furina/model/layers/combat/furina_combat_hat.png	https://upload.wikimedia.org/wikipedia/en/5/56/Furina_%28Genshin_Impact%29.png	F	high
ImageGen/images/furina/salon/member_usher.png	https://static.wikia.nocookie.net/gensin-impact/images/4/47/Salon_Members_Summon.png/revision/latest?cb=20240605201126	F	high
ImageGen/images/furina/salon/member_chevalmarin.png	https://static.wikia.nocookie.net/gensin-impact/images/4/47/Salon_Members_Summon.png/revision/latest?cb=20240605201126	F	high
ImageGen/images/furina/salon/member_crabaletta.png	https://static.wikia.nocookie.net/gensin-impact/images/4/47/Salon_Members_Summon.png/revision/latest?cb=20240605201126	F	high
ImageGen/images/furina/ui/select_portrait_locked.png	https://upload.wikimedia.org/wikipedia/en/5/56/Furina_%28Genshin_Impact%29.png	F	low
ImageGen/images/powers/fantastic_voyage.png	https://static.wikia.nocookie.net/gensin-impact/images/a/a2/Talent_Fantastic_Voyage.png/revision/latest?cb=20210607085835	F	medium
ImageGen/images/powers/passion_overload.png	https://static.wikia.nocookie.net/gensin-impact/images/6/66/Talent_Passion_Overload.png/revision/latest?cb=20210607091246	F	medium
art/candidates/power_shattering_pressure/r1.png	https://static.wikia.nocookie.net/gensin-impact/images/a/a7/Talent_Pressurized_Floe_3.png/revision/latest?cb=20230905095930	F	medium
art/candidates/power_shattering_pressure/r2.png	https://static.wikia.nocookie.net/gensin-impact/images/e/e5/Talent_Pressurized_Floe_2.png/revision/latest?cb=20230905095929	F	medium
art/candidates/power_frozen/r1.png	https://static.wikia.nocookie.net/gensin-impact/images/6/6e/Status_Frozen_Player.gif/revision/latest?cb=20211109211358	F	medium
art/candidates/power_frozen/r2.png	https://static.wikia.nocookie.net/gensin-impact/images/7/76/Status_Frozen_Enemy.gif/revision/latest?cb=20211109211810	F	medium
art/candidates/power_friendly_visit/r1.png	https://static.wikia.nocookie.net/gensin-impact/images/6/6f/Constellation_Exquisite_Compound.png/revision/latest?cb=20210607082636	F	medium
art/candidates/power_study_buddy/r1.png	https://static.wikia.nocookie.net/gensin-impact/images/3/3a/Constellation_Sparkly_Explosion.png/revision/latest?cb=20210607084109	F	medium
art/candidates/power_furina_fanfare/r1.png	https://static.wikia.nocookie.net/gensin-impact/images/6/66/Talent_Let_the_People_Rejoice.png/revision/latest?cb=20231108024428	F	medium
art/candidates/power_furina_fanfare/r2.png	https://static.wikia.nocookie.net/gensin-impact/images/a/ad/Animula_Choragi.png/revision/latest?cb=20231108052401	F	medium
art/candidates/power_furina_fanfare/r3.png	https://static.wikia.nocookie.net/gensin-impact/images/0/07/Furina_Item.png/revision/latest?cb=20231108031053	F	medium
ImageGen/images/furina/powers/rising_ovation.png	https://static.wikia.nocookie.net/gensin-impact/images/2/24/Constellation_A_Woman_Adapts_Like_Duckweed_in_Water.png/revision/latest?cb=20231108024408	F	medium
ImageGen/images/furina/powers/salon_member.png	https://static.wikia.nocookie.net/gensin-impact/images/6/6f/Talent_Salon_Solitaire.png/revision/latest?cb=20231108024421	F	medium
ImageGen/images/furina/powers/grand_salon.png	https://static.wikia.nocookie.net/gensin-impact/images/7/7b/Talent_Salon_Solitaire_2.png/revision/latest?cb=20231108024420	F	medium
ImageGen/images/furina/powers/all_the_worlds_a_stage.png	https://static.wikia.nocookie.net/gensin-impact/images/e/e3/Talent_Endless_Waltz.png/revision/latest?cb=20231108024427	F	medium
ImageGen/images/furina/powers/center_stage.png	https://static.wikia.nocookie.net/gensin-impact/images/d/d0/Talent_The_Sea_Is_My_Stage.png/revision/latest?cb=20231108024423	F	medium
ImageGen/images/furina/powers/guest_cast.png	https://static.wikia.nocookie.net/gensin-impact/images/2/2d/Constellation_They_Know_Not_Life%2C_Who_Dwelt_in_the_Netherworld_Not%21.png/revision/latest?cb=20231108024416	F	medium
ImageGen/images/furina/powers/leading_role.png	https://static.wikia.nocookie.net/gensin-impact/images/5/55/Constellation_His_Name_I_Now_Know%2C_It_Is...%21.png/revision/latest?cb=20231108024411	F	medium
ImageGen/images/furina/powers/supporting_cast.png	https://static.wikia.nocookie.net/gensin-impact/images/7/75/Constellation_My_Secret_Is_Hidden_Within_Me%2C_No_One_Will_Know_My_Name.png/revision/latest?cb=20231108024414	F	medium
ImageGen/images/furina/powers/top_billing.png	https://static.wikia.nocookie.net/gensin-impact/images/6/64/Constellation_Love_Is_a_Rebellious_Bird_That_None_Can_Tame.png/revision/latest?cb=20231108024413	F	medium
ImageGen/images/furina/powers/star_of_the_show.png	https://static.wikia.nocookie.net/gensin-impact/images/7/7b/Animula_Choragi_Shape.png/revision/latest?cb=20231108030823	F	medium
ImageGen/images/furina/powers/stage_lights.png	https://static.wikia.nocookie.net/gensin-impact/images/c/c0/Talent_Unheard_Confession.png/revision/latest?cb=20231108024425	F	medium
art/candidates/power_furina_standing_ovation/r1.png	https://static.wikia.nocookie.net/gensin-impact/images/e/e6/Furina_Icon.png/revision/latest?cb=20231108030656	F	medium
art/candidates/power_furina_ovation_trickle/r1.png	https://static.wikia.nocookie.net/gensin-impact/images/8/80/Item_Furina_Banquet.png/revision/latest?cb=20231108032121	F	medium
ImageGen/images/furina/powers/limelight.png	https://static.wikia.nocookie.net/gensin-impact/images/6/63/Constellation_Hear_Me_%E2%80%94_Let_Us_Raise_the_Chalice_of_Love%21.png/revision/latest?cb=20231108024409	F	medium
art/candidates/gorou_inuzaka_charge/r1.png	https://static.wikia.nocookie.net/gensin-impact/images/0/01/Gorou_Character_Card.png/revision/latest?cb=20231221225102	F	high
art/candidates/gorou_inuzaka_charge/r2.png	https://static.wikia.nocookie.net/gensin-impact/images/1/14/Gorou_Portrait.png/revision/latest?cb=20230826071109	F	high
art/candidates/gorou_inuzaka_charge/r3.png	https://static.wikia.nocookie.net/gensin-impact/images/0/0b/Gorou_Card.png/revision/latest?cb=20220725204934	F	high
art/candidates/gorou_war_banner/r1.png	https://static.wikia.nocookie.net/gensin-impact/images/2/25/Gorou_Wish.png/revision/latest?cb=20231214215314	F	high
art/candidates/gorou_war_banner/r2.png	https://static.wikia.nocookie.net/gensin-impact/images/1/14/Gorou_Portrait.png/revision/latest?cb=20230826071109	F	high
art/candidates/gorou_war_banner/r3.png	https://static.wikia.nocookie.net/gensin-impact/images/0/0b/Gorou_Card.png/revision/latest?cb=20220725204934	F	high
art/candidates/gorou_heart_of_the_clan/r1.png	https://static.wikia.nocookie.net/gensin-impact/images/0/0b/Gorou_Introduction_Card.png/revision/latest?cb=20241103202851	F	high
art/candidates/gorou_heart_of_the_clan/r2.png	https://static.wikia.nocookie.net/gensin-impact/images/1/14/Gorou_Portrait.png/revision/latest?cb=20230826071109	F	high
art/candidates/gorou_heart_of_the_clan/r3.png	https://static.wikia.nocookie.net/gensin-impact/images/0/0b/Gorou_Card.png/revision/latest?cb=20220725204934	F	high
art/candidates/sayu_yoohoo_windwheel/r1.png	https://static.wikia.nocookie.net/gensin-impact/images/0/0d/Sayu_Character_Card.png/revision/latest?cb=20240131103512	F	high
art/candidates/sayu_yoohoo_windwheel/r2.png	https://static.wikia.nocookie.net/gensin-impact/images/8/8d/Sayu_Character_Card_Platinum.png/revision/latest?cb=20250716032716	F	high
art/candidates/sayu_yoohoo_windwheel/r3.png	https://static.wikia.nocookie.net/gensin-impact/images/2/28/Sayu_Portrait.png/revision/latest?cb=20230826071336	F	high
art/candidates/sayu_daruma_gift/r1.png	https://static.wikia.nocookie.net/gensin-impact/images/d/da/Sayu_Wish.png/revision/latest?cb=20231214220617	F	high
art/candidates/sayu_daruma_gift/r2.png	https://static.wikia.nocookie.net/gensin-impact/images/8/8d/Sayu_Character_Card_Platinum.png/revision/latest?cb=20250716032716	F	high
art/candidates/sayu_daruma_gift/r3.png	https://static.wikia.nocookie.net/gensin-impact/images/2/28/Sayu_Portrait.png/revision/latest?cb=20230826071336	F	high
art/candidates/sayu_naptime/r1.png	https://static.wikia.nocookie.net/gensin-impact/images/b/b7/Character_Sayu_Full_Wish.png/revision/latest?cb=20220507130546	F	high
art/candidates/sayu_naptime/r2.png	https://static.wikia.nocookie.net/gensin-impact/images/8/8d/Sayu_Character_Card_Platinum.png/revision/latest?cb=20250716032716	F	high
art/candidates/sayu_naptime/r3.png	https://static.wikia.nocookie.net/gensin-impact/images/2/28/Sayu_Portrait.png/revision/latest?cb=20230826071336	F	high
art/candidates/shinobu_sanctifying_ring/r1.png	https://static.wikia.nocookie.net/gensin-impact/images/e/e1/Kuki_Shinobu_Character_Card.png/revision/latest?cb=20240425213341	F	high
art/candidates/shinobu_sanctifying_ring/r2.png	https://static.wikia.nocookie.net/gensin-impact/images/c/c7/Kuki_Shinobu_Character_Card_Platinum.png/revision/latest?cb=20250716031737	F	high
art/candidates/shinobu_sanctifying_ring/r3.png	https://static.wikia.nocookie.net/gensin-impact/images/2/29/Kuki_Shinobu_Character_Card_Golden.png/revision/latest?cb=20240516134459	F	high
art/candidates/shinobu_grass_ring_bond/r1.png	https://static.wikia.nocookie.net/gensin-impact/images/b/b8/Kuki_Shinobu_Wish.png/revision/latest?cb=20231214215822	F	high
art/candidates/shinobu_grass_ring_bond/r2.png	https://static.wikia.nocookie.net/gensin-impact/images/c/c7/Kuki_Shinobu_Character_Card_Platinum.png/revision/latest?cb=20250716031737	F	high
art/candidates/shinobu_grass_ring_bond/r3.png	https://static.wikia.nocookie.net/gensin-impact/images/2/29/Kuki_Shinobu_Character_Card_Golden.png/revision/latest?cb=20240516134459	F	high
art/candidates/shinobu_thundergrust/r1.png	https://static.wikia.nocookie.net/gensin-impact/images/1/1f/Character_Kuki_Shinobu_Full_Wish.png/revision/latest?cb=20220621105256	F	high
art/candidates/shinobu_thundergrust/r2.png	https://static.wikia.nocookie.net/gensin-impact/images/c/c7/Kuki_Shinobu_Character_Card_Platinum.png/revision/latest?cb=20250716031737	F	high
art/candidates/shinobu_thundergrust/r3.png	https://static.wikia.nocookie.net/gensin-impact/images/2/29/Kuki_Shinobu_Character_Card_Golden.png/revision/latest?cb=20240516134459	F	high
art/candidates/sara_crowfeather_cover/r1.png	https://static.wikia.nocookie.net/gensin-impact/images/8/84/Kujou_Sara_Character_Card.png/revision/latest?cb=20230302031244	F	high
art/candidates/sara_crowfeather_cover/r2.png	https://static.wikia.nocookie.net/gensin-impact/images/7/7f/Kujou_Sara_Character_Card_Platinum.png/revision/latest?cb=20250716031604	F	high
art/candidates/sara_crowfeather_cover/r3.png	https://static.wikia.nocookie.net/gensin-impact/images/b/b3/Kujou_Sara_Character_Card_Golden.png/revision/latest?cb=20230302031507	F	high
art/candidates/sara_tengu_stormcall/r1.png	https://static.wikia.nocookie.net/gensin-impact/images/c/c7/Kujou_Sara_Wish.png/revision/latest?cb=20231214215801	F	high
art/candidates/sara_tengu_stormcall/r2.png	https://static.wikia.nocookie.net/gensin-impact/images/7/7f/Kujou_Sara_Character_Card_Platinum.png/revision/latest?cb=20250716031604	F	high
art/candidates/sara_tengu_stormcall/r3.png	https://static.wikia.nocookie.net/gensin-impact/images/b/b3/Kujou_Sara_Character_Card_Golden.png/revision/latest?cb=20230302031507	F	high
art/candidates/thoma_blazing_barrier/r1.png	https://static.wikia.nocookie.net/gensin-impact/images/1/19/Thoma_Character_Card.png/revision/latest?cb=20240131104004	F	high
art/candidates/thoma_blazing_barrier/r2.png	https://static.wikia.nocookie.net/gensin-impact/images/3/30/Thoma_Character_Card_Platinum.png/revision/latest?cb=20250716030558	F	high
art/candidates/thoma_blazing_barrier/r3.png	https://static.wikia.nocookie.net/gensin-impact/images/c/c9/Thoma_Character_Card_Golden.png/revision/latest?cb=20240221215706	F	high
art/candidates/thoma_crimson_ooyoroi/r1.png	https://static.wikia.nocookie.net/gensin-impact/images/a/a7/Thoma_Wish.png/revision/latest?cb=20231214220847	F	high
art/candidates/thoma_crimson_ooyoroi/r2.png	https://static.wikia.nocookie.net/gensin-impact/images/3/30/Thoma_Character_Card_Platinum.png/revision/latest?cb=20250716030558	F	high
art/candidates/thoma_crimson_ooyoroi/r3.png	https://static.wikia.nocookie.net/gensin-impact/images/c/c9/Thoma_Character_Card_Golden.png/revision/latest?cb=20240221215706	F	high
art/candidates/itto_superlative_superstrength/r1.png	https://static.wikia.nocookie.net/gensin-impact/images/7/7d/Arataki_Itto_Character_Card.png/revision/latest?cb=20230415230222	F	high
art/candidates/itto_superlative_superstrength/r2.png	https://static.wikia.nocookie.net/gensin-impact/images/b/b7/Arataki_Itto_Character_Card_Platinum.png/revision/latest?cb=20250716033321	F	high
art/candidates/itto_superlative_superstrength/r3.png	https://static.wikia.nocookie.net/gensin-impact/images/b/b4/Arataki_Itto_Wish.png/revision/latest?cb=20231214214207	F	high
art/candidates/raiden_musou_no_hitotachi/r1.png	https://static.wikia.nocookie.net/gensin-impact/images/a/a3/Character_Raiden_Shogun_Full_Wish.png/revision/latest?cb=20220507154003	F	high
art/candidates/raiden_musou_no_hitotachi/r2.png	https://static.wikia.nocookie.net/gensin-impact/images/2/21/Raiden_Shogun_Character_Card_Platinum.png/revision/latest?cb=20250716031619	F	high
art/candidates/raiden_musou_no_hitotachi/r3.png	https://static.wikia.nocookie.net/gensin-impact/images/9/9a/Raiden_Shogun_Character_Card_Golden.png/revision/latest?cb=20230619035132	F	high
art/candidates/waters_edge/r1.png	https://static.wikia.nocookie.net/gensin-impact/images/1/18/Sangonomiya_Kokomi_Wish.png/revision/latest?cb=20231214220601	F	high
art/candidates/waters_edge/r2.png	https://static.wikia.nocookie.net/gensin-impact/images/d/d3/Sangonomiya_Kokomi_Character_Card.png/revision/latest?cb=20230302031258	F	high
art/candidates/waters_edge/r3.png	https://static.wikia.nocookie.net/gensin-impact/images/b/b4/Kurage%27s_Oath_Preview.gif/revision/latest?cb=20210925001050	F	high
art/candidates/coral_guard/r1.png	https://static.wikia.nocookie.net/gensin-impact/images/6/6e/Talent_Kurage%27s_Oath.png/revision/latest?cb=20211219145729	F	high
art/candidates/coral_guard/r2.png	https://static.wikia.nocookie.net/gensin-impact/images/0/07/Item_Sango_Pearl.png/revision/latest?cb=20210901044949	F	high
art/candidates/coral_guard/r3.png	https://static.wikia.nocookie.net/gensin-impact/images/a/af/Sangonomiya_Kokomi_Portrait.png/revision/latest?cb=20230826071317	F	high
art/candidates/bake_kurage/r1.png	https://static.wikia.nocookie.net/gensin-impact/images/6/6d/Bake-Kurage_Summon.png/revision/latest?cb=20230302052124	F	high
art/candidates/bake_kurage/r2.png	https://static.wikia.nocookie.net/gensin-impact/images/b/b4/Kurage%27s_Oath_Preview.gif/revision/latest?cb=20210925001050	F	high
art/candidates/bake_kurage/r3.png	https://static.wikia.nocookie.net/gensin-impact/images/6/62/Item_Sangonomiya_Kokomi_The_Deep.png/revision/latest?cb=20210901111438	F	high
art/candidates/tactical_retreat/r1.png	https://static.wikia.nocookie.net/gensin-impact/images/3/33/Icon_Emoji_Paimon%27s_Paintings_09_Sangonomiya_Kokomi_1.png/revision/latest?cb=20211118213236	F	high
art/candidates/tactical_retreat/r2.png	https://static.wikia.nocookie.net/gensin-impact/images/4/4b/Sangonomiya_Kokomi_Expression_1.png/revision/latest?cb=20221230123019	F	high
art/candidates/tactical_retreat/r3.png	https://static.wikia.nocookie.net/gensin-impact/images/7/77/Character_Sangonomiya_Kokomi_Game.png/revision/latest?cb=20241004005321	F	high
art/candidates/tide_reading/r1.png	https://static.wikia.nocookie.net/gensin-impact/images/6/62/Item_Sangonomiya_Kokomi_The_Deep.png/revision/latest?cb=20210901111438	F	high
art/candidates/tide_reading/r2.png	https://static.wikia.nocookie.net/gensin-impact/images/3/34/Sangonomiya_Kokomi_Item.png/revision/latest?cb=20210921144931	F	high
art/candidates/tide_reading/r3.png	https://static.wikia.nocookie.net/gensin-impact/images/a/ad/Sangonomiya_Kokomi_Expression_2.png/revision/latest?cb=20221230123025	F	high
art/candidates/conscription_notice/r1.png	https://static.wikia.nocookie.net/gensin-impact/images/3/34/Sangonomiya_Kokomi_Item.png/revision/latest?cb=20210921144931	F	high
art/candidates/conscription_notice/r2.png	https://static.wikia.nocookie.net/gensin-impact/images/6/6d/Item_Sango_Pearl_Wild.png/revision/latest?cb=20220815224641	F	high
art/candidates/conscription_notice/r3.png	https://static.wikia.nocookie.net/gensin-impact/images/1/1f/Sangonomiya_Kokomi_Character_Card_Showcase.png/revision/latest?cb=20240309055448	F	high
art/candidates/standing_orders/r1.png	https://static.wikia.nocookie.net/gensin-impact/images/d/d4/Sangonomiya_Kokomi_Character_Card_Platinum.png/revision/latest?cb=20250716012216	F	high
art/candidates/standing_orders/r2.png	https://static.wikia.nocookie.net/gensin-impact/images/0/07/Item_Sango_Pearl.png/revision/latest?cb=20210901044949	F	high
art/candidates/standing_orders/r3.png	https://static.wikia.nocookie.net/gensin-impact/images/0/0e/Sangonomiya_Kokomi_Introduction_Card.jpg/revision/latest?cb=20210722134714	F	high
art/candidates/shoulder_to_shoulder/r1.png	https://static.wikia.nocookie.net/gensin-impact/images/c/c8/Sangonomiya_Kokomi_Multi_Wish.png/revision/latest?cb=20210921145306	F	high
art/candidates/shoulder_to_shoulder/r2.png	https://static.wikia.nocookie.net/gensin-impact/images/1/10/Icon_Emoji_Paimon%27s_Paintings_24_Sangonomiya_Kokomi_1.png/revision/latest?cb=20230528042825	F	high
art/candidates/shoulder_to_shoulder/r3.png	https://static.wikia.nocookie.net/gensin-impact/images/a/a3/Sangonomiya_Kokomi_Character_Card_Golden.png/revision/latest?cb=20230302031509	F	high
art/candidates/signal_arrow/r1.png	https://static.wikia.nocookie.net/gensin-impact/images/1/10/Nereid%27s_Ascension_Preview.gif/revision/latest?cb=20210925001042	F	high
art/candidates/signal_arrow/r2.png	https://static.wikia.nocookie.net/gensin-impact/images/1/18/Sangonomiya_Kokomi_Wish.png/revision/latest?cb=20231214220601	F	high
art/candidates/signal_arrow/r3.png	https://static.wikia.nocookie.net/gensin-impact/images/d/d3/Sangonomiya_Kokomi_Character_Card.png/revision/latest?cb=20230302031258	F	high
art/candidates/to_the_front/r1.png	https://static.wikia.nocookie.net/gensin-impact/images/0/0e/Sangonomiya_Kokomi_Introduction_Card.jpg/revision/latest?cb=20210722134714	F	high
art/candidates/to_the_front/r2.png	https://static.wikia.nocookie.net/gensin-impact/images/1/1f/Sangonomiya_Kokomi_Character_Card_Showcase.png/revision/latest?cb=20240309055448	F	high
art/candidates/to_the_front/r3.png	https://static.wikia.nocookie.net/gensin-impact/images/d/d4/Sangonomiya_Kokomi_Character_Card_Platinum.png/revision/latest?cb=20250716012216	F	high
art/candidates/cleansing_tide/r1.png	https://static.wikia.nocookie.net/gensin-impact/images/6/6d/Item_Sango_Pearl_Wild.png/revision/latest?cb=20220815224641	F	high
art/candidates/cleansing_tide/r2.png	https://static.wikia.nocookie.net/gensin-impact/images/6/6a/Nereid%27s_Ascension_Ceremonial_Garment_Water_Preview.gif/revision/latest?cb=20210925000918	F	high
art/candidates/cleansing_tide/r3.png	https://static.wikia.nocookie.net/gensin-impact/images/6/65/Sangonomiya_Kokomi_Vision.png/revision/latest?cb=20221231154136	F	high
art/candidates/pearl_diver/r1.png	https://static.wikia.nocookie.net/gensin-impact/images/0/07/Item_Sango_Pearl.png/revision/latest?cb=20210901044949	F	high
art/candidates/pearl_diver/r2.png	https://static.wikia.nocookie.net/gensin-impact/images/6/6d/Item_Sango_Pearl_Wild.png/revision/latest?cb=20220815224641	F	high
art/candidates/pearl_diver/r3.png	https://static.wikia.nocookie.net/gensin-impact/images/7/70/Namecard_Background_Sangonomiya_Kokomi_The_Deep.png/revision/latest?cb=20210902035100	F	high
art/candidates/ritual_purification/r1.png	https://static.wikia.nocookie.net/gensin-impact/images/6/65/Sangonomiya_Kokomi_Vision.png/revision/latest?cb=20221231154136	F	high
art/candidates/ritual_purification/r2.png	https://static.wikia.nocookie.net/gensin-impact/images/6/62/Item_Sangonomiya_Kokomi_The_Deep.png/revision/latest?cb=20210901111438	F	high
art/candidates/ritual_purification/r3.png	https://static.wikia.nocookie.net/gensin-impact/images/6/6a/Nereid%27s_Ascension_Ceremonial_Garment_Water_Preview.gif/revision/latest?cb=20210925000918	F	high
art/candidates/tideline_watch/r1.png	https://static.wikia.nocookie.net/gensin-impact/images/7/70/Namecard_Background_Sangonomiya_Kokomi_The_Deep.png/revision/latest?cb=20210902035100	F	high
art/candidates/tideline_watch/r2.png	https://static.wikia.nocookie.net/gensin-impact/images/8/85/Sangonomiya_Kokomi_Profile.png/revision/latest?cb=20221009185211	F	high
art/candidates/tideline_watch/r3.png	https://static.wikia.nocookie.net/gensin-impact/images/3/34/Sangonomiya_Kokomi_Item.png/revision/latest?cb=20210921144931	F	high
art/candidates/votive_offering/r1.png	https://static.wikia.nocookie.net/gensin-impact/images/3/34/Sangonomiya_Kokomi_Item.png/revision/latest?cb=20210921144931	F	high
art/candidates/votive_offering/r2.png	https://static.wikia.nocookie.net/gensin-impact/images/0/07/Item_Sango_Pearl.png/revision/latest?cb=20210901044949	F	high
art/candidates/votive_offering/r3.png	https://static.wikia.nocookie.net/gensin-impact/images/9/94/Icon_Emoji_Paimon%27s_Paintings_25_Sangonomiya_Kokomi_1.png/revision/latest?cb=20230717042129	F	high
art/candidates/kurages_oath/r1.png	https://static.wikia.nocookie.net/gensin-impact/images/6/6e/Talent_Kurage%27s_Oath.png/revision/latest?cb=20211219145729	F	high
art/candidates/kurages_oath/r2.png	https://static.wikia.nocookie.net/gensin-impact/images/b/b4/Kurage%27s_Oath_Preview.gif/revision/latest?cb=20210925001050	F	high
art/candidates/kurages_oath/r3.png	https://static.wikia.nocookie.net/gensin-impact/images/6/6d/Bake-Kurage_Summon.png/revision/latest?cb=20230302052124	F	high
art/candidates/moon_signal/r1.png	https://static.wikia.nocookie.net/gensin-impact/images/1/14/Icon_Emoji_Paimon%27s_Paintings_09_Sangonomiya_Kokomi_2.png/revision/latest?cb=20211118213111	F	high
art/candidates/moon_signal/r2.png	https://static.wikia.nocookie.net/gensin-impact/images/a/ad/Sangonomiya_Kokomi_Expression_2.png/revision/latest?cb=20221230123025	F	high
art/candidates/moon_signal/r3.png	https://static.wikia.nocookie.net/gensin-impact/images/e/ea/Icon_Emoji_Paimon%27s_Paintings_13_Sangonomiya_Kokomi_1.png/revision/latest?cb=20220311051322	F	high
art/candidates/undertow_shuffle/r1.png	https://static.wikia.nocookie.net/gensin-impact/images/4/4f/Icon_Emoji_Paimon%27s_Paintings_09_Sangonomiya_Kokomi_3.png/revision/latest?cb=20211118213308	F	high
art/candidates/undertow_shuffle/r2.png	https://static.wikia.nocookie.net/gensin-impact/images/b/b8/Sangonomiya_Kokomi_Expression_3.png/revision/latest?cb=20221230123032	F	high
art/candidates/undertow_shuffle/r3.png	https://static.wikia.nocookie.net/gensin-impact/images/2/27/Icon_Emoji_Paimon%27s_Paintings_13_Sangonomiya_Kokomi_2.png/revision/latest?cb=20220311051423	F	high
art/candidates/whispered_word/r1.png	https://static.wikia.nocookie.net/gensin-impact/images/0/03/Icon_Emoji_Paimon%27s_Paintings_09_Sangonomiya_Kokomi_4.png/revision/latest?cb=20211118213359	F	high
art/candidates/whispered_word/r2.png	https://static.wikia.nocookie.net/gensin-impact/images/b/b2/Icon_Emoji_Paimon%27s_Paintings_13_Sangonomiya_Kokomi_3.png/revision/latest?cb=20220311051504	F	high
art/candidates/whispered_word/r3.png	https://static.wikia.nocookie.net/gensin-impact/images/4/4b/Sangonomiya_Kokomi_Expression_1.png/revision/latest?cb=20221230123019	F	high
art/candidates/drifting_lantern/r1.png	https://static.wikia.nocookie.net/gensin-impact/images/e/ea/Icon_Emoji_Paimon%27s_Paintings_13_Sangonomiya_Kokomi_1.png/revision/latest?cb=20220311051322	F	high
art/candidates/drifting_lantern/r2.png	https://static.wikia.nocookie.net/gensin-impact/images/6/62/Item_Sangonomiya_Kokomi_The_Deep.png/revision/latest?cb=20210901111438	F	high
art/candidates/drifting_lantern/r3.png	https://static.wikia.nocookie.net/gensin-impact/images/a/a5/Icon_Emoji_Paimon%27s_Paintings_25_Sangonomiya_Kokomi_2.png/revision/latest?cb=20230717042131	F	high
art/candidates/driftwood_charm/r1.png	https://static.wikia.nocookie.net/gensin-impact/images/2/27/Icon_Emoji_Paimon%27s_Paintings_13_Sangonomiya_Kokomi_2.png/revision/latest?cb=20220311051423	F	high
art/candidates/driftwood_charm/r2.png	https://static.wikia.nocookie.net/gensin-impact/images/6/6d/Item_Sango_Pearl_Wild.png/revision/latest?cb=20220815224641	F	high
art/candidates/driftwood_charm/r3.png	https://static.wikia.nocookie.net/gensin-impact/images/a/aa/Icon_Emoji_Paimon%27s_Paintings_39_Sangonomiya_Kokomi.png/revision/latest?cb=20250217183936	F	high
art/candidates/pulsing_current/r1.png	https://static.wikia.nocookie.net/gensin-impact/images/b/b4/Kurage%27s_Oath_Preview.gif/revision/latest?cb=20210925001050	F	high
art/candidates/pulsing_current/r2.png	https://static.wikia.nocookie.net/gensin-impact/images/2/24/Character_Sangonomiya_Kokomi_Full_Wish.png/revision/latest?cb=20220507131919	F	high
art/candidates/pulsing_current/r3.png	https://static.wikia.nocookie.net/gensin-impact/images/a/a3/Sangonomiya_Kokomi_Character_Card_Golden.png/revision/latest?cb=20230302031509	F	high
art/candidates/scattering_spray/r1.png	https://static.wikia.nocookie.net/gensin-impact/images/c/ce/Nereid%27s_Ascension_Ceremonial_Garment_Attack_Preview.gif/revision/latest?cb=20210925000941	F	high
art/candidates/scattering_spray/r2.png	https://static.wikia.nocookie.net/gensin-impact/images/f/f4/Sangonomiya_Kokomi_Card.png/revision/latest?cb=20220725205145	F	high
art/candidates/scattering_spray/r3.png	https://static.wikia.nocookie.net/gensin-impact/images/b/b2/Icon_Emoji_Paimon%27s_Paintings_13_Sangonomiya_Kokomi_3.png/revision/latest?cb=20220311051504	F	high
art/candidates/slack_water/r1.png	https://static.wikia.nocookie.net/gensin-impact/images/8/85/Sangonomiya_Kokomi_Profile.png/revision/latest?cb=20221009185211	F	high
art/candidates/slack_water/r2.png	https://static.wikia.nocookie.net/gensin-impact/images/7/70/Namecard_Background_Sangonomiya_Kokomi_The_Deep.png/revision/latest?cb=20210902035100	F	high
art/candidates/slack_water/r3.png	https://static.wikia.nocookie.net/gensin-impact/images/6/65/Sangonomiya_Kokomi_Vision.png/revision/latest?cb=20221231154136	F	high
art/candidates/steady_the_line/r1.png	https://static.wikia.nocookie.net/gensin-impact/images/7/77/Character_Sangonomiya_Kokomi_Game.png/revision/latest?cb=20241004005321	F	high
art/candidates/steady_the_line/r2.png	https://static.wikia.nocookie.net/gensin-impact/images/1/10/Icon_Emoji_Paimon%27s_Paintings_24_Sangonomiya_Kokomi_1.png/revision/latest?cb=20230528042825	F	high
art/candidates/steady_the_line/r3.png	https://static.wikia.nocookie.net/gensin-impact/images/c/c8/Sangonomiya_Kokomi_Multi_Wish.png/revision/latest?cb=20210921145306	F	high
art/candidates/surging_shoal/r1.png	https://static.wikia.nocookie.net/gensin-impact/images/f/f4/Sangonomiya_Kokomi_Card.png/revision/latest?cb=20220725205145	F	high
art/candidates/surging_shoal/r2.png	https://static.wikia.nocookie.net/gensin-impact/images/1/10/Nereid%27s_Ascension_Preview.gif/revision/latest?cb=20210925001042	F	high
art/candidates/surging_shoal/r3.png	https://static.wikia.nocookie.net/gensin-impact/images/2/24/Character_Sangonomiya_Kokomi_Full_Wish.png/revision/latest?cb=20220507131919	F	high
art/candidates/tideturn/r1.png	https://static.wikia.nocookie.net/gensin-impact/images/1/18/Sangonomiya_Kokomi_Wish.png/revision/latest?cb=20231214220601	F	high
art/candidates/tideturn/r2.png	https://static.wikia.nocookie.net/gensin-impact/images/c/ce/Nereid%27s_Ascension_Ceremonial_Garment_Attack_Preview.gif/revision/latest?cb=20210925000941	F	high
art/candidates/tideturn/r3.png	https://static.wikia.nocookie.net/gensin-impact/images/1/1f/Sangonomiya_Kokomi_Character_Card_Showcase.png/revision/latest?cb=20240309055448	F	high
art/candidates/vow_of_tides/r1.png	https://static.wikia.nocookie.net/gensin-impact/images/6/6a/Nereid%27s_Ascension_Ceremonial_Garment_Water_Preview.gif/revision/latest?cb=20210925000918	F	high
art/candidates/vow_of_tides/r2.png	https://static.wikia.nocookie.net/gensin-impact/images/0/0e/Sangonomiya_Kokomi_Introduction_Card.jpg/revision/latest?cb=20210722134714	F	high
art/candidates/vow_of_tides/r3.png	https://static.wikia.nocookie.net/gensin-impact/images/d/d3/Sangonomiya_Kokomi_Character_Card.png/revision/latest?cb=20230302031258	F	high
art/candidates/waterspout/r1.png	https://static.wikia.nocookie.net/gensin-impact/images/1/10/Nereid%27s_Ascension_Preview.gif/revision/latest?cb=20210925001042	F	high
art/candidates/waterspout/r2.png	https://static.wikia.nocookie.net/gensin-impact/images/f/f4/Sangonomiya_Kokomi_Card.png/revision/latest?cb=20220725205145	F	high
art/candidates/waterspout/r3.png	https://static.wikia.nocookie.net/gensin-impact/images/c/ce/Nereid%27s_Ascension_Ceremonial_Garment_Attack_Preview.gif/revision/latest?cb=20210925000941	F	high
art/candidates/jade_bulwark/r1.png	https://static.wikia.nocookie.net/gensin-impact/images/0/07/Item_Sango_Pearl.png/revision/latest?cb=20210901044949	F	high
art/candidates/jade_bulwark/r2.png	https://static.wikia.nocookie.net/gensin-impact/images/a/af/Sangonomiya_Kokomi_Portrait.png/revision/latest?cb=20230826071317	F	high
art/candidates/jade_bulwark/r3.png	https://static.wikia.nocookie.net/gensin-impact/images/6/65/Sangonomiya_Kokomi_Vision.png/revision/latest?cb=20221231154136	F	high
art/candidates/all_streams_flow/r1.png	https://static.wikia.nocookie.net/gensin-impact/images/2/24/Character_Sangonomiya_Kokomi_Full_Wish.png/revision/latest?cb=20220507131919	F	high
art/candidates/all_streams_flow/r2.png	https://static.wikia.nocookie.net/gensin-impact/images/1/10/Nereid%27s_Ascension_Preview.gif/revision/latest?cb=20210925001042	F	high
art/candidates/all_streams_flow/r3.png	https://static.wikia.nocookie.net/gensin-impact/images/f/f4/Sangonomiya_Kokomi_Card.png/revision/latest?cb=20220725205145	F	high
art/candidates/communion_of_tides/r1.png	https://static.wikia.nocookie.net/gensin-impact/images/6/6a/Nereid%27s_Ascension_Ceremonial_Garment_Water_Preview.gif/revision/latest?cb=20210925000918	F	high
art/candidates/communion_of_tides/r2.png	https://static.wikia.nocookie.net/gensin-impact/images/6/65/Sangonomiya_Kokomi_Vision.png/revision/latest?cb=20221231154136	F	high
art/candidates/communion_of_tides/r3.png	https://static.wikia.nocookie.net/gensin-impact/images/7/70/Namecard_Background_Sangonomiya_Kokomi_The_Deep.png/revision/latest?cb=20210902035100	F	high
art/candidates/driftglass/r1.png	https://static.wikia.nocookie.net/gensin-impact/images/a/a5/Icon_Emoji_Paimon%27s_Paintings_25_Sangonomiya_Kokomi_2.png/revision/latest?cb=20230717042131	F	high
art/candidates/driftglass/r2.png	https://static.wikia.nocookie.net/gensin-impact/images/6/6d/Item_Sango_Pearl_Wild.png/revision/latest?cb=20220815224641	F	high
art/candidates/driftglass/r3.png	https://static.wikia.nocookie.net/gensin-impact/images/1/11/Side_by_Side_We_Venture_Character_Kokomi.png/revision/latest?cb=20211002215915	F	high
art/candidates/exposing_current/r1.png	https://static.wikia.nocookie.net/gensin-impact/images/c/ce/Nereid%27s_Ascension_Ceremonial_Garment_Attack_Preview.gif/revision/latest?cb=20210925000941	F	high
art/candidates/exposing_current/r2.png	https://static.wikia.nocookie.net/gensin-impact/images/1/18/Sangonomiya_Kokomi_Wish.png/revision/latest?cb=20231214220601	F	high
art/candidates/exposing_current/r3.png	https://static.wikia.nocookie.net/gensin-impact/images/d/d4/Sangonomiya_Kokomi_Character_Card_Platinum.png/revision/latest?cb=20250716012216	F	high
art/candidates/field_promotion/r1.png	https://static.wikia.nocookie.net/gensin-impact/images/a/a3/Sangonomiya_Kokomi_Character_Card_Golden.png/revision/latest?cb=20230302031509	F	high
art/candidates/field_promotion/r2.png	https://static.wikia.nocookie.net/gensin-impact/images/1/1f/Sangonomiya_Kokomi_Character_Card_Showcase.png/revision/latest?cb=20240309055448	F	high
art/candidates/field_promotion/r3.png	https://static.wikia.nocookie.net/gensin-impact/images/3/34/Sangonomiya_Kokomi_Item.png/revision/latest?cb=20210921144931	F	high
art/candidates/honor_guard/r1.png	https://static.wikia.nocookie.net/gensin-impact/images/c/c8/Sangonomiya_Kokomi_Multi_Wish.png/revision/latest?cb=20210921145306	F	high
art/candidates/honor_guard/r2.png	https://static.wikia.nocookie.net/gensin-impact/images/d/d4/Sangonomiya_Kokomi_Character_Card_Platinum.png/revision/latest?cb=20250716012216	F	high
art/candidates/honor_guard/r3.png	https://static.wikia.nocookie.net/gensin-impact/images/0/0e/Sangonomiya_Kokomi_Introduction_Card.jpg/revision/latest?cb=20210722134714	F	high
art/candidates/mass_mobilization/r1.png	https://static.wikia.nocookie.net/gensin-impact/images/1/1f/Sangonomiya_Kokomi_Character_Card_Showcase.png/revision/latest?cb=20240309055448	F	high
art/candidates/mass_mobilization/r2.png	https://static.wikia.nocookie.net/gensin-impact/images/c/c8/Sangonomiya_Kokomi_Multi_Wish.png/revision/latest?cb=20210921145306	F	high
art/candidates/mass_mobilization/r3.png	https://static.wikia.nocookie.net/gensin-impact/images/6/6d/Item_Sango_Pearl_Wild.png/revision/latest?cb=20220815224641	F	high
art/candidates/mercy_of_the_deep/r1.png	https://static.wikia.nocookie.net/gensin-impact/images/6/62/Item_Sangonomiya_Kokomi_The_Deep.png/revision/latest?cb=20210901111438	F	high
art/candidates/mercy_of_the_deep/r2.png	https://static.wikia.nocookie.net/gensin-impact/images/6/6a/Nereid%27s_Ascension_Ceremonial_Garment_Water_Preview.gif/revision/latest?cb=20210925000918	F	high
art/candidates/mercy_of_the_deep/r3.png	https://static.wikia.nocookie.net/gensin-impact/images/0/07/Item_Sango_Pearl.png/revision/latest?cb=20210901044949	F	high
art/candidates/moonlit_offering/r1.png	https://static.wikia.nocookie.net/gensin-impact/images/a/aa/Icon_Emoji_Paimon%27s_Paintings_39_Sangonomiya_Kokomi.png/revision/latest?cb=20250217183936	F	high
art/candidates/moonlit_offering/r2.png	https://static.wikia.nocookie.net/gensin-impact/images/3/34/Sangonomiya_Kokomi_Item.png/revision/latest?cb=20210921144931	F	high
art/candidates/moonlit_offering/r3.png	https://static.wikia.nocookie.net/gensin-impact/images/9/94/Icon_Emoji_Paimon%27s_Paintings_25_Sangonomiya_Kokomi_1.png/revision/latest?cb=20230717042129	F	high
art/candidates/pearl_barrage/r1.png	https://static.wikia.nocookie.net/gensin-impact/images/0/07/Item_Sango_Pearl.png/revision/latest?cb=20210901044949	F	high
art/candidates/pearl_barrage/r2.png	https://static.wikia.nocookie.net/gensin-impact/images/c/ce/Nereid%27s_Ascension_Ceremonial_Garment_Attack_Preview.gif/revision/latest?cb=20210925000941	F	high
art/candidates/pearl_barrage/r3.png	https://static.wikia.nocookie.net/gensin-impact/images/6/6d/Item_Sango_Pearl_Wild.png/revision/latest?cb=20220815224641	F	high
art/candidates/pearl_current/r1.png	https://static.wikia.nocookie.net/gensin-impact/images/6/6d/Item_Sango_Pearl_Wild.png/revision/latest?cb=20220815224641	F	high
art/candidates/pearl_current/r2.png	https://static.wikia.nocookie.net/gensin-impact/images/0/07/Item_Sango_Pearl.png/revision/latest?cb=20210901044949	F	high
art/candidates/pearl_current/r3.png	https://static.wikia.nocookie.net/gensin-impact/images/7/70/Namecard_Background_Sangonomiya_Kokomi_The_Deep.png/revision/latest?cb=20210902035100	F	high
art/candidates/press_the_advantage/r1.png	https://static.wikia.nocookie.net/gensin-impact/images/f/f4/Sangonomiya_Kokomi_Card.png/revision/latest?cb=20220725205145	F	high
art/candidates/press_the_advantage/r2.png	https://static.wikia.nocookie.net/gensin-impact/images/d/d3/Sangonomiya_Kokomi_Character_Card.png/revision/latest?cb=20230302031258	F	high
art/candidates/press_the_advantage/r3.png	https://static.wikia.nocookie.net/gensin-impact/images/1/10/Nereid%27s_Ascension_Preview.gif/revision/latest?cb=20210925001042	F	high
art/candidates/quiet_harbor/r1.png	https://static.wikia.nocookie.net/gensin-impact/images/b/b8/Sangonomiya_Kokomi_Expression_3.png/revision/latest?cb=20221230123032	F	high
art/candidates/quiet_harbor/r2.png	https://static.wikia.nocookie.net/gensin-impact/images/3/33/Icon_Emoji_Paimon%27s_Paintings_09_Sangonomiya_Kokomi_1.png/revision/latest?cb=20211118213236	F	high
art/candidates/quiet_harbor/r3.png	https://static.wikia.nocookie.net/gensin-impact/images/1/11/Side_by_Side_We_Venture_Character_Kokomi.png/revision/latest?cb=20211002215915	F	high
art/candidates/read_the_current/r1.png	https://static.wikia.nocookie.net/gensin-impact/images/8/85/Sangonomiya_Kokomi_Profile.png/revision/latest?cb=20221009185211	F	high
art/candidates/read_the_current/r2.png	https://static.wikia.nocookie.net/gensin-impact/images/6/65/Sangonomiya_Kokomi_Vision.png/revision/latest?cb=20221231154136	F	high
art/candidates/read_the_current/r3.png	https://static.wikia.nocookie.net/gensin-impact/images/7/77/Character_Sangonomiya_Kokomi_Game.png/revision/latest?cb=20241004005321	F	high
art/candidates/rearguard_action/r1.png	https://static.wikia.nocookie.net/gensin-impact/images/4/4b/Sangonomiya_Kokomi_Expression_1.png/revision/latest?cb=20221230123019	F	high
art/candidates/rearguard_action/r2.png	https://static.wikia.nocookie.net/gensin-impact/images/1/14/Icon_Emoji_Paimon%27s_Paintings_09_Sangonomiya_Kokomi_2.png/revision/latest?cb=20211118213111	F	high
art/candidates/rearguard_action/r3.png	https://static.wikia.nocookie.net/gensin-impact/images/4/4f/Icon_Emoji_Paimon%27s_Paintings_09_Sangonomiya_Kokomi_3.png/revision/latest?cb=20211118213308	F	high
art/candidates/reinforcements/r1.png	https://static.wikia.nocookie.net/gensin-impact/images/0/0e/Sangonomiya_Kokomi_Introduction_Card.jpg/revision/latest?cb=20210722134714	F	high
art/candidates/reinforcements/r2.png	https://static.wikia.nocookie.net/gensin-impact/images/c/c8/Sangonomiya_Kokomi_Multi_Wish.png/revision/latest?cb=20210921145306	F	high
art/candidates/reinforcements/r3.png	https://static.wikia.nocookie.net/gensin-impact/images/a/a3/Sangonomiya_Kokomi_Character_Card_Golden.png/revision/latest?cb=20230302031509	F	high
art/candidates/shell_of_sanctuary/r1.png	https://static.wikia.nocookie.net/gensin-impact/images/6/65/Sangonomiya_Kokomi_Vision.png/revision/latest?cb=20221231154136	F	high
art/candidates/shell_of_sanctuary/r2.png	https://static.wikia.nocookie.net/gensin-impact/images/6/62/Item_Sangonomiya_Kokomi_The_Deep.png/revision/latest?cb=20210901111438	F	high
art/candidates/shell_of_sanctuary/r3.png	https://static.wikia.nocookie.net/gensin-impact/images/a/af/Sangonomiya_Kokomi_Portrait.png/revision/latest?cb=20230826071317	F	high
art/candidates/swift_currents/r1.png	https://static.wikia.nocookie.net/gensin-impact/images/a/ad/Sangonomiya_Kokomi_Expression_2.png/revision/latest?cb=20221230123025	F	high
art/candidates/swift_currents/r2.png	https://static.wikia.nocookie.net/gensin-impact/images/0/03/Icon_Emoji_Paimon%27s_Paintings_09_Sangonomiya_Kokomi_4.png/revision/latest?cb=20211118213359	F	high
art/candidates/swift_currents/r3.png	https://static.wikia.nocookie.net/gensin-impact/images/1/11/Side_by_Side_We_Venture_Character_Kokomi.png/revision/latest?cb=20211002215915	F	high
art/candidates/the_tide_remembers/r1.png	https://static.wikia.nocookie.net/gensin-impact/images/7/70/Namecard_Background_Sangonomiya_Kokomi_The_Deep.png/revision/latest?cb=20210902035100	F	high
art/candidates/the_tide_remembers/r2.png	https://static.wikia.nocookie.net/gensin-impact/images/f/f4/Sangonomiya_Kokomi_Card.png/revision/latest?cb=20220725205145	F	high
art/candidates/the_tide_remembers/r3.png	https://static.wikia.nocookie.net/gensin-impact/images/6/6a/Nereid%27s_Ascension_Ceremonial_Garment_Water_Preview.gif/revision/latest?cb=20210925000918	F	high
art/candidates/tidal_lure/r1.png	https://static.wikia.nocookie.net/gensin-impact/images/b/b2/Icon_Emoji_Paimon%27s_Paintings_13_Sangonomiya_Kokomi_3.png/revision/latest?cb=20220311051504	F	high
art/candidates/tidal_lure/r2.png	https://static.wikia.nocookie.net/gensin-impact/images/6/6d/Bake-Kurage_Summon.png/revision/latest?cb=20230302052124	F	high
art/candidates/tidal_lure/r3.png	https://static.wikia.nocookie.net/gensin-impact/images/2/27/Icon_Emoji_Paimon%27s_Paintings_13_Sangonomiya_Kokomi_2.png/revision/latest?cb=20220311051423	F	high
art/candidates/nereids_ascension/r1.png	https://static.wikia.nocookie.net/gensin-impact/images/4/46/Talent_Nereid%27s_Ascension.png/revision/latest?cb=20210921121151	F	high
art/candidates/nereids_ascension/r2.png	https://static.wikia.nocookie.net/gensin-impact/images/1/10/Nereid%27s_Ascension_Preview.gif/revision/latest?cb=20210925001042	F	high
art/candidates/nereids_ascension/r3.png	https://static.wikia.nocookie.net/gensin-impact/images/2/24/Character_Sangonomiya_Kokomi_Full_Wish.png/revision/latest?cb=20220507131919	F	high
art/candidates/ceremonial_garment/r1.png	https://static.wikia.nocookie.net/gensin-impact/images/b/b2/Ceremonial_Garment_Buff_Icon.png/revision/latest?cb=20230317214717	F	high
art/candidates/ceremonial_garment/r2.png	https://static.wikia.nocookie.net/gensin-impact/images/6/6a/Nereid%27s_Ascension_Ceremonial_Garment_Water_Preview.gif/revision/latest?cb=20210925000918	F	high
art/candidates/ceremonial_garment/r3.png	https://static.wikia.nocookie.net/gensin-impact/images/c/ce/Nereid%27s_Ascension_Ceremonial_Garment_Attack_Preview.gif/revision/latest?cb=20210925000941	F	high
art/candidates/depths_judgment/r1.png	https://static.wikia.nocookie.net/gensin-impact/images/f/f4/Sangonomiya_Kokomi_Card.png/revision/latest?cb=20220725205145	F	high
art/candidates/depths_judgment/r2.png	https://static.wikia.nocookie.net/gensin-impact/images/1/10/Nereid%27s_Ascension_Preview.gif/revision/latest?cb=20210925001042	F	high
art/candidates/depths_judgment/r3.png	https://static.wikia.nocookie.net/gensin-impact/images/2/24/Character_Sangonomiya_Kokomi_Full_Wish.png/revision/latest?cb=20220507131919	F	high
art/candidates/epiphany_of_the_deep/r1.png	https://static.wikia.nocookie.net/gensin-impact/images/4/49/Talent_Princess_of_Watatsumi.png/revision/latest?cb=20210921121200	F	high
art/candidates/epiphany_of_the_deep/r2.png	https://static.wikia.nocookie.net/gensin-impact/images/0/07/Item_Sango_Pearl.png/revision/latest?cb=20210901044949	F	high
art/candidates/epiphany_of_the_deep/r3.png	https://static.wikia.nocookie.net/gensin-impact/images/6/62/Item_Sangonomiya_Kokomi_The_Deep.png/revision/latest?cb=20210901111438	F	high
art/candidates/grand_conscription/r1.png	https://static.wikia.nocookie.net/gensin-impact/images/7/77/Character_Sangonomiya_Kokomi_Game.png/revision/latest?cb=20241004005321	F	high
art/candidates/grand_conscription/r2.png	https://static.wikia.nocookie.net/gensin-impact/images/1/1f/Sangonomiya_Kokomi_Character_Card_Showcase.png/revision/latest?cb=20240309055448	F	high
art/candidates/grand_conscription/r3.png	https://static.wikia.nocookie.net/gensin-impact/images/c/c8/Sangonomiya_Kokomi_Multi_Wish.png/revision/latest?cb=20210921145306	F	high
art/candidates/prayer_to_the_moon/r1.png	https://static.wikia.nocookie.net/gensin-impact/images/a/af/Sangonomiya_Kokomi_Portrait.png/revision/latest?cb=20230826071317	F	high
art/candidates/prayer_to_the_moon/r2.png	https://static.wikia.nocookie.net/gensin-impact/images/6/65/Sangonomiya_Kokomi_Vision.png/revision/latest?cb=20221231154136	F	high
art/candidates/prayer_to_the_moon/r3.png	https://static.wikia.nocookie.net/gensin-impact/images/9/94/Icon_Emoji_Paimon%27s_Paintings_25_Sangonomiya_Kokomi_1.png/revision/latest?cb=20230717042129	F	high
art/candidates/sango_prayer/r1.png	https://static.wikia.nocookie.net/gensin-impact/images/6/6d/Item_Sango_Pearl_Wild.png/revision/latest?cb=20220815224641	F	high
art/candidates/sango_prayer/r2.png	https://static.wikia.nocookie.net/gensin-impact/images/8/85/Sangonomiya_Kokomi_Profile.png/revision/latest?cb=20221009185211	F	high
art/candidates/sango_prayer/r3.png	https://static.wikia.nocookie.net/gensin-impact/images/0/07/Item_Sango_Pearl.png/revision/latest?cb=20210901044949	F	high
art/candidates/vigil_of_the_deep/r1.png	https://static.wikia.nocookie.net/gensin-impact/images/0/0e/Sangonomiya_Kokomi_Introduction_Card.jpg/revision/latest?cb=20210722134714	F	high
art/candidates/vigil_of_the_deep/r2.png	https://static.wikia.nocookie.net/gensin-impact/images/7/70/Namecard_Background_Sangonomiya_Kokomi_The_Deep.png/revision/latest?cb=20210902035100	F	high
art/candidates/vigil_of_the_deep/r3.png	https://static.wikia.nocookie.net/gensin-impact/images/4/49/Talent_Princess_of_Watatsumi.png/revision/latest?cb=20210921121200	F	high
art/candidates/before_sun_and_moon/r1.png	https://static.wikia.nocookie.net/gensin-impact/images/6/6d/Bake-Kurage_Summon.png/revision/latest?cb=20230302052124	F	high
art/candidates/before_sun_and_moon/r2.png	https://static.wikia.nocookie.net/gensin-impact/images/1/18/Sangonomiya_Kokomi_Wish.png/revision/latest?cb=20231214220601	F	high
art/candidates/before_sun_and_moon/r3.png	https://static.wikia.nocookie.net/gensin-impact/images/a/a3/Sangonomiya_Kokomi_Character_Card_Golden.png/revision/latest?cb=20230302031509	F	high
art/candidates/ebb_tide/r1.png	https://static.wikia.nocookie.net/gensin-impact/images/7/70/Namecard_Background_Sangonomiya_Kokomi_The_Deep.png/revision/latest?cb=20210902035100	F	high
art/candidates/ebb_tide/r2.png	https://static.wikia.nocookie.net/gensin-impact/images/2/24/Character_Sangonomiya_Kokomi_Full_Wish.png/revision/latest?cb=20220507131919	F	high
art/candidates/ebb_tide/r3.png	https://static.wikia.nocookie.net/gensin-impact/images/b/b8/Sangonomiya_Kokomi_Expression_3.png/revision/latest?cb=20221230123032	F	high
art/candidates/salt_line/r1.png	https://static.wikia.nocookie.net/gensin-impact/images/a/ad/Sangonomiya_Kokomi_Expression_2.png/revision/latest?cb=20221230123025	F	high
art/candidates/salt_line/r2.png	https://static.wikia.nocookie.net/gensin-impact/images/1/1f/Sangonomiya_Kokomi_Character_Card_Showcase.png/revision/latest?cb=20240309055448	F	high
art/candidates/salt_line/r3.png	https://static.wikia.nocookie.net/gensin-impact/images/c/c8/Sangonomiya_Kokomi_Multi_Wish.png/revision/latest?cb=20210921145306	F	high
art/candidates/undertow/r1.png	https://static.wikia.nocookie.net/gensin-impact/images/8/85/Sangonomiya_Kokomi_Profile.png/revision/latest?cb=20221009185211	F	high
art/candidates/undertow/r2.png	https://static.wikia.nocookie.net/gensin-impact/images/f/f4/Sangonomiya_Kokomi_Card.png/revision/latest?cb=20220725205145	F	high
art/candidates/undertow/r3.png	https://static.wikia.nocookie.net/gensin-impact/images/7/77/Character_Sangonomiya_Kokomi_Game.png/revision/latest?cb=20241004005321	F	high
