citer	citer_status	cited	rule	cited_exists
docs/README.md	LIVING	docs/act2-act3-roster-research.md	bare	yes
docs/README.md	LIVING	docs/animation-sprint-2-log.md	bare	yes
docs/README.md	LIVING	docs/animation-sprint-2-plan.md	bare	yes
docs/README.md	LIVING	docs/archive/animation-sprint-1-plan.md	bare	yes
docs/README.md	LIVING	docs/archive/art-taste-pass.md	bare	yes
docs/README.md	LIVING	docs/archive/c3-codegen-gap-list.md	bare	yes
docs/README.md	LIVING	docs/archive/companion-art-plan-addendum.md	bare	yes
docs/README.md	LIVING	docs/archive/companion-lore-errata.md	bare	yes
docs/README.md	LIVING	docs/archive/csharp-build-spec.md	bare	yes
docs/README.md	LIVING	docs/archive/errata-m5-triage.md	bare	yes
docs/README.md	LIVING	docs/archive/furina-fanfare-sprint-log.md	bare	yes
docs/README.md	LIVING	docs/archive/furina-legibility-sprint-log.md	bare	yes
docs/README.md	LIVING	docs/archive/furina-pass1-rulings.md	bare	yes
docs/README.md	LIVING	docs/archive/furina-pass3-rulings.md	bare	yes
docs/README.md	LIVING	docs/archive/furina-predesign-notes.md	bare	yes
docs/README.md	LIVING	docs/archive/furina-principles-amendment-batch.md	bare	yes
docs/README.md	LIVING	docs/archive/furina-salon-rework-plan.md	bare	yes
docs/README.md	LIVING	docs/archive/furina-sheet-pass-4-plan.md	bare	yes
docs/README.md	LIVING	docs/archive/furina-sheet-redpen.md	bare	yes
docs/README.md	LIVING	docs/archive/furina-sprint-1-plan.md	bare	yes
docs/README.md	LIVING	docs/archive/furina-tier05-baseline.md	bare	yes
docs/README.md	LIVING	docs/archive/icon-gap-2026-07-24.md	bare	yes
docs/README.md	LIVING	docs/archive/klee-art-redpen-round2.md	bare	yes
docs/README.md	LIVING	docs/archive/klee-art-redpen-round3.md	bare	yes
docs/README.md	LIVING	docs/archive/klee-design-review.md	bare	yes
docs/README.md	LIVING	docs/archive/klee-errata-report.md	bare	yes
docs/README.md	LIVING	docs/archive/klee-pass-1-report.md	bare	yes
docs/README.md	LIVING	docs/archive/klee-pass-2-report.md	bare	yes
docs/README.md	LIVING	docs/archive/klee-pass-3-report.md	bare	yes
docs/README.md	LIVING	docs/archive/klee-pass-4-plan.md	bare	yes
docs/README.md	LIVING	docs/archive/klee-r23-r25-rulings.md	bare	yes
docs/README.md	LIVING	docs/archive/klee-session-worknote.md	bare	yes
docs/README.md	LIVING	docs/archive/klee-survival-sprint-plan.md	bare	yes
docs/README.md	LIVING	docs/archive/klee-survival-sprint-report.md	bare	yes
docs/README.md	LIVING	docs/archive/kokomi-roster-v0.1-report.md	bare	yes
docs/README.md	LIVING	docs/archive/kokomi-session-worknote.md	bare	yes
docs/README.md	LIVING	docs/archive/kokomi-sheetpass-v0.2-report.md	bare	yes
docs/README.md	LIVING	docs/archive/kokomi-v0.4-plan.md	bare	yes
docs/README.md	LIVING	docs/archive/kokomi-v0.4-report.md	bare	yes
docs/README.md	LIVING	docs/archive/m7-rulings.md	bare	yes
docs/README.md	LIVING	docs/archive/m8-rulings.md	bare	yes
docs/README.md	LIVING	docs/archive/morning-triage-rulings.md	bare	yes
docs/README.md	LIVING	docs/archive/pass1-rulings-round2.md	bare	yes
docs/README.md	LIVING	docs/archive/pass2-rulings-round3.md	bare	yes
docs/README.md	LIVING	docs/archive/pass3-ratification.md	bare	yes
docs/README.md	LIVING	docs/archive/playtest-2026-07-25-coop-a0.md	bare	yes
docs/README.md	LIVING	docs/archive/relic-potion-layer-plan.md	bare	yes
docs/README.md	LIVING	docs/archive/ship-what-we-know-sprint-plan.md	bare	yes
docs/README.md	LIVING	docs/archive/shop-companion-channel-plan.md	bare	yes
docs/README.md	LIVING	docs/archive/shop-companion-channel-sprint-log.md	bare	yes
docs/README.md	LIVING	docs/archive/shop-companion-channel-sprint.md	bare	yes
docs/README.md	LIVING	docs/archive/sprint-addendum-art.md	bare	yes
docs/README.md	LIVING	docs/archive/tier0-simulator-spec.md	bare	yes
docs/README.md	LIVING	docs/archive/tier05-draft-sim-spec.md	bare	yes
docs/README.md	LIVING	docs/archive/tier05-m5-report.md	bare	yes
docs/README.md	LIVING	docs/archive/tier05-m8-report.md	bare	yes
docs/README.md	LIVING	docs/archive/triage-execution-report.md	bare	yes
docs/README.md	LIVING	docs/art-asset-manifest.md	bare	yes
docs/README.md	LIVING	docs/art-sprint-spec.md	bare	yes
docs/README.md	LIVING	docs/atlas/vendor-sts2-mcp.md	path	yes
docs/README.md	LIVING	docs/awaiting-user-slots-2026-08-06.md	bare	yes
docs/README.md	LIVING	docs/axis-validity-session-charter.md	bare	yes
docs/README.md	LIVING	docs/backlog-2026-07-29.md	bare	yes
docs/README.md	LIVING	docs/calibration-notes.md	bare	yes
docs/README.md	LIVING	docs/companion-value-vs-colorless-study.md	bare	yes
docs/README.md	LIVING	docs/dockets/companion-pricing.md	bare	yes
docs/README.md	LIVING	docs/dockets/engineering-backlog.md	bare	yes
docs/README.md	LIVING	docs/dockets/klee-rework.md	bare	yes
docs/README.md	LIVING	docs/dockets/kokomi-workshop.md	bare	yes
docs/README.md	LIVING	docs/dockets/watch-items.md	bare	yes
docs/README.md	LIVING	docs/epoch-1-log-2026-07-26.md	bare	yes
docs/README.md	LIVING	docs/fontaine-rares-banner-sprint-log.md	bare	yes
docs/README.md	LIVING	docs/furina-art-pass-requirements.md	bare	yes
docs/README.md	LIVING	docs/furina-kickoff-v0.1.md	bare	yes
docs/README.md	LIVING	docs/handback-note-2026-08-04.md	bare	yes
docs/README.md	LIVING	docs/klee-character-design.md	bare	yes
docs/README.md	LIVING	docs/klee-real-battery-calibration.md	bare	yes
docs/README.md	LIVING	docs/kokomi-art-pass-requirements.md	bare	yes
docs/README.md	LIVING	docs/kokomi-kickoff-v1.md	bare	yes
docs/README.md	LIVING	docs/kokomi-playtest-protocol.md	bare	yes
docs/README.md	LIVING	docs/missed-requirements.md	bare	yes
docs/README.md	LIVING	docs/open-playtest-items.md	bare	yes
docs/README.md	LIVING	docs/pending/serenitea-g3-ci-proposal.md	bare	yes
docs/README.md	LIVING	docs/pending/serenitea-g4-session-isolation.md	bare	yes
docs/README.md	LIVING	docs/red-pen-2026-07-26.md	bare	yes
docs/README.md	LIVING	docs/registry/identifiers.md	path	yes
docs/README.md	LIVING	docs/registry/known-identifiers.tsv	bare	yes
docs/README.md	LIVING	docs/registry/user-queue.md	bare	yes
docs/README.md	LIVING	docs/role-tempo-baseline.md	bare	yes
docs/README.md	LIVING	docs/role-tempo-debt.tsv	bare	yes
docs/README.md	LIVING	docs/role-tempo-floors.yaml	bare	yes
docs/README.md	LIVING	docs/role-tempo-review.tsv	bare	yes
docs/README.md	LIVING	docs/role-tempo-tagthrough.md	bare	yes
docs/README.md	LIVING	docs/roster-codegen.md	bare	yes
docs/README.md	LIVING	docs/run-model-rework-plan.md	bare	yes
docs/README.md	LIVING	docs/sitting-prep-2026-08-05.md	bare	yes
docs/README.md	LIVING	docs/sitting-record-predraft-2026-08-06.md	bare	yes
docs/README.md	LIVING	docs/sprint-axis-validity-track-a-log-2026-08-04.md	bare	yes
docs/README.md	LIVING	docs/sprint-sim-hygiene-log-2026-07-29.md	bare	yes
docs/README.md	LIVING	docs/sprint-track-b-curves-log-2026-08-04.md	bare	yes
docs/README.md	LIVING	docs/sprint-understudy-p1-log-2026-08-04.md	bare	yes
docs/README.md	LIVING	docs/sts2-map-and-events-research.md	bare	yes
docs/README.md	LIVING	docs/surplus-week-manifest-2026-08-05.md	bare	yes
docs/README.md	LIVING	docs/tech-debt-audit-2026-07-26.md	bare	yes
docs/README.md	LIVING	docs/teyvat-spire-design-principles.md	bare	yes
docs/README.md	LIVING	docs/tier05-perf-and-ironclad-act3-notes.md	bare	yes
docs/README.md	LIVING	docs/track-a-kickoff-brief.md	bare	yes
docs/README.md	LIVING	docs/track-b-curves.md	path	yes
docs/README.md	LIVING	docs/understudy-kickoff-brief.md	bare	yes
docs/README.md	LIVING	docs/understudy-p0-findings.md	bare	yes
docs/README.md	LIVING	docs/understudy-phase0-report.md	bare	yes
docs/README.md	LIVING	docs/upgrade-conventions.md	bare	yes
docs/a2-gate-ratification-2026-07-27.md	REFERENCE	docs/registry/identifiers.md	path	yes
docs/act2-act3-roster-research.md	REFERENCE	docs/registry/identifiers.md	path	yes
docs/act2-act3-roster-research.md	REFERENCE	docs/run-model-rework-plan.md	bare	yes
docs/animation-capability-memo.md	REFERENCE	docs/kokomi-art-pass-requirements.md	path	yes
docs/animation-capability-memo.md	REFERENCE	docs/kokomi-playtest-protocol.md	path	yes
docs/animation-capability-memo.md	REFERENCE	docs/open-playtest-items.md	path	yes
docs/animation-capability-memo.md	REFERENCE	docs/registry/identifiers.md	path	yes
docs/animation-capability-memo.md	REFERENCE	docs/s5-animation-tech-note.md	path	yes
docs/animation-downfall-investigation-2026-08-05.md	REFERENCE	docs/animation-capability-memo.md	path	yes
docs/animation-downfall-investigation-2026-08-05.md	REFERENCE	docs/registry/identifiers.md	path	yes
docs/animation-spike-skeleton2d-kokomi-2026-08-06.md	UNBANNERED	docs/animation-capability-memo.md	path	yes
docs/animation-spike-skeleton2d-kokomi-2026-08-06.md	UNBANNERED	docs/animation-downfall-investigation-2026-08-05.md	path	yes
docs/animation-sprint-2-log.md	REFERENCE	docs/animation-sprint-2-a3-intake.png	path	NO
docs/animation-sprint-2-log.md	REFERENCE	docs/animation-sprint-2-plan.md	path	yes
docs/animation-sprint-2-log.md	REFERENCE	docs/archive/animation-sprint-1-log.md	path	yes
docs/animation-sprint-2-log.md	REFERENCE	docs/archive/furina-fanfare-sprint-log.md	path	yes
docs/animation-sprint-2-log.md	REFERENCE	docs/archive/icon-gap-2026-07-24.md	path	yes
docs/animation-sprint-2-log.md	REFERENCE	docs/red-pen-2026-07-26.md	path	yes
docs/animation-sprint-2-log.md	REFERENCE	docs/registry/identifiers.md	path	yes
docs/animation-sprint-2-log.md	REFERENCE	docs/track-b-validation-gate-countersign-2026-08-04.md	path	yes
docs/animation-sprint-2-plan.md	LIVING	docs/animation-sprint-2-log.md	path	yes
docs/animation-sprint-2-plan.md	LIVING	docs/archive/animation-sprint-1-log.md	path	yes
docs/animation-sprint-2-plan.md	LIVING	docs/archive/animation-sprint-1-plan.md	path	yes
docs/animation-sprint-2-plan.md	LIVING	docs/registry/identifiers.md	path	yes
docs/archive/animation-sprint-1-log.md	ARCHIVED	docs/animation-sprint-1-a4-gate.png	path	yes
docs/archive/animation-sprint-1-log.md	ARCHIVED	docs/animation-sprint-1-plan.md	path	NO
docs/archive/animation-sprint-1-log.md	ARCHIVED	docs/animation-sprint-2-log.md	path	yes
docs/archive/animation-sprint-1-log.md	ARCHIVED	docs/animation-sprint-2-plan.md	path	yes
docs/archive/animation-sprint-1-log.md	ARCHIVED	docs/art-asset-manifest.md	path	yes
docs/archive/animation-sprint-1-log.md	ARCHIVED	docs/registry/identifiers.md	path	yes
docs/archive/animation-sprint-1-plan.md	ARCHIVED	docs/animation-sprint-1-log.md	path	NO
docs/archive/animation-sprint-1-plan.md	ARCHIVED	docs/art-asset-manifest.md	path	yes
docs/archive/animation-sprint-1-plan.md	ARCHIVED	docs/registry/identifiers.md	path	yes
docs/archive/art-taste-pass.md	ARCHIVED	docs/registry/identifiers.md	path	yes
docs/archive/c3-codegen-gap-list.md	ARCHIVED	docs/registry/identifiers.md	path	yes
docs/archive/companion-art-plan-addendum.md	ARCHIVED	docs/registry/identifiers.md	path	yes
docs/archive/companion-lore-errata.md	ARCHIVED	docs/registry/identifiers.md	path	yes
docs/archive/csharp-build-spec.md	ARCHIVED	docs/registry/identifiers.md	path	yes
docs/archive/errata-m5-triage.md	ARCHIVED	docs/archive/klee-errata-report.md	bare	yes
docs/archive/errata-m5-triage.md	ARCHIVED	docs/archive/tier05-m5-report.md	bare	yes
docs/archive/errata-m5-triage.md	ARCHIVED	docs/registry/identifiers.md	path	yes
docs/archive/furina-fanfare-sprint-log.md	ARCHIVED	docs/animation-sprint-2-plan.md	path	yes
docs/archive/furina-fanfare-sprint-log.md	ARCHIVED	docs/furina-legibility-sprint-log.md	path	NO
docs/archive/furina-fanfare-sprint-log.md	ARCHIVED	docs/furina-readonly-fanfare-diagnostic.md	path	NO
docs/archive/furina-fanfare-sprint-log.md	ARCHIVED	docs/registry/identifiers.md	path	yes
docs/archive/furina-legibility-sprint-log.md	ARCHIVED	docs/registry/identifiers.md	path	yes
docs/archive/furina-pass1-rulings.md	ARCHIVED	docs/klee-cards.yaml	bare	yes
docs/archive/furina-pass1-rulings.md	ARCHIVED	docs/klee-upgrades.yaml	bare	yes
docs/archive/furina-pass1-rulings.md	ARCHIVED	docs/registry/identifiers.md	path	yes
docs/archive/furina-pass3-rulings.md	ARCHIVED	docs/registry/identifiers.md	path	yes
docs/archive/furina-predesign-notes.md	ARCHIVED	docs/furina-kickoff-v0.1.md	bare	yes
docs/archive/furina-predesign-notes.md	ARCHIVED	docs/registry/identifiers.md	path	yes
docs/archive/furina-principles-amendment-batch.md	ARCHIVED	docs/archive/furina-predesign-notes.md	bare	yes
docs/archive/furina-principles-amendment-batch.md	ARCHIVED	docs/archive/furina-sprint-1-redpen.md	bare	yes
docs/archive/furina-principles-amendment-batch.md	ARCHIVED	docs/furina-kickoff-v0.1.md	bare	yes
docs/archive/furina-principles-amendment-batch.md	ARCHIVED	docs/registry/identifiers.md	path	yes
docs/archive/furina-principles-amendment-batch.md	ARCHIVED	docs/teyvat-spire-design-principles.md	bare	yes
docs/archive/furina-salon-rework-plan.md	ARCHIVED	docs/furina-cards.yaml	path	yes
docs/archive/furina-salon-rework-plan.md	ARCHIVED	docs/registry/identifiers.md	path	yes
docs/archive/furina-sheet-pass-1-plan.md	ARCHIVED	docs/archive/furina-sprint-1-redpen.md	bare	yes
docs/archive/furina-sheet-pass-1-plan.md	ARCHIVED	docs/furina-cards.yaml	bare	yes
docs/archive/furina-sheet-pass-1-plan.md	ARCHIVED	docs/furina-upgrades.yaml	path	yes
docs/archive/furina-sheet-pass-1-plan.md	ARCHIVED	docs/registry/identifiers.md	path	yes
docs/archive/furina-sheet-pass-1-plan.md	ARCHIVED	docs/upgrade-conventions.md	bare	yes
docs/archive/furina-sheet-pass-1-report.md	ARCHIVED	docs/archive/furina-sheet-pass-1-plan.md	bare	yes
docs/archive/furina-sheet-pass-1-report.md	ARCHIVED	docs/furina-cards.yaml	bare	yes
docs/archive/furina-sheet-pass-1-report.md	ARCHIVED	docs/furina-upgrades.yaml	bare	yes
docs/archive/furina-sheet-pass-1-report.md	ARCHIVED	docs/klee-cards.yaml	bare	yes
docs/archive/furina-sheet-pass-1-report.md	ARCHIVED	docs/klee-upgrades.yaml	bare	yes
docs/archive/furina-sheet-pass-1-report.md	ARCHIVED	docs/registry/identifiers.md	path	yes
docs/archive/furina-sheet-pass-2-plan.md	ARCHIVED	docs/archive/furina-pass1-rulings.md	bare	yes
docs/archive/furina-sheet-pass-2-plan.md	ARCHIVED	docs/registry/identifiers.md	path	yes
docs/archive/furina-sheet-pass-2-report.md	ARCHIVED	docs/archive/furina-sheet-pass-2-plan.md	bare	yes
docs/archive/furina-sheet-pass-2-report.md	ARCHIVED	docs/registry/identifiers.md	path	yes
docs/archive/furina-sheet-pass-3-plan.md	ARCHIVED	docs/archive/furina-pass3-rulings.md	bare	yes
docs/archive/furina-sheet-pass-3-plan.md	ARCHIVED	docs/registry/identifiers.md	path	yes
docs/archive/furina-sheet-pass-3-report.md	ARCHIVED	docs/archive/furina-pass3-rulings.md	bare	yes
docs/archive/furina-sheet-pass-3-report.md	ARCHIVED	docs/archive/furina-sheet-pass-3-plan.md	bare	yes
docs/archive/furina-sheet-pass-3-report.md	ARCHIVED	docs/registry/identifiers.md	path	yes
docs/archive/furina-sheet-pass-4-plan.md	ARCHIVED	docs/archive/furina-salon-rework-plan.md	bare	yes
docs/archive/furina-sheet-pass-4-plan.md	ARCHIVED	docs/furina-legibility-sprint-log.md	path	NO
docs/archive/furina-sheet-pass-4-plan.md	ARCHIVED	docs/furina-upgrades.yaml	bare	yes
docs/archive/furina-sheet-pass-4-plan.md	ARCHIVED	docs/klee-upgrades.yaml	bare	yes
docs/archive/furina-sheet-pass-4-plan.md	ARCHIVED	docs/registry/identifiers.md	path	yes
docs/archive/furina-sheet-redpen.md	ARCHIVED	docs/registry/identifiers.md	path	yes
docs/archive/furina-sprint-1-plan.md	ARCHIVED	docs/archive/furina-predesign-notes.md	bare	yes
docs/archive/furina-sprint-1-plan.md	ARCHIVED	docs/fontaine-companions.yaml	bare	yes
docs/archive/furina-sprint-1-plan.md	ARCHIVED	docs/furina-kickoff-v0.1.md	bare	yes
docs/archive/furina-sprint-1-plan.md	ARCHIVED	docs/registry/identifiers.md	path	yes
docs/archive/furina-sprint-1-plan.md	ARCHIVED	docs/teyvat-spire-design-principles.md	bare	yes
docs/archive/furina-sprint-1-redpen.md	ARCHIVED	docs/registry/identifiers.md	path	yes
docs/archive/furina-sprint-1-report.md	ARCHIVED	docs/archive/furina-principles-amendment-batch.md	bare	yes
docs/archive/furina-sprint-1-report.md	ARCHIVED	docs/archive/furina-sprint-1-plan.md	bare	yes
docs/archive/furina-sprint-1-report.md	ARCHIVED	docs/archive/furina-sprint-1-redpen.md	bare	yes
docs/archive/furina-sprint-1-report.md	ARCHIVED	docs/fontaine-companions.yaml	bare	yes
docs/archive/furina-sprint-1-report.md	ARCHIVED	docs/furina-kickoff-v0.1.md	bare	yes
docs/archive/furina-sprint-1-report.md	ARCHIVED	docs/registry/identifiers.md	path	yes
docs/archive/furina-tier05-baseline.md	ARCHIVED	docs/registry/identifiers.md	path	yes
docs/archive/icon-gap-2026-07-24.md	ARCHIVED	docs/registry/identifiers.md	path	yes
docs/archive/klee-art-redpen-round2.md	ARCHIVED	docs/archive/sprint-addendum-art.md	bare	yes
docs/archive/klee-art-redpen-round2.md	ARCHIVED	docs/klee-art-hunt-contactsheet.png	path	NO
docs/archive/klee-art-redpen-round2.md	ARCHIVED	docs/registry/identifiers.md	path	yes
docs/archive/klee-art-redpen-round2.md	ARCHIVED	docs/reserved-card-names.txt	path	yes
docs/archive/klee-art-redpen-round3.md	ARCHIVED	docs/archive/companion-art-plan-addendum.md	bare	yes
docs/archive/klee-art-redpen-round3.md	ARCHIVED	docs/registry/identifiers.md	path	yes
docs/archive/klee-design-review.md	ARCHIVED	docs/calibration-notes.md	path	yes
docs/archive/klee-design-review.md	ARCHIVED	docs/klee-cards.yaml	path	yes
docs/archive/klee-design-review.md	ARCHIVED	docs/registry/identifiers.md	path	yes
docs/archive/klee-errata-report.md	ARCHIVED	docs/archive/furina-predesign-notes.md	bare	yes
docs/archive/klee-errata-report.md	ARCHIVED	docs/archive/pass3-ratification.md	bare	yes
docs/archive/klee-errata-report.md	ARCHIVED	docs/registry/identifiers.md	path	yes
docs/archive/klee-pass-1-report.md	ARCHIVED	docs/archive/tier0-simulator-spec.md	bare	yes
docs/archive/klee-pass-1-report.md	ARCHIVED	docs/klee-cards.yaml	bare	yes
docs/archive/klee-pass-1-report.md	ARCHIVED	docs/mondstadt-companions.yaml	bare	yes
docs/archive/klee-pass-1-report.md	ARCHIVED	docs/registry/identifiers.md	path	yes
docs/archive/klee-pass-2-report.md	ARCHIVED	docs/registry/identifiers.md	path	yes
docs/archive/klee-pass-3-report.md	ARCHIVED	docs/registry/identifiers.md	path	yes
docs/archive/klee-pass-4-plan.md	ARCHIVED	docs/archive/klee-errata-report.md	bare	yes
docs/archive/klee-pass-4-plan.md	ARCHIVED	docs/archive/pass3-ratification.md	bare	yes
docs/archive/klee-pass-4-plan.md	ARCHIVED	docs/klee-cards.yaml	path	yes
docs/archive/klee-pass-4-plan.md	ARCHIVED	docs/klee-character-design.md	bare	yes
docs/archive/klee-pass-4-plan.md	ARCHIVED	docs/registry/identifiers.md	path	yes
docs/archive/klee-r23-r25-rulings.md	ARCHIVED	docs/klee-cards.yaml	bare	yes
docs/archive/klee-r23-r25-rulings.md	ARCHIVED	docs/registry/identifiers.md	path	yes
docs/archive/klee-session-worknote.md	ARCHIVED	docs/klee-cards.yaml	bare	yes
docs/archive/klee-session-worknote.md	ARCHIVED	docs/klee-upgrades.yaml	bare	yes
docs/archive/klee-session-worknote.md	ARCHIVED	docs/registry/identifiers.md	path	yes
docs/archive/klee-survival-sprint-plan.md	ARCHIVED	docs/archive/klee-design-review.md	bare	yes
docs/archive/klee-survival-sprint-plan.md	ARCHIVED	docs/klee-survival-sprint-report.md	path	NO
docs/archive/klee-survival-sprint-plan.md	ARCHIVED	docs/registry/identifiers.md	path	yes
docs/archive/klee-survival-sprint-report.md	ARCHIVED	docs/klee-survival-sprint-plan.md	path	NO
docs/archive/klee-survival-sprint-report.md	ARCHIVED	docs/registry/identifiers.md	path	yes
docs/archive/kokomi-roster-v0.1-report.md	ARCHIVED	docs/inazuma-companions.yaml	path	yes
docs/archive/kokomi-roster-v0.1-report.md	ARCHIVED	docs/kokomi-cards.yaml	path	yes
docs/archive/kokomi-roster-v0.1-report.md	ARCHIVED	docs/kokomi-kickoff-v1.md	path	yes
docs/archive/kokomi-roster-v0.1-report.md	ARCHIVED	docs/kokomi-session-worknote.md	path	NO
docs/archive/kokomi-roster-v0.1-report.md	ARCHIVED	docs/registry/identifiers.md	path	yes
docs/archive/kokomi-session-worknote.md	ARCHIVED	docs/inazuma-companions.yaml	bare	yes
docs/archive/kokomi-session-worknote.md	ARCHIVED	docs/kokomi-cards.yaml	bare	yes
docs/archive/kokomi-session-worknote.md	ARCHIVED	docs/kokomi-kickoff-v1.md	path	yes
docs/archive/kokomi-session-worknote.md	ARCHIVED	docs/kokomi-roster-v0.1-report.md	path	NO
docs/archive/kokomi-session-worknote.md	ARCHIVED	docs/kokomi-upgrades.yaml	bare	yes
docs/archive/kokomi-session-worknote.md	ARCHIVED	docs/kokomi-v0.4-plan.md	path	NO
docs/archive/kokomi-session-worknote.md	ARCHIVED	docs/registry/identifiers.md	path	yes
docs/archive/kokomi-sheetpass-v0.2-report.md	ARCHIVED	docs/kokomi-kickoff-v1.md	path	yes
docs/archive/kokomi-sheetpass-v0.2-report.md	ARCHIVED	docs/kokomi-roster-v0.1-report.md	path	NO
docs/archive/kokomi-sheetpass-v0.2-report.md	ARCHIVED	docs/kokomi-upgrades.yaml	path	yes
docs/archive/kokomi-sheetpass-v0.2-report.md	ARCHIVED	docs/registry/identifiers.md	path	yes
docs/archive/kokomi-v0.4-plan.md	ARCHIVED	docs/registry/identifiers.md	path	yes
docs/archive/kokomi-v0.4-report.md	ARCHIVED	docs/kokomi-cards.yaml	bare	yes
docs/archive/kokomi-v0.4-report.md	ARCHIVED	docs/kokomi-v0.4-plan.md	path	NO
docs/archive/kokomi-v0.4-report.md	ARCHIVED	docs/registry/identifiers.md	path	yes
docs/archive/m7-rulings.md	ARCHIVED	docs/archive/tier05-m7-report.md	bare	yes
docs/archive/m7-rulings.md	ARCHIVED	docs/registry/identifiers.md	path	yes
docs/archive/m8-rulings.md	ARCHIVED	docs/archive/tier05-m8-report.md	bare	yes
docs/archive/m8-rulings.md	ARCHIVED	docs/registry/identifiers.md	path	yes
docs/archive/morning-triage-rulings.md	ARCHIVED	docs/archive/tier05-m6-report.md	bare	yes
docs/archive/morning-triage-rulings.md	ARCHIVED	docs/archive/triage-execution-report.md	bare	yes
docs/archive/morning-triage-rulings.md	ARCHIVED	docs/registry/identifiers.md	path	yes
docs/archive/pass1-rulings-round2.md	ARCHIVED	docs/archive/klee-pass-1-report.md	bare	yes
docs/archive/pass1-rulings-round2.md	ARCHIVED	docs/klee-cards.yaml	bare	yes
docs/archive/pass1-rulings-round2.md	ARCHIVED	docs/registry/identifiers.md	path	yes
docs/archive/pass2-rulings-round3.md	ARCHIVED	docs/registry/identifiers.md	path	yes
docs/archive/pass3-ratification.md	ARCHIVED	docs/archive/tier05-draft-sim-spec.md	bare	yes
docs/archive/pass3-ratification.md	ARCHIVED	docs/registry/identifiers.md	path	yes
docs/archive/playtest-2026-07-25-coop-a0.md	ARCHIVED	docs/registry/identifiers.md	path	yes
docs/archive/playtest-2026-07-25-coop-a0.md	ARCHIVED	docs/ship-what-we-know-sprint-plan.md	path	NO
docs/archive/relic-potion-layer-plan.md	ARCHIVED	docs/registry/identifiers.md	path	yes
docs/archive/relic-potion-layer-plan.md	ARCHIVED	docs/run-model-rework-plan.md	bare	yes
docs/archive/ship-what-we-know-sprint-log.md	ARCHIVED	docs/animation-sprint-2-log.md	path	yes
docs/archive/ship-what-we-know-sprint-log.md	ARCHIVED	docs/furina-fanfare-parity-vectors.json	path	yes
docs/archive/ship-what-we-know-sprint-log.md	ARCHIVED	docs/klee-upgrades.yaml	bare	yes
docs/archive/ship-what-we-know-sprint-log.md	ARCHIVED	docs/mondstadt-companions.yaml	bare	yes
docs/archive/ship-what-we-know-sprint-log.md	ARCHIVED	docs/playtest-2026-07-25-coop-a0.md	path	NO
docs/archive/ship-what-we-know-sprint-log.md	ARCHIVED	docs/red-pen-2026-07-26.md	path	yes
docs/archive/ship-what-we-know-sprint-log.md	ARCHIVED	docs/registry/identifiers.md	path	yes
docs/archive/ship-what-we-know-sprint-log.md	ARCHIVED	docs/ship-what-we-know-sprint-plan.md	path	NO
docs/archive/ship-what-we-know-sprint-log.md	ARCHIVED	docs/teyvat-spire-design-principles.md	path	yes
docs/archive/ship-what-we-know-sprint-plan.md	ARCHIVED	docs/furina-fanfare-sprint-log.md	path	NO
docs/archive/ship-what-we-know-sprint-plan.md	ARCHIVED	docs/mondstadt-companions.yaml	bare	yes
docs/archive/ship-what-we-know-sprint-plan.md	ARCHIVED	docs/playtest-2026-07-25-coop-a0.md	path	NO
docs/archive/ship-what-we-know-sprint-plan.md	ARCHIVED	docs/registry/identifiers.md	path	yes
docs/archive/ship-what-we-know-sprint-plan.md	ARCHIVED	docs/ship-what-we-know-sprint-log.md	path	NO
docs/archive/shop-companion-channel-plan.md	ARCHIVED	docs/companion-value-vs-colorless-study.md	path	yes
docs/archive/shop-companion-channel-plan.md	ARCHIVED	docs/registry/identifiers.md	path	yes
docs/archive/shop-companion-channel-plan.md	ARCHIVED	docs/shop-companion-channel-sprint-log.md	path	NO
docs/archive/shop-companion-channel-plan.md	ARCHIVED	docs/shop-companion-channel-sprint.md	path	NO
docs/archive/shop-companion-channel-plan.md	ARCHIVED	docs/teyvat-spire-design-principles.md	path	yes
docs/archive/shop-companion-channel-sprint-log.md	ARCHIVED	docs/mondstadt-companions.yaml	path	yes
docs/archive/shop-companion-channel-sprint-log.md	ARCHIVED	docs/registry/identifiers.md	path	yes
docs/archive/shop-companion-channel-sprint-log.md	ARCHIVED	docs/shop-companion-channel-plan.md	path	NO
docs/archive/shop-companion-channel-sprint-log.md	ARCHIVED	docs/shop-companion-channel-sprint.md	path	NO
docs/archive/shop-companion-channel-sprint-log.md	ARCHIVED	docs/v6-rebaseline-sweep-2026-08-06.md	path	yes
docs/archive/shop-companion-channel-sprint.md	ARCHIVED	docs/companion-value-vs-colorless-study.md	path	yes
docs/archive/shop-companion-channel-sprint.md	ARCHIVED	docs/klee-upgrades.yaml	path	yes
docs/archive/shop-companion-channel-sprint.md	ARCHIVED	docs/mondstadt-companions.yaml	path	yes
docs/archive/shop-companion-channel-sprint.md	ARCHIVED	docs/registry/identifiers.md	path	yes
docs/archive/shop-companion-channel-sprint.md	ARCHIVED	docs/shop-companion-channel-plan.md	path	NO
docs/archive/shop-companion-channel-sprint.md	ARCHIVED	docs/shop-companion-channel-sprint-log.md	path	NO
docs/archive/shop-companion-channel-sprint.md	ARCHIVED	docs/teyvat-spire-design-principles.md	path	yes
docs/archive/sprint-addendum-art.md	ARCHIVED	docs/registry/identifiers.md	path	yes
docs/archive/tier0-simulator-spec.md	ARCHIVED	docs/registry/identifiers.md	path	yes
docs/archive/tier05-draft-sim-spec.md	ARCHIVED	docs/registry/identifiers.md	path	yes
docs/archive/tier05-draft-sim-spec.md	ARCHIVED	docs/tier05-passN-report.md	path	NO
docs/archive/tier05-m5-report.md	ARCHIVED	docs/archive/tier05-draft-sim-spec.md	bare	yes
docs/archive/tier05-m5-report.md	ARCHIVED	docs/registry/identifiers.md	path	yes
docs/archive/tier05-m6-report.md	ARCHIVED	docs/archive/tier05-draft-sim-spec.md	bare	yes
docs/archive/tier05-m6-report.md	ARCHIVED	docs/archive/tier05-m7-report.md	bare	yes
docs/archive/tier05-m6-report.md	ARCHIVED	docs/morning-triage-rulings.md	path	NO
docs/archive/tier05-m6-report.md	ARCHIVED	docs/registry/identifiers.md	path	yes
docs/archive/tier05-m7-report.md	ARCHIVED	docs/archive/morning-triage-rulings.md	bare	yes
docs/archive/tier05-m7-report.md	ARCHIVED	docs/archive/tier05-m6-report.md	bare	yes
docs/archive/tier05-m7-report.md	ARCHIVED	docs/archive/tier05-m8-report.md	bare	yes
docs/archive/tier05-m7-report.md	ARCHIVED	docs/klee-upgrades.yaml	bare	yes
docs/archive/tier05-m7-report.md	ARCHIVED	docs/registry/identifiers.md	path	yes
docs/archive/tier05-m7-report.md	ARCHIVED	docs/upgrade-conventions.md	bare	yes
docs/archive/tier05-m8-report.md	ARCHIVED	docs/archive/m7-rulings.md	bare	yes
docs/archive/tier05-m8-report.md	ARCHIVED	docs/registry/identifiers.md	path	yes
docs/archive/triage-execution-report.md	ARCHIVED	docs/archive/errata-m5-triage.md	bare	yes
docs/archive/triage-execution-report.md	ARCHIVED	docs/registry/identifiers.md	path	yes
docs/art-asset-manifest.md	LIVING	docs/art-claimed-sources.tsv	path	yes
docs/art-asset-manifest.md	LIVING	docs/registry/identifiers.md	path	yes
docs/art-sprint-spec.md	LIVING	docs/art-asset-manifest.md	bare	yes
docs/art-sprint-spec.md	LIVING	docs/card_keywords.json	bare	yes
docs/art-sprint-spec.md	LIVING	docs/registry/identifiers.md	path	yes
docs/atlas/README.md	LIVING	docs/atlas/klee-mod-build-pck.md	bare	yes
docs/atlas/README.md	LIVING	docs/atlas/klee-mod-cards.md	bare	yes
docs/atlas/README.md	LIVING	docs/atlas/klee-mod-runtime.md	bare	yes
docs/atlas/README.md	LIVING	docs/atlas/tier0-engine.md	bare	yes
docs/atlas/README.md	LIVING	docs/atlas/tier0-harness-tests.md	bare	yes
docs/atlas/README.md	LIVING	docs/atlas/tier0-pilot-roster.md	bare	yes
docs/atlas/README.md	LIVING	docs/atlas/tier05-economy.md	bare	yes
docs/atlas/README.md	LIVING	docs/atlas/tier05-metrics.md	bare	yes
docs/atlas/README.md	LIVING	docs/atlas/tier05-sim-core.md	bare	yes
docs/atlas/README.md	LIVING	docs/atlas/tools.md	bare	yes
docs/atlas/README.md	LIVING	docs/atlas/understudy.md	bare	yes
docs/atlas/README.md	LIVING	docs/atlas/vendor-sts2-mcp.md	bare	yes
docs/atlas/README.md	LIVING	docs/registry/identifiers.md	path	yes
docs/atlas/klee-mod-build-pck.md	LIVING	docs/registry/identifiers.md	path	yes
docs/atlas/klee-mod-cards.md	LIVING	docs/archive/klee-r23-r25-rulings.md	path	yes
docs/atlas/klee-mod-cards.md	LIVING	docs/fontaine-companions.yaml	path	yes
docs/atlas/klee-mod-cards.md	LIVING	docs/furina-cards.yaml	path	yes
docs/atlas/klee-mod-cards.md	LIVING	docs/inazuma-companions.yaml	path	yes
docs/atlas/klee-mod-cards.md	LIVING	docs/klee-cards.yaml	path	yes
docs/atlas/klee-mod-cards.md	LIVING	docs/kokomi-cards.yaml	path	yes
docs/atlas/klee-mod-cards.md	LIVING	docs/mondstadt-companions.yaml	path	yes
docs/atlas/klee-mod-cards.md	LIVING	docs/registry/identifiers.md	path	yes
docs/atlas/klee-mod-cards.md	LIVING	docs/reserved-card-names.txt	path	yes
docs/atlas/klee-mod-cards.md	LIVING	docs/roster-codegen.md	path	yes
docs/atlas/klee-mod-runtime.md	LIVING	docs/registry/identifiers.md	path	yes
docs/atlas/tier0-engine.md	LIVING	docs/registry/identifiers.md	path	yes
docs/atlas/tier0-harness-tests.md	LIVING	docs/registry/identifiers.md	path	yes
docs/atlas/tier0-pilot-roster.md	LIVING	docs/backlog-2026-07-29.md	path	yes
docs/atlas/tier0-pilot-roster.md	LIVING	docs/registry/identifiers.md	path	yes
docs/atlas/tier05-economy.md	LIVING	docs/registry/identifiers.md	path	yes
docs/atlas/tier05-economy.md	LIVING	docs/run-model-rework-plan.md	path	yes
docs/atlas/tier05-economy.md	LIVING	docs/sts2-map-and-events-research.md	path	yes
docs/atlas/tier05-metrics.md	LIVING	docs/registry/identifiers.md	path	yes
docs/atlas/tier05-metrics.md	LIVING	docs/sprint-sim-hygiene-log-2026-07-29.md	path	yes
docs/atlas/tier05-sim-core.md	LIVING	docs/archive/tier05-m8-report.md	path	yes
docs/atlas/tier05-sim-core.md	LIVING	docs/missed-requirements.md	path	yes
docs/atlas/tier05-sim-core.md	LIVING	docs/registry/identifiers.md	path	yes
docs/atlas/tools.md	LIVING	docs/art-claimed-sources.tsv	path	yes
docs/atlas/tools.md	LIVING	docs/atlas/klee-mod-build-pck.md	path	yes
docs/atlas/tools.md	LIVING	docs/atlas/klee-mod-cards.md	path	yes
docs/atlas/tools.md	LIVING	docs/furina-cards.yaml	bare	yes
docs/atlas/tools.md	LIVING	docs/registry/identifiers.md	path	yes
docs/atlas/understudy.md	LIVING	docs/registry/identifiers.md	path	yes
docs/atlas/understudy.md	LIVING	docs/understudy-kickoff-brief.md	path	yes
docs/atlas/vendor-sts2-mcp.md	LIVING	docs/atlas/understudy.md	path	yes
docs/atlas/vendor-sts2-mcp.md	LIVING	docs/registry/identifiers.md	path	yes
docs/atlas/vendor-sts2-mcp.md	LIVING	docs/understudy-p0-findings.md	path	yes
docs/atlas/vendor-sts2-mcp.md	LIVING	docs/understudy-phase0-report.md	path	yes
docs/awaiting-user-slots-2026-08-06.md	LIVING	docs/axis-validity-session-charter.md	path	yes
docs/awaiting-user-slots-2026-08-06.md	LIVING	docs/dispatch-2026-08-06b-eleven-replies.md	path	yes
docs/awaiting-user-slots-2026-08-06.md	LIVING	docs/dockets/companion-pricing.md	path	yes
docs/awaiting-user-slots-2026-08-06.md	LIVING	docs/kokomi-playtest-protocol.md	path	yes
docs/awaiting-user-slots-2026-08-06.md	LIVING	docs/registry/identifiers.md	path	yes
docs/awaiting-user-slots-2026-08-06.md	LIVING	docs/registry/user-queue.md	path	yes
docs/awaiting-user-slots-2026-08-06.md	LIVING	docs/role-tempo-baseline.md	path	yes
docs/awaiting-user-slots-2026-08-06.md	LIVING	docs/role-tempo-floors.yaml	path	yes
docs/awaiting-user-slots-2026-08-06.md	LIVING	docs/sitting-record-predraft-2026-08-06.md	path	yes
docs/awaiting-user-slots-2026-08-06.md	LIVING	docs/surplus-week-manifest-2026-08-05.md	path	yes
docs/awaiting-user-slots-2026-08-06.md	LIVING	review/ledger-audit/hygiene-report.md	path	yes
docs/awaiting-user-slots-2026-08-06.md	LIVING	review/parity-sweep/noncard-triage-memo.md	path	yes
docs/awaiting-user-slots-2026-08-06.md	LIVING	review/redteam/exploit-ledger.md	path	yes
docs/axis-validity-countersign-2026-08-04.md	REFERENCE	docs/a2-gate-ratification-2026-07-27.md	path	yes
docs/axis-validity-countersign-2026-08-04.md	REFERENCE	docs/registry/identifiers.md	path	yes
docs/axis-validity-countersign-2026-08-04.md	REFERENCE	docs/sprint-axis-validity-track-a-log-2026-08-04.md	path	yes
docs/axis-validity-session-charter.md	LIVING	docs/awaiting-user-slots-2026-08-06.md	path	yes
docs/axis-validity-session-charter.md	LIVING	docs/axis-validity-countersign-2026-08-04.md	path	yes
docs/axis-validity-session-charter.md	LIVING	docs/registry/identifiers.md	path	yes
docs/axis-validity-session-charter.md	LIVING	docs/registry/user-queue.md	path	yes
docs/axis-validity-session-charter.md	LIVING	docs/role-tempo-baseline.md	path	yes
docs/backlog-2026-07-29.md	REFERENCE	docs/animation-sprint-2-log.md	path	yes
docs/backlog-2026-07-29.md	REFERENCE	docs/axis-validity-session-charter.md	path	yes
docs/backlog-2026-07-29.md	REFERENCE	docs/brief-coop-charter-items.md	path	yes
docs/backlog-2026-07-29.md	REFERENCE	docs/brief-unheard-confession-rework.md	path	yes
docs/backlog-2026-07-29.md	REFERENCE	docs/dockets/engineering-backlog.md	path	yes
docs/backlog-2026-07-29.md	REFERENCE	docs/missed-requirements.md	bare	yes
docs/backlog-2026-07-29.md	REFERENCE	docs/open-playtest-items.md	bare	yes
docs/backlog-2026-07-29.md	REFERENCE	docs/patch-sentinel.md	path	yes
docs/backlog-2026-07-29.md	REFERENCE	docs/playtest4-triage-2026-08-04.md	path	yes
docs/backlog-2026-07-29.md	REFERENCE	docs/registry/identifiers.md	path	yes
docs/backlog-2026-07-29.md	REFERENCE	docs/registry/user-queue.md	path	yes
docs/backlog-2026-07-29.md	REFERENCE	docs/run-model-rework-plan.md	bare	yes
docs/backlog-2026-07-29.md	REFERENCE	docs/s7-classification.md	path	yes
docs/backlog-2026-07-29.md	REFERENCE	docs/sprint-bugfix-log-2026-07-29.md	path	yes
docs/backlog-2026-07-29.md	REFERENCE	docs/sprint-sim-hygiene-log-2026-07-29.md	path	yes
docs/backlog-2026-07-29.md	REFERENCE	docs/sprint-track-b-curves-log-2026-08-04.md	path	yes
docs/backlog-2026-07-29.md	REFERENCE	docs/sprint-track-b-gate-log-2026-08-05.md	path	yes
docs/backlog-2026-07-29.md	REFERENCE	docs/sprint-understudy-p15-log-2026-08-05.md	path	yes
docs/backlog-2026-07-29.md	REFERENCE	docs/sts2-map-and-events-research.md	bare	yes
docs/backlog-2026-07-29.md	REFERENCE	docs/tech-debt-audit-2026-07-26.md	bare	yes
docs/backlog-2026-07-29.md	REFERENCE	docs/understudy-countersign-2026-08-04.md	path	yes
docs/backlog-2026-07-29.md	REFERENCE	docs/understudy-phase0-report.md	path	yes
docs/brief-coop-charter-items.md	REFERENCE	docs/archive/furina-predesign-notes.md	bare	yes
docs/brief-coop-charter-items.md	REFERENCE	docs/archive/furina-sprint-1-report.md	bare	yes
docs/brief-coop-charter-items.md	REFERENCE	docs/backlog-2026-07-29.md	path	yes
docs/brief-coop-charter-items.md	REFERENCE	docs/brief-unheard-confession-rework.md	path	yes
docs/brief-coop-charter-items.md	REFERENCE	docs/coop-no-sim-backstop.md	path	NO
docs/brief-coop-charter-items.md	REFERENCE	docs/furina-kickoff-v0.1.md	path	yes
docs/brief-coop-charter-items.md	REFERENCE	docs/missed-requirements.md	path	yes
docs/brief-coop-charter-items.md	REFERENCE	docs/open-playtest-items.md	bare	yes
docs/brief-coop-charter-items.md	REFERENCE	docs/registry/identifiers.md	path	yes
docs/brief-coop-charter-items.md	REFERENCE	docs/sprint-bugfix-log-2026-07-29.md	path	yes
docs/brief-coop-charter-items.md	REFERENCE	docs/sprint-fanfare-rework-log-2026-07-28.md	path	yes
docs/brief-coop-charter-items.md	REFERENCE	docs/sprint-pilot-gap-log-2026-07-28.md	path	yes
docs/brief-kokomi-pool-fill.md	REFERENCE	docs/kokomi-cards.yaml	path	yes
docs/brief-kokomi-pool-fill.md	REFERENCE	docs/kokomi-upgrades.yaml	path	yes
docs/brief-kokomi-pool-fill.md	REFERENCE	docs/registry/identifiers.md	path	yes
docs/brief-kokomi-pool-fill.md	REFERENCE	docs/reserved-card-names.txt	path	yes
docs/brief-kokomi-pool-fill.md	REFERENCE	docs/role-tempo-baseline.md	path	yes
docs/brief-kokomi-pool-fill.md	REFERENCE	docs/sprint-kokomi-instrument-log-2026-07-29.md	path	yes
docs/brief-unheard-confession-rework.md	REFERENCE	docs/backlog-2026-07-29.md	path	yes
docs/brief-unheard-confession-rework.md	REFERENCE	docs/furina-cards.yaml	path	yes
docs/brief-unheard-confession-rework.md	REFERENCE	docs/registry/identifiers.md	path	yes
docs/brief-unheard-confession-rework.md	REFERENCE	docs/sprint-art-and-a7-log-2026-07-29.md	path	yes
docs/brief-unheard-confession-rework.md	REFERENCE	docs/sprint-bugfix-log-2026-07-29.md	path	yes
docs/calibration-notes.md	REFERENCE	docs/archive/relic-potion-layer-plan.md	path	yes
docs/calibration-notes.md	REFERENCE	docs/registry/identifiers.md	path	yes
docs/calibration-notes.md	REFERENCE	docs/tech-debt-audit-2026-07-26.md	bare	yes
docs/class-p-charter-2026-08-06.md	LIVING	docs/dockets/engineering-backlog.md	bare	yes
docs/class-p-charter-2026-08-06.md	LIVING	docs/registry/p-ledger.md	path	yes
docs/class-p-charter-2026-08-06.md	LIVING	docs/registry/user-queue.md	bare	yes
docs/clear-the-stage-charter-2026-08-06.md	LIVING	docs/registry/excision-log.md	path	yes
docs/clear-the-stage-charter-2026-08-06.md	LIVING	docs/registry/identifiers.md	bare	yes
docs/companion-value-vs-colorless-study.md	REFERENCE	docs/archive/tier0-simulator-spec.md	bare	yes
docs/companion-value-vs-colorless-study.md	REFERENCE	docs/fontaine-companions.yaml	bare	yes
docs/companion-value-vs-colorless-study.md	REFERENCE	docs/furina-cards.yaml	bare	yes
docs/companion-value-vs-colorless-study.md	REFERENCE	docs/klee-cards.yaml	bare	yes
docs/companion-value-vs-colorless-study.md	REFERENCE	docs/mondstadt-companions.yaml	bare	yes
docs/companion-value-vs-colorless-study.md	REFERENCE	docs/registry/identifiers.md	path	yes
docs/curtain-call-sprint-log-2026-07-27.md	REFERENCE	docs/furina-upgrades.yaml	bare	yes
docs/curtain-call-sprint-log-2026-07-27.md	REFERENCE	docs/registry/identifiers.md	path	yes
docs/dispatch-2026-08-06-q13-q14-q15.md	REFERENCE	docs/registry/known-identifiers.tsv	bare	yes
docs/dispatch-2026-08-06-q13-q14-q15.md	REFERENCE	docs/registry/user-queue.md	bare	yes
docs/dispatch-2026-08-06-q13-q14-q15.md	REFERENCE	review/parity-sweep/noncard-triage-memo.md	path	yes
docs/dispatch-2026-08-06b-eleven-replies.md	REFERENCE	docs/registry/known-identifiers.tsv	bare	yes
docs/dockets/README.md	LIVING	docs/dockets/companion-pricing.md	bare	yes
docs/dockets/README.md	LIVING	docs/dockets/engineering-backlog.md	bare	yes
docs/dockets/README.md	LIVING	docs/dockets/klee-rework.md	bare	yes
docs/dockets/README.md	LIVING	docs/dockets/kokomi-workshop.md	bare	yes
docs/dockets/README.md	LIVING	docs/dockets/watch-items.md	bare	yes
docs/dockets/README.md	LIVING	docs/registry/identifiers.md	path	yes
docs/dockets/README.md	LIVING	docs/registry/user-queue.md	path	yes
docs/dockets/companion-pricing.md	LIVING	docs/awaiting-user-slots-2026-08-06.md	path	yes
docs/dockets/companion-pricing.md	LIVING	docs/registry/identifiers.md	path	yes
docs/dockets/companion-pricing.md	LIVING	docs/sitting-record-predraft-2026-08-06.md	path	yes
docs/dockets/companion-pricing.md	LIVING	docs/track-t-audits-2026-08-06.md	path	yes
docs/dockets/companion-pricing.md	LIVING	review/redteam/exploit-ledger.md	path	yes
docs/dockets/engineering-backlog.md	LIVING	docs/animation-capability-memo.md	path	yes
docs/dockets/engineering-backlog.md	LIVING	docs/animation-spike-skeleton2d-kokomi-2026-08-06.md	path	yes
docs/dockets/engineering-backlog.md	LIVING	docs/backlog-2026-07-29.md	path	yes
docs/dockets/engineering-backlog.md	LIVING	docs/brief-kokomi-pool-fill.md	path	yes
docs/dockets/engineering-backlog.md	LIVING	docs/dispatch-2026-08-06b-eleven-replies.md	path	yes
docs/dockets/engineering-backlog.md	LIVING	docs/dispatch-2026-08-06d-four-replies.md	path	yes
docs/dockets/engineering-backlog.md	LIVING	docs/dockets/kokomi-workshop.md	bare	yes
docs/dockets/engineering-backlog.md	LIVING	docs/furina-art-pass-requirements.md	bare	yes
docs/dockets/engineering-backlog.md	LIVING	docs/missed-requirements.md	path	yes
docs/dockets/engineering-backlog.md	LIVING	docs/open-playtest-items.md	bare	yes
docs/dockets/engineering-backlog.md	LIVING	docs/payoff-reach-reregistration-draft-2026-08-06.md	path	yes
docs/dockets/engineering-backlog.md	LIVING	docs/probe-a-block-offset.md	path	yes
docs/dockets/engineering-backlog.md	LIVING	docs/punch-off-crash-memo.md	path	yes
docs/dockets/engineering-backlog.md	LIVING	docs/registry/identifiers.md	path	yes
docs/dockets/engineering-backlog.md	LIVING	docs/registry/user-queue.md	path	yes
docs/dockets/engineering-backlog.md	LIVING	docs/run-model-rework-plan.md	bare	yes
docs/dockets/engineering-backlog.md	LIVING	docs/sprint-track-b-curves-log-2026-08-04.md	path	yes
docs/dockets/engineering-backlog.md	LIVING	docs/sprint-track-b-gate-log-2026-08-05.md	path	yes
docs/dockets/engineering-backlog.md	LIVING	docs/sprint-understudy-p15-log-2026-08-05.md	path	yes
docs/dockets/engineering-backlog.md	LIVING	docs/sts2-map-and-events-research.md	bare	yes
docs/dockets/engineering-backlog.md	LIVING	docs/tier05-perf-and-ironclad-act3-notes.md	bare	yes
docs/dockets/engineering-backlog.md	LIVING	docs/understudy-phase0-report.md	path	yes
docs/dockets/engineering-backlog.md	LIVING	review/stage-clear/citation-graph-notes.md	path	yes
docs/dockets/engineering-backlog.md	LIVING	review/stage-clear/class-p-candidates.md	path	yes
docs/dockets/engineering-backlog.md	LIVING	review/stage-clear/refactor-plan.md	path	yes
docs/dockets/klee-rework.md	LIVING	docs/dockets/kokomi-workshop.md	path	yes
docs/dockets/klee-rework.md	LIVING	docs/klee-character-design.md	path	yes
docs/dockets/klee-rework.md	LIVING	docs/registry/identifiers.md	path	yes
docs/dockets/klee-rework.md	LIVING	docs/sitting-record-predraft-2026-08-06.md	path	yes
docs/dockets/klee-rework.md	LIVING	docs/track-t-audits-2026-08-06.md	path	yes
docs/dockets/klee-rework.md	LIVING	review/redteam/exploit-ledger.md	path	yes
docs/dockets/klee-rework.md	LIVING	review/redteam/exploit-lines-x7a.json	path	yes
docs/dockets/klee-rework.md	LIVING	review/redteam/replay-results-x7a.json	path	yes
docs/dockets/kokomi-workshop.md	LIVING	docs/dockets/klee-rework.md	path	yes
docs/dockets/kokomi-workshop.md	LIVING	docs/kokomi-playtest-protocol.md	path	yes
docs/dockets/kokomi-workshop.md	LIVING	docs/registry/identifiers.md	path	yes
docs/dockets/kokomi-workshop.md	LIVING	docs/sitting-record-predraft-2026-08-06.md	path	yes
docs/dockets/kokomi-workshop.md	LIVING	review/redteam/exploit-ledger.md	path	yes
docs/dockets/watch-items.md	LIVING	docs/registry/identifiers.md	path	yes
docs/dockets/watch-items.md	LIVING	docs/sitting-record-predraft-2026-08-06.md	path	yes
docs/dockets/watch-items.md	LIVING	review/redteam/exploit-ledger.md	path	yes
docs/enchantments-design-2026-07-27.md	REFERENCE	docs/registry/identifiers.md	path	yes
docs/enemy-dossiers/aeonglass.md	REFERENCE	docs/registry/identifiers.md	path	yes
docs/enemy-dossiers/assassin-raider.md	REFERENCE	docs/registry/identifiers.md	path	yes
docs/enemy-dossiers/axe-raider.md	REFERENCE	docs/registry/identifiers.md	path	yes
docs/enemy-dossiers/axebot.md	REFERENCE	docs/registry/identifiers.md	path	yes
docs/enemy-dossiers/battle-friend-v1-0.md	REFERENCE	docs/registry/identifiers.md	path	yes
docs/enemy-dossiers/battle-friend-v2-0.md	REFERENCE	docs/registry/identifiers.md	path	yes
docs/enemy-dossiers/battle-friend-v3-0.md	REFERENCE	docs/registry/identifiers.md	path	yes
docs/enemy-dossiers/bowlbug-egg-.md	REFERENCE	docs/registry/identifiers.md	path	yes
docs/enemy-dossiers/bowlbug-nectar-.md	REFERENCE	docs/registry/identifiers.md	path	yes
docs/enemy-dossiers/bowlbug-rock-.md	REFERENCE	docs/registry/identifiers.md	path	yes
docs/enemy-dossiers/bowlbug-silk-.md	REFERENCE	docs/registry/identifiers.md	path	yes
docs/enemy-dossiers/brute-raider.md	REFERENCE	docs/registry/identifiers.md	path	yes
docs/enemy-dossiers/bygone-effigy.md	REFERENCE	docs/registry/identifiers.md	path	yes
docs/enemy-dossiers/byrdonis.md	REFERENCE	docs/registry/identifiers.md	path	yes
docs/enemy-dossiers/calcified-cultist.md	REFERENCE	docs/registry/identifiers.md	path	yes
docs/enemy-dossiers/ceremonial-beast.md	REFERENCE	docs/registry/identifiers.md	path	yes
docs/enemy-dossiers/chomper.md	REFERENCE	docs/registry/identifiers.md	path	yes
docs/enemy-dossiers/corpse-slug.md	REFERENCE	docs/registry/identifiers.md	path	yes
docs/enemy-dossiers/crossbow-raider.md	REFERENCE	docs/registry/identifiers.md	path	yes
docs/enemy-dossiers/crusher.md	REFERENCE	docs/registry/identifiers.md	path	yes
docs/enemy-dossiers/cubex-construct.md	REFERENCE	docs/registry/identifiers.md	path	yes
docs/enemy-dossiers/damp-cultist.md	REFERENCE	docs/registry/identifiers.md	path	yes
docs/enemy-dossiers/decimillipede-back-segment-.md	REFERENCE	docs/registry/identifiers.md	path	yes
docs/enemy-dossiers/decimillipede-front-segment-.md	REFERENCE	docs/registry/identifiers.md	path	yes
docs/enemy-dossiers/decimillipede-middle-segment-.md	REFERENCE	docs/registry/identifiers.md	path	yes
docs/enemy-dossiers/devoted-sculptor.md	REFERENCE	docs/registry/identifiers.md	path	yes
docs/enemy-dossiers/entomancer.md	REFERENCE	docs/registry/identifiers.md	path	yes
docs/enemy-dossiers/exoskeleton.md	REFERENCE	docs/registry/identifiers.md	path	yes
docs/enemy-dossiers/eye-with-teeth.md	REFERENCE	docs/registry/identifiers.md	path	yes
docs/enemy-dossiers/fabricator.md	REFERENCE	docs/registry/identifiers.md	path	yes
docs/enemy-dossiers/fat-gremlin.md	REFERENCE	docs/registry/identifiers.md	path	yes
docs/enemy-dossiers/fight-class-labels.yaml	REFERENCE	docs/fight-class-taxonomy.md	path	yes
docs/enemy-dossiers/fight-class-labels.yaml	REFERENCE	docs/registry/identifiers.md	path	yes
docs/enemy-dossiers/flail-knight.md	REFERENCE	docs/registry/identifiers.md	path	yes
docs/enemy-dossiers/flyconid.md	REFERENCE	docs/registry/identifiers.md	path	yes
docs/enemy-dossiers/fogmog.md	REFERENCE	docs/registry/identifiers.md	path	yes
docs/enemy-dossiers/fossil-stalker.md	REFERENCE	docs/registry/identifiers.md	path	yes
docs/enemy-dossiers/frog-knight.md	REFERENCE	docs/registry/identifiers.md	path	yes
docs/enemy-dossiers/fuzzy-wurm-crawler.md	REFERENCE	docs/registry/identifiers.md	path	yes
docs/enemy-dossiers/gas-bomb.md	REFERENCE	docs/registry/identifiers.md	path	yes
docs/enemy-dossiers/globe-head.md	REFERENCE	docs/registry/identifiers.md	path	yes
docs/enemy-dossiers/gremlin-merc.md	REFERENCE	docs/registry/identifiers.md	path	yes
docs/enemy-dossiers/guardbot.md	REFERENCE	docs/registry/identifiers.md	path	yes
docs/enemy-dossiers/haunted-ship.md	REFERENCE	docs/registry/identifiers.md	path	yes
docs/enemy-dossiers/hunter-killer.md	REFERENCE	docs/registry/identifiers.md	path	yes
docs/enemy-dossiers/infested-prism.md	REFERENCE	docs/registry/identifiers.md	path	yes
docs/enemy-dossiers/inklet.md	REFERENCE	docs/registry/identifiers.md	path	yes
docs/enemy-dossiers/kin-follower.md	REFERENCE	docs/registry/identifiers.md	path	yes
docs/enemy-dossiers/kin-priest.md	REFERENCE	docs/registry/identifiers.md	path	yes
docs/enemy-dossiers/knowledge-demon.md	REFERENCE	docs/registry/identifiers.md	path	yes
docs/enemy-dossiers/lagavulin-matriarch.md	REFERENCE	docs/registry/identifiers.md	path	yes
docs/enemy-dossiers/leaf-slime-m-.md	REFERENCE	docs/registry/identifiers.md	path	yes
docs/enemy-dossiers/leaf-slime-s-.md	REFERENCE	docs/registry/identifiers.md	path	yes
docs/enemy-dossiers/living-fog.md	REFERENCE	docs/registry/identifiers.md	path	yes
docs/enemy-dossiers/living-shield.md	REFERENCE	docs/registry/identifiers.md	path	yes
docs/enemy-dossiers/louse-progenitor.md	REFERENCE	docs/registry/identifiers.md	path	yes
docs/enemy-dossiers/magi-knight.md	REFERENCE	docs/registry/identifiers.md	path	yes
docs/enemy-dossiers/mawler.md	REFERENCE	docs/registry/identifiers.md	path	yes
docs/enemy-dossiers/mecha-knight.md	REFERENCE	docs/registry/identifiers.md	path	yes
docs/enemy-dossiers/mysterious-knight.md	REFERENCE	docs/registry/identifiers.md	path	yes
docs/enemy-dossiers/myte.md	REFERENCE	docs/registry/identifiers.md	path	yes
docs/enemy-dossiers/nibbit.md	REFERENCE	docs/registry/identifiers.md	path	yes
docs/enemy-dossiers/noisebot.md	REFERENCE	docs/registry/identifiers.md	path	yes
docs/enemy-dossiers/ovicopter.md	REFERENCE	docs/registry/identifiers.md	path	yes
docs/enemy-dossiers/owl-magistrate.md	REFERENCE	docs/registry/identifiers.md	path	yes
docs/enemy-dossiers/parafright.md	REFERENCE	docs/registry/identifiers.md	path	yes
docs/enemy-dossiers/phantasmal-gardener.md	REFERENCE	docs/registry/identifiers.md	path	yes
docs/enemy-dossiers/phrog-parasite.md	REFERENCE	docs/registry/identifiers.md	path	yes
docs/enemy-dossiers/punch-construct.md	REFERENCE	docs/registry/identifiers.md	path	yes
docs/enemy-dossiers/queen.md	REFERENCE	docs/registry/identifiers.md	path	yes
docs/enemy-dossiers/rocket.md	REFERENCE	docs/registry/identifiers.md	path	yes
docs/enemy-dossiers/scroll-of-biting.md	REFERENCE	docs/registry/identifiers.md	path	yes
docs/enemy-dossiers/seapunk.md	REFERENCE	docs/registry/identifiers.md	path	yes
docs/enemy-dossiers/sewer-clam.md	REFERENCE	docs/registry/identifiers.md	path	yes
docs/enemy-dossiers/shrinker-beetle.md	REFERENCE	docs/registry/identifiers.md	path	yes
docs/enemy-dossiers/skulking-colony.md	REFERENCE	docs/registry/identifiers.md	path	yes
docs/enemy-dossiers/slimed-berserker.md	REFERENCE	docs/registry/identifiers.md	path	yes
docs/enemy-dossiers/slithering-strangler.md	REFERENCE	docs/registry/identifiers.md	path	yes
docs/enemy-dossiers/sludge-spinner.md	REFERENCE	docs/registry/identifiers.md	path	yes
docs/enemy-dossiers/slumbering-beetle.md	REFERENCE	docs/registry/identifiers.md	path	yes
docs/enemy-dossiers/snapping-jaxfruit.md	REFERENCE	docs/registry/identifiers.md	path	yes
docs/enemy-dossiers/sneaky-gremlin.md	REFERENCE	docs/registry/identifiers.md	path	yes
docs/enemy-dossiers/soul-fysh.md	REFERENCE	docs/registry/identifiers.md	path	yes
docs/enemy-dossiers/soul-nexus.md	REFERENCE	docs/registry/identifiers.md	path	yes
docs/enemy-dossiers/spectral-knight.md	REFERENCE	docs/registry/identifiers.md	path	yes
docs/enemy-dossiers/spiny-toad.md	REFERENCE	docs/registry/identifiers.md	path	yes
docs/enemy-dossiers/stabbot.md	REFERENCE	docs/registry/identifiers.md	path	yes
docs/enemy-dossiers/terror-eel.md	REFERENCE	docs/registry/identifiers.md	path	yes
docs/enemy-dossiers/test-subject.md	REFERENCE	docs/registry/identifiers.md	path	yes
docs/enemy-dossiers/the-adversary-mk-1.md	REFERENCE	docs/registry/identifiers.md	path	yes
docs/enemy-dossiers/the-adversary-mk-2.md	REFERENCE	docs/registry/identifiers.md	path	yes
docs/enemy-dossiers/the-adversary-mk-3.md	REFERENCE	docs/registry/identifiers.md	path	yes
docs/enemy-dossiers/the-architect.md	REFERENCE	docs/registry/identifiers.md	path	yes
docs/enemy-dossiers/the-forgotten.md	REFERENCE	docs/registry/identifiers.md	path	yes
docs/enemy-dossiers/the-insatiable.md	REFERENCE	docs/registry/identifiers.md	path	yes
docs/enemy-dossiers/the-lost.md	REFERENCE	docs/registry/identifiers.md	path	yes
docs/enemy-dossiers/the-merchant-.md	REFERENCE	docs/registry/identifiers.md	path	yes
docs/enemy-dossiers/the-obscura.md	REFERENCE	docs/registry/identifiers.md	path	yes
docs/enemy-dossiers/thieving-hopper.md	REFERENCE	docs/registry/identifiers.md	path	yes
docs/enemy-dossiers/toadpole.md	REFERENCE	docs/registry/identifiers.md	path	yes
docs/enemy-dossiers/torch-head-amalgam.md	REFERENCE	docs/registry/identifiers.md	path	yes
docs/enemy-dossiers/tough-egg.md	REFERENCE	docs/registry/identifiers.md	path	yes
docs/enemy-dossiers/tracker-raider.md	REFERENCE	docs/registry/identifiers.md	path	yes
docs/enemy-dossiers/tunneler.md	REFERENCE	docs/registry/identifiers.md	path	yes
docs/enemy-dossiers/turret-operator.md	REFERENCE	docs/registry/identifiers.md	path	yes
docs/enemy-dossiers/twig-slime-m-.md	REFERENCE	docs/registry/identifiers.md	path	yes
docs/enemy-dossiers/twig-slime-s-.md	REFERENCE	docs/registry/identifiers.md	path	yes
docs/enemy-dossiers/two-tailed-rat.md	REFERENCE	docs/registry/identifiers.md	path	yes
docs/enemy-dossiers/vantom.md	REFERENCE	docs/registry/identifiers.md	path	yes
docs/enemy-dossiers/vine-shambler.md	REFERENCE	docs/registry/identifiers.md	path	yes
docs/enemy-dossiers/waterfall-giant.md	REFERENCE	docs/registry/identifiers.md	path	yes
docs/enemy-dossiers/wriggler.md	REFERENCE	docs/registry/identifiers.md	path	yes
docs/enemy-dossiers/zapbot.md	REFERENCE	docs/enemy-dossiers/fabricator.md	bare	yes
docs/enemy-dossiers/zapbot.md	REFERENCE	docs/registry/identifiers.md	path	yes
docs/epoch-1-log-2026-07-26.md	REFERENCE	docs/registry/identifiers.md	path	yes
docs/fight-class-taxonomy.md	REFERENCE	docs/enemy-dossiers/fight-class-labels.yaml	path	yes
docs/fight-class-taxonomy.md	REFERENCE	docs/registry/identifiers.md	path	yes
docs/fontaine-companions.yaml	LIVING	docs/mondstadt-companions.yaml	bare	yes
docs/fontaine-companions.yaml	LIVING	docs/registry/identifiers.md	path	yes
docs/fontaine-companions.yaml	LIVING	docs/reserved-card-names.txt	path	yes
docs/fontaine-rares-banner-sprint-log.md	REFERENCE	docs/furina-cards.yaml	bare	yes
docs/fontaine-rares-banner-sprint-log.md	REFERENCE	docs/klee-cards.yaml	bare	yes
docs/fontaine-rares-banner-sprint-log.md	REFERENCE	docs/kokomi-upgrades.yaml	bare	yes
docs/fontaine-rares-banner-sprint-log.md	REFERENCE	docs/registry/identifiers.md	path	yes
docs/furina-art-pass-requirements.md	LIVING	docs/archive/companion-art-plan-addendum.md	bare	yes
docs/furina-art-pass-requirements.md	LIVING	docs/fontaine-companions.yaml	path	yes
docs/furina-art-pass-requirements.md	LIVING	docs/furina-cards.yaml	path	yes
docs/furina-art-pass-requirements.md	LIVING	docs/mondstadt-companions.yaml	path	yes
docs/furina-art-pass-requirements.md	LIVING	docs/registry/identifiers.md	path	yes
docs/furina-art-pass-requirements.md	LIVING	docs/teyvat-spire-design-principles.md	bare	yes
docs/furina-cards.yaml	LIVING	docs/archive/furina-sheet-pass-1-report.md	bare	yes
docs/furina-cards.yaml	LIVING	docs/archive/furina-sheet-pass-3-report.md	bare	yes
docs/furina-cards.yaml	LIVING	docs/archive/furina-sheet-redpen.md	bare	yes
docs/furina-cards.yaml	LIVING	docs/archive/ship-what-we-know-sprint-log.md	path	yes
docs/furina-cards.yaml	LIVING	docs/furina-upgrades.yaml	bare	yes
docs/furina-cards.yaml	LIVING	docs/registry/identifiers.md	path	yes
docs/furina-kickoff-v0.1.md	LIVING	docs/archive/furina-predesign-notes.md	bare	yes
docs/furina-kickoff-v0.1.md	LIVING	docs/fontaine-companions.yaml	bare	yes
docs/furina-kickoff-v0.1.md	LIVING	docs/red-pen-2026-07-26.md	path	yes
docs/furina-kickoff-v0.1.md	LIVING	docs/registry/identifiers.md	path	yes
docs/furina-kickoff-v0.1.md	LIVING	docs/teyvat-spire-design-principles.md	path	yes
docs/furina-strength-findings-2026-07-28.md	REFERENCE	docs/playtest3-notes-2026-07-28.md	path	yes
docs/furina-strength-findings-2026-07-28.md	REFERENCE	docs/registry/identifiers.md	path	yes
docs/furina-strength-findings-2026-07-28.md	REFERENCE	docs/surplus-week-manifest-2026-08-05.md	path	yes
docs/furina-upgrades.yaml	LIVING	docs/fontaine-companions.yaml	bare	yes
docs/furina-upgrades.yaml	LIVING	docs/furina-cards.yaml	bare	yes
docs/furina-upgrades.yaml	LIVING	docs/klee-upgrades.yaml	bare	yes
docs/furina-upgrades.yaml	LIVING	docs/registry/identifiers.md	path	yes
docs/furina-upgrades.yaml	LIVING	docs/upgrade-conventions.md	bare	yes
docs/g12-review-2026-08-05.md	REFERENCE	docs/art-claimed-sources.tsv	path	yes
docs/g12-review-2026-08-05.md	REFERENCE	docs/registry/identifiers.md	path	yes
docs/handback-note-2026-08-04.md	REFERENCE	docs/registry/identifiers.md	path	yes
docs/handback-note-2026-08-04.md	REFERENCE	docs/sprint-track-b-curves-log-2026-08-04.md	path	yes
docs/inazuma-companions.yaml	LIVING	docs/kokomi-cards.yaml	bare	yes
docs/inazuma-companions.yaml	LIVING	docs/kokomi-kickoff-v1.md	path	yes
docs/inazuma-companions.yaml	LIVING	docs/registry/identifiers.md	path	yes
docs/inazuma-companions.yaml	LIVING	docs/slot5-candidates-2026-08-05.md	path	yes
docs/instrument-redteam-2026-08-05.md	REFERENCE	docs/probe-b-fanfare-residual.md	path	yes
docs/instrument-redteam-2026-08-05.md	REFERENCE	docs/reactions-corpus-2026-08-05.md	path	yes
docs/instrument-redteam-2026-08-05.md	REFERENCE	docs/registry/identifiers.md	path	yes
docs/instrument-redteam-2026-08-05.md	REFERENCE	docs/s7-divergences.tsv	path	yes
docs/instrument-redteam-2026-08-05.md	REFERENCE	docs/s7-probe-c.md	path	yes
docs/instrument-redteam-2026-08-05.md	REFERENCE	review/redteam/fixtures/track_o/s09-b3-parked-state.json	bare	yes
docs/instrument-redteam-2026-08-05.md	REFERENCE	review/redteam/replay-results.json	bare	yes
docs/klee-cards.yaml	LIVING	docs/klee-character-design.md	bare	yes
docs/klee-cards.yaml	LIVING	docs/klee-upgrades.yaml	bare	yes
docs/klee-cards.yaml	LIVING	docs/registry/identifiers.md	path	yes
docs/klee-cards.yaml	LIVING	docs/reserved-card-names.txt	path	yes
docs/klee-character-design.md	LIVING	docs/archive/tier0-simulator-spec.md	bare	yes
docs/klee-character-design.md	LIVING	docs/klee-cards.yaml	bare	yes
docs/klee-character-design.md	LIVING	docs/mondstadt-companions.yaml	bare	yes
docs/klee-character-design.md	LIVING	docs/registry/identifiers.md	path	yes
docs/klee-character-design.md	LIVING	docs/teyvat-spire-design-principles.md	bare	yes
docs/klee-real-battery-calibration.md	REFERENCE	docs/registry/identifiers.md	path	yes
docs/klee-upgrades.yaml	LIVING	docs/klee-cards.yaml	bare	yes
docs/klee-upgrades.yaml	LIVING	docs/mondstadt-companions.yaml	bare	yes
docs/klee-upgrades.yaml	LIVING	docs/registry/identifiers.md	path	yes
docs/klee-upgrades.yaml	LIVING	docs/upgrade-conventions.md	bare	yes
docs/kokomi-art-pass-requirements.md	LIVING	docs/archive/klee-art-redpen-round2.md	path	yes
docs/kokomi-art-pass-requirements.md	LIVING	docs/inazuma-companions.yaml	path	yes
docs/kokomi-art-pass-requirements.md	LIVING	docs/kokomi-cards.yaml	path	yes
docs/kokomi-art-pass-requirements.md	LIVING	docs/open-playtest-items.md	bare	yes
docs/kokomi-art-pass-requirements.md	LIVING	docs/registry/identifiers.md	path	yes
docs/kokomi-art-pass-requirements.md	LIVING	docs/teyvat-spire-design-principles.md	bare	yes
docs/kokomi-cards.yaml	LIVING	docs/kokomi-kickoff-v1.md	path	yes
docs/kokomi-cards.yaml	LIVING	docs/registry/identifiers.md	path	yes
docs/kokomi-cards.yaml	LIVING	docs/reserved-card-names.txt	path	yes
docs/kokomi-kickoff-v1.md	LIVING	docs/archive/kokomi-roster-v0.1-report.md	path	yes
docs/kokomi-kickoff-v1.md	LIVING	docs/registry/identifiers.md	path	yes
docs/kokomi-kickoff-v1.md	LIVING	docs/teyvat-spire-design-principles.md	path	yes
docs/kokomi-playtest-protocol.md	LIVING	docs/open-playtest-items.md	path	yes
docs/kokomi-playtest-protocol.md	LIVING	docs/playtest4-notes-2026-08-04.md	path	yes
docs/kokomi-playtest-protocol.md	LIVING	docs/registry/identifiers.md	path	yes
docs/kokomi-playtest-protocol.md	LIVING	docs/sprint-bugfix-log-2026-07-29.md	path	yes
docs/kokomi-upgrades.yaml	LIVING	docs/inazuma-companions.yaml	bare	yes
docs/kokomi-upgrades.yaml	LIVING	docs/klee-upgrades.yaml	bare	yes
docs/kokomi-upgrades.yaml	LIVING	docs/kokomi-cards.yaml	bare	yes
docs/kokomi-upgrades.yaml	LIVING	docs/registry/identifiers.md	path	yes
docs/kokomi-upgrades.yaml	LIVING	docs/upgrade-conventions.md	bare	yes
docs/lore-fidelity-audit-2026-08-05.md	REFERENCE	docs/archive/companion-art-plan-addendum.md	path	yes
docs/lore-fidelity-audit-2026-08-05.md	REFERENCE	docs/archive/companion-lore-errata.md	path	yes
docs/lore-fidelity-audit-2026-08-05.md	REFERENCE	docs/archive/csharp-build-spec.md	path	yes
docs/lore-fidelity-audit-2026-08-05.md	REFERENCE	docs/archive/kokomi-v0.4-plan.md	path	yes
docs/lore-fidelity-audit-2026-08-05.md	REFERENCE	docs/archive/kokomi-v0.4-report.md	path	yes
docs/lore-fidelity-audit-2026-08-05.md	REFERENCE	docs/archive/pass3-ratification.md	path	yes
docs/lore-fidelity-audit-2026-08-05.md	REFERENCE	docs/brief-kokomi-pool-fill.md	path	yes
docs/lore-fidelity-audit-2026-08-05.md	REFERENCE	docs/companion-value-vs-colorless-study.md	path	yes
docs/lore-fidelity-audit-2026-08-05.md	REFERENCE	docs/fontaine-companions.yaml	path	yes
docs/lore-fidelity-audit-2026-08-05.md	REFERENCE	docs/fontaine-rares-banner-sprint-log.md	path	yes
docs/lore-fidelity-audit-2026-08-05.md	REFERENCE	docs/furina-art-pass-requirements.md	path	yes
docs/lore-fidelity-audit-2026-08-05.md	REFERENCE	docs/furina-cards.yaml	bare	yes
docs/lore-fidelity-audit-2026-08-05.md	REFERENCE	docs/furina-kickoff-v0.1.md	bare	yes
docs/lore-fidelity-audit-2026-08-05.md	REFERENCE	docs/furina-strength-findings-2026-07-28.md	bare	yes
docs/lore-fidelity-audit-2026-08-05.md	REFERENCE	docs/furina-upgrades.yaml	bare	yes
docs/lore-fidelity-audit-2026-08-05.md	REFERENCE	docs/inazuma-companions.yaml	path	yes
docs/lore-fidelity-audit-2026-08-05.md	REFERENCE	docs/klee-cards.yaml	path	yes
docs/lore-fidelity-audit-2026-08-05.md	REFERENCE	docs/klee-character-design.md	path	yes
docs/lore-fidelity-audit-2026-08-05.md	REFERENCE	docs/klee-upgrades.yaml	path	yes
docs/lore-fidelity-audit-2026-08-05.md	REFERENCE	docs/kokomi-art-pass-requirements.md	path	yes
docs/lore-fidelity-audit-2026-08-05.md	REFERENCE	docs/kokomi-cards.yaml	path	yes
docs/lore-fidelity-audit-2026-08-05.md	REFERENCE	docs/kokomi-kickoff-v1.md	path	yes
docs/lore-fidelity-audit-2026-08-05.md	REFERENCE	docs/kokomi-playtest-protocol.md	path	yes
docs/lore-fidelity-audit-2026-08-05.md	REFERENCE	docs/kokomi-upgrades.yaml	path	yes
docs/lore-fidelity-audit-2026-08-05.md	REFERENCE	docs/mondstadt-companions.yaml	path	yes
docs/lore-fidelity-audit-2026-08-05.md	REFERENCE	docs/registry/identifiers.md	path	yes
docs/lore-fidelity-audit-2026-08-05.md	REFERENCE	docs/reserved-card-names.txt	path	yes
docs/lore-fidelity-audit-2026-08-05.md	REFERENCE	docs/role-tempo-baseline.md	path	yes
docs/lore-fidelity-audit-2026-08-05.md	REFERENCE	docs/role-tempo-floors.yaml	path	yes
docs/lore-fidelity-audit-2026-08-05.md	REFERENCE	docs/sprint-fanfare-compensation-log-2026-07-28.md	bare	yes
docs/lore-fidelity-audit-2026-08-05.md	REFERENCE	docs/sprint-fanfare-rework-log-2026-07-28.md	bare	yes
docs/lore-fidelity-audit-2026-08-05.md	REFERENCE	docs/sprint-kokomi-instrument-log-2026-07-29.md	path	yes
docs/lore-fidelity-audit-2026-08-05.md	REFERENCE	docs/sts2-events-harvest.txt	path	yes
docs/lore-fidelity-audit-2026-08-05.md	REFERENCE	docs/teyvat-spire-design-principles.md	path	yes
docs/lore-fidelity-audit-2026-08-05.md	REFERENCE	docs/zhongli-dossier-2026-08-05.md	path	yes
docs/lore-fidelity-audit-2026-08-05.md	REFERENCE	review/potion-relic-gallery/gallery.md	path	yes
docs/missed-requirements.md	REFERENCE	docs/animation-sprint-2-log.md	bare	yes
docs/missed-requirements.md	REFERENCE	docs/animation-sprint-2-plan.md	bare	yes
docs/missed-requirements.md	REFERENCE	docs/archive/csharp-build-spec.md	bare	yes
docs/missed-requirements.md	REFERENCE	docs/archive/furina-legibility-sprint-log.md	bare	yes
docs/missed-requirements.md	REFERENCE	docs/archive/furina-predesign-notes.md	bare	yes
docs/missed-requirements.md	REFERENCE	docs/archive/furina-salon-rework-plan.md	bare	yes
docs/missed-requirements.md	REFERENCE	docs/archive/furina-sheet-pass-3-report.md	bare	yes
docs/missed-requirements.md	REFERENCE	docs/archive/furina-sheet-pass-4-plan.md	bare	yes
docs/missed-requirements.md	REFERENCE	docs/archive/furina-sprint-1-report.md	bare	yes
docs/missed-requirements.md	REFERENCE	docs/archive/klee-art-redpen-round3.md	bare	yes
docs/missed-requirements.md	REFERENCE	docs/archive/klee-design-review.md	bare	yes
docs/missed-requirements.md	REFERENCE	docs/archive/klee-pass-4-plan.md	bare	yes
docs/missed-requirements.md	REFERENCE	docs/archive/klee-survival-sprint-plan.md	bare	yes
docs/missed-requirements.md	REFERENCE	docs/archive/klee-survival-sprint-report.md	bare	yes
docs/missed-requirements.md	REFERENCE	docs/archive/kokomi-roster-v0.1-report.md	bare	yes
docs/missed-requirements.md	REFERENCE	docs/archive/kokomi-sheetpass-v0.2-report.md	bare	yes
docs/missed-requirements.md	REFERENCE	docs/archive/kokomi-v0.4-report.md	bare	yes
docs/missed-requirements.md	REFERENCE	docs/archive/tier05-draft-sim-spec.md	bare	yes
docs/missed-requirements.md	REFERENCE	docs/art-asset-manifest.md	bare	yes
docs/missed-requirements.md	REFERENCE	docs/dockets/engineering-backlog.md	path	yes
docs/missed-requirements.md	REFERENCE	docs/fontaine-rares-banner-sprint-log.md	bare	yes
docs/missed-requirements.md	REFERENCE	docs/furina-art-pass-requirements.md	bare	yes
docs/missed-requirements.md	REFERENCE	docs/furina-cards.yaml	path	yes
docs/missed-requirements.md	REFERENCE	docs/furina-kickoff-v0.1.md	bare	yes
docs/missed-requirements.md	REFERENCE	docs/furina-upgrades.yaml	path	yes
docs/missed-requirements.md	REFERENCE	docs/inazuma-companions.yaml	path	yes
docs/missed-requirements.md	REFERENCE	docs/klee-cards.yaml	path	yes
docs/missed-requirements.md	REFERENCE	docs/kokomi-cards.yaml	path	yes
docs/missed-requirements.md	REFERENCE	docs/kokomi-kickoff-v1.md	bare	yes
docs/missed-requirements.md	REFERENCE	docs/kokomi-playtest-protocol.md	bare	yes
docs/missed-requirements.md	REFERENCE	docs/mondstadt-companions.yaml	path	yes
docs/missed-requirements.md	REFERENCE	docs/open-playtest-items.md	bare	yes
docs/missed-requirements.md	REFERENCE	docs/red-pen-2026-07-26.md	bare	yes
docs/missed-requirements.md	REFERENCE	docs/registry/identifiers.md	path	yes
docs/missed-requirements.md	REFERENCE	docs/registry/user-queue.md	path	yes
docs/missed-requirements.md	REFERENCE	docs/run-model-rework-plan.md	bare	yes
docs/missed-requirements.md	REFERENCE	docs/sts2-map-and-events-research.md	bare	yes
docs/missed-requirements.md	REFERENCE	docs/tier05-perf-and-ironclad-act3-notes.md	bare	yes
docs/mondstadt-companions.yaml	LIVING	docs/registry/identifiers.md	path	yes
docs/mondstadt-companions.yaml	LIVING	docs/teyvat-spire-design-principles.md	bare	yes
docs/mondstadt-companions.yaml	LIVING	docs/track-t-audits-2026-08-06.md	path	yes
docs/mutation-round-2026-08-05.md	REFERENCE	docs/registry/identifiers.md	path	yes
docs/mutation-round-2026-08-05.md	REFERENCE	review/mutation-audit/blind-spot-report.md	path	yes
docs/open-playtest-items.md	REFERENCE	docs/animation-sprint-2-log.md	path	yes
docs/open-playtest-items.md	REFERENCE	docs/archive/icon-gap-2026-07-24.md	path	yes
docs/open-playtest-items.md	REFERENCE	docs/archive/kokomi-v0.4-report.md	path	yes
docs/open-playtest-items.md	REFERENCE	docs/archive/ship-what-we-know-sprint-log.md	path	yes
docs/open-playtest-items.md	REFERENCE	docs/archive/shop-companion-channel-sprint-log.md	path	yes
docs/open-playtest-items.md	REFERENCE	docs/backlog-2026-07-29.md	path	yes
docs/open-playtest-items.md	REFERENCE	docs/dockets/engineering-backlog.md	path	yes
docs/open-playtest-items.md	REFERENCE	docs/inazuma-companions.yaml	path	yes
docs/open-playtest-items.md	REFERENCE	docs/kokomi-art-pass-requirements.md	path	yes
docs/open-playtest-items.md	REFERENCE	docs/kokomi-playtest-protocol.md	path	yes
docs/open-playtest-items.md	REFERENCE	docs/missed-requirements.md	path	yes
docs/open-playtest-items.md	REFERENCE	docs/red-pen-2026-07-26.md	path	yes
docs/open-playtest-items.md	REFERENCE	docs/registry/identifiers.md	path	yes
docs/open-playtest-items.md	REFERENCE	docs/registry/user-queue.md	path	yes
docs/open-playtest-items.md	REFERENCE	docs/silent-anchor-sprint-log-2026-07-27.md	path	yes
docs/patch-sentinel.md	LIVING	docs/registry/identifiers.md	path	yes
docs/payoff-reach-reregistration-draft-2026-08-06.md	UNBANNERED	docs/archive/furina-fanfare-sprint-log.md	path	yes
docs/payoff-reach-reregistration-draft-2026-08-06.md	UNBANNERED	docs/archive/ship-what-we-know-sprint-log.md	path	yes
docs/payoff-reach-reregistration-draft-2026-08-06.md	UNBANNERED	docs/curtain-call-sprint-log-2026-07-27.md	path	yes
docs/payoff-reach-reregistration-draft-2026-08-06.md	UNBANNERED	docs/registration-hunt-report-2026-08-06.md	path	yes
docs/payoff-reach-reregistration-draft-2026-08-06.md	UNBANNERED	docs/roster-anchor-v14-2026-08-05.md	path	yes
docs/payoff-reach-reregistration-draft-2026-08-06.md	UNBANNERED	docs/sitting-prep-2026-08-05.md	path	yes
docs/pending/README.md	REFERENCE	docs/kokomi-cards.yaml	bare	yes
docs/pending/README.md	REFERENCE	docs/pending/serenitea-g3-ci-proposal.md	bare	yes
docs/pending/README.md	REFERENCE	docs/pending/serenitea-g4-session-isolation.md	bare	yes
docs/pending/README.md	REFERENCE	docs/registry/identifiers.md	path	yes
docs/pending/README.md	REFERENCE	docs/worktree-workflow.md	path	yes
docs/pending/serenitea-g3-ci-proposal.md	REFERENCE	docs/pending/serenitea-g4-session-isolation.md	bare	yes
docs/pending/serenitea-g3-ci-proposal.md	REFERENCE	docs/registry/identifiers.md	path	yes
docs/pending/serenitea-g4-session-isolation.md	REFERENCE	docs/registry/identifiers.md	path	yes
docs/pending/serenitea-g4-session-isolation.md	REFERENCE	docs/worktree-workflow.md	path	yes
docs/playtest2-triage-2026-07-28.md	REFERENCE	docs/archive/furina-salon-rework-plan.md	path	yes
docs/playtest2-triage-2026-07-28.md	REFERENCE	docs/furina-cards.yaml	path	yes
docs/playtest2-triage-2026-07-28.md	REFERENCE	docs/furina-upgrades.yaml	bare	yes
docs/playtest2-triage-2026-07-28.md	REFERENCE	docs/mockups/salon-stage-d1-mockup-2026-07-28.html	path	NO
docs/playtest2-triage-2026-07-28.md	REFERENCE	docs/registry/identifiers.md	path	yes
docs/playtest3-notes-2026-07-28.md	REFERENCE	docs/registry/identifiers.md	path	yes
docs/playtest4-notes-2026-08-04.md	REFERENCE	docs/playtest4-triage-2026-08-04.md	path	yes
docs/playtest4-notes-2026-08-04.md	REFERENCE	docs/registry/identifiers.md	path	yes
docs/playtest4-triage-2026-08-04.md	REFERENCE	docs/backlog-2026-07-29.md	path	yes
docs/playtest4-triage-2026-08-04.md	REFERENCE	docs/brief-kokomi-pool-fill.md	bare	yes
docs/playtest4-triage-2026-08-04.md	REFERENCE	docs/open-playtest-items.md	bare	yes
docs/playtest4-triage-2026-08-04.md	REFERENCE	docs/playtest4-notes-2026-08-04.md	path	yes
docs/playtest4-triage-2026-08-04.md	REFERENCE	docs/registry/identifiers.md	path	yes
docs/probe-a-block-offset.md	REFERENCE	docs/registry/identifiers.md	path	yes
docs/probe-a-block-offset.md	REFERENCE	docs/s7-classification.md	path	yes
docs/probe-a-block-offset.md	REFERENCE	docs/s7-fidelity-audit.md	path	yes
docs/probe-b-fanfare-residual.md	REFERENCE	docs/probe-a-block-offset.md	path	yes
docs/probe-b-fanfare-residual.md	REFERENCE	docs/registry/identifiers.md	path	yes
docs/probe-b-fanfare-residual.md	REFERENCE	docs/s7-classification.md	path	yes
docs/probe-b-fanfare-residual.md	REFERENCE	docs/s7-fidelity-audit.md	path	yes
docs/probe-b-fanfare-residual.md	REFERENCE	docs/sprint-track-b-gate-log-2026-08-05.md	path	yes
docs/probe-d-aria-block.md	REFERENCE	docs/probe-d-registration-draft.md	path	yes
docs/probe-d-registration-draft.md	REFERENCE	docs/furina-cards.yaml	path	yes
docs/probe-d-registration-draft.md	REFERENCE	docs/furina-upgrades.yaml	path	yes
docs/probe-d-registration-draft.md	REFERENCE	docs/probe-a-block-offset.md	path	yes
docs/probe-d-registration-draft.md	REFERENCE	docs/probe-b-fanfare-residual.md	path	yes
docs/probe-d-registration-draft.md	REFERENCE	docs/registry/identifiers.md	path	yes
docs/probe-d-registration-draft.md	REFERENCE	docs/sitting-prep-2026-08-05.md	path	yes
docs/probe-e-corpse-detonation-registration-draft.md	REFERENCE	docs/probe-a-block-offset.md	path	yes
docs/probe-e-corpse-detonation-registration-draft.md	REFERENCE	docs/probe-b-fanfare-residual.md	path	yes
docs/probe-e-corpse-detonation-registration-draft.md	REFERENCE	docs/probe-d-registration-draft.md	path	yes
docs/probe-e-corpse-detonation-registration-draft.md	REFERENCE	docs/registry/identifiers.md	path	yes
docs/probe-e-corpse-detonation-registration-draft.md	REFERENCE	docs/registry/user-queue.md	path	yes
docs/probe-e-corpse-detonation-registration-draft.md	REFERENCE	docs/sitting-prep-2026-08-05.md	path	yes
docs/probe-e-corpse-detonation.md	REFERENCE	docs/probe-e-corpse-detonation-registration-draft.md	path	yes
docs/probe-e-corpse-detonation.md	REFERENCE	docs/sitting-prep-2026-08-05.md	path	yes
docs/punch-off-crash-memo.md	REFERENCE	docs/animation-sprint-2-log.md	path	yes
docs/punch-off-crash-memo.md	REFERENCE	docs/registry/identifiers.md	path	yes
docs/punch-off-crash-memo.md	REFERENCE	docs/registry/p-ledger.md	path	yes
docs/punch-off-crash-memo.md	REFERENCE	docs/sprint-understudy-p1-log-2026-08-04.md	path	yes
docs/reactions-corpus-2026-08-05.md	REFERENCE	docs/instrument-redteam-2026-08-05.md	path	yes
docs/reactions-corpus-2026-08-05.md	REFERENCE	docs/reactions-corpus-battery-2026-08-05-corrected.tsv	path	yes
docs/reactions-corpus-2026-08-05.md	REFERENCE	docs/reactions-corpus-battery-2026-08-05.tsv	path	yes
docs/reactions-corpus-2026-08-05.md	REFERENCE	docs/reactions-corpus-cohort-2026-08-05.tsv	path	yes
docs/reactions-corpus-2026-08-05.md	REFERENCE	docs/registry/identifiers.md	path	yes
docs/reactions-corpus-2026-08-05.md	REFERENCE	docs/role-tempo-review.tsv	path	yes
docs/reactions-corpus-2026-08-05.md	REFERENCE	docs/s7-divergences.tsv	path	yes
docs/red-pen-2026-07-26.md	REFERENCE	docs/animation-sprint-2-log.md	path	yes
docs/red-pen-2026-07-26.md	REFERENCE	docs/archive/furina-sheet-redpen.md	path	yes
docs/red-pen-2026-07-26.md	REFERENCE	docs/archive/ship-what-we-know-sprint-log.md	path	yes
docs/red-pen-2026-07-26.md	REFERENCE	docs/archive/ship-what-we-know-sprint-plan.md	path	yes
docs/red-pen-2026-07-26.md	REFERENCE	docs/registry/identifiers.md	path	yes
docs/ref-ironclad-upgrades.yaml	LIVING	docs/registry/identifiers.md	path	yes
docs/ref-ironclad-upgrades.yaml	LIVING	docs/upgrade-conventions.md	path	yes
docs/registration-hunt-report-2026-08-06.md	REFERENCE	docs/curtain-call-sprint-log-2026-07-27.md	path	yes
docs/registration-hunt-report-2026-08-06.md	REFERENCE	docs/dockets/engineering-backlog.md	path	yes
docs/registration-hunt-report-2026-08-06.md	REFERENCE	docs/payoff-reach-reregistration-draft-2026-08-06.md	path	yes
docs/registration-hunt-report-2026-08-06.md	REFERENCE	docs/registry/identifiers.md	path	yes
docs/registration-hunt-report-2026-08-06.md	REFERENCE	docs/registry/user-queue.md	path	yes
docs/registration-hunt-report-2026-08-06.md	REFERENCE	docs/roster-anchor-v14-2026-08-05.md	path	yes
docs/registration-hunt-report-2026-08-06.md	REFERENCE	docs/teyvat-spire-design-principles.md	path	yes
docs/registry/excision-log.md	LIVING	docs/clear-the-stage-charter-2026-08-06.md	path	yes
docs/registry/excision-log.md	LIVING	docs/registry/identifiers.md	path	yes
docs/registry/excision-log.md	LIVING	docs/registry/p-ledger.md	path	yes
docs/registry/excision-log.md	LIVING	docs/teyvat-spire-design-principles.md	path	yes
docs/registry/excision-log.md	LIVING	docs/zhongli-dossier-2026-08-05.md	path	yes
docs/registry/identifiers.md	LIVING	docs/README.md	path	yes
docs/registry/identifiers.md	LIVING	docs/a2-gate-ratification-2026-07-27.md	bare	yes
docs/registry/identifiers.md	LIVING	docs/act2-act3-roster-research.md	bare	yes
docs/registry/identifiers.md	LIVING	docs/animation-sprint-2-log.md	path	yes
docs/registry/identifiers.md	LIVING	docs/animation-sprint-2-plan.md	path	yes
docs/registry/identifiers.md	LIVING	docs/archive/csharp-build-spec.md	path	yes
docs/registry/identifiers.md	LIVING	docs/archive/klee-pass-4-plan.md	path	yes
docs/registry/identifiers.md	LIVING	docs/archive/playtest-2026-07-25-coop-a0.md	path	yes
docs/registry/identifiers.md	LIVING	docs/archive/ship-what-we-know-sprint-plan.md	path	yes
docs/registry/identifiers.md	LIVING	docs/archive/shop-companion-channel-sprint-log.md	path	yes
docs/registry/identifiers.md	LIVING	docs/archive/tier0-simulator-spec.md	path	yes
docs/registry/identifiers.md	LIVING	docs/art-asset-manifest.md	bare	yes
docs/registry/identifiers.md	LIVING	docs/art-claimed-sources.tsv	bare	yes
docs/registry/identifiers.md	LIVING	docs/art-sprint-spec.md	path	yes
docs/registry/identifiers.md	LIVING	docs/awaiting-user-slots-2026-08-06.md	path	yes
docs/registry/identifiers.md	LIVING	docs/axis-validity-countersign-2026-08-04.md	bare	yes
docs/registry/identifiers.md	LIVING	docs/axis-validity-session-charter.md	path	yes
docs/registry/identifiers.md	LIVING	docs/backlog-2026-07-29.md	path	yes
docs/registry/identifiers.md	LIVING	docs/card_keywords.json	bare	yes
docs/registry/identifiers.md	LIVING	docs/class-p-charter-2026-08-06.md	bare	yes
docs/registry/identifiers.md	LIVING	docs/clear-the-stage-charter-2026-08-06.md	bare	yes
docs/registry/identifiers.md	LIVING	docs/companion-value-vs-colorless-study.md	bare	yes
docs/registry/identifiers.md	LIVING	docs/dispatch-2026-08-06-q13-q14-q15.md	bare	yes
docs/registry/identifiers.md	LIVING	docs/dispatch-2026-08-06b-eleven-replies.md	bare	yes
docs/registry/identifiers.md	LIVING	docs/dispatch-2026-08-06d-four-replies.md	bare	yes
docs/registry/identifiers.md	LIVING	docs/dockets/README.md	path	yes
docs/registry/identifiers.md	LIVING	docs/dockets/companion-pricing.md	bare	yes
docs/registry/identifiers.md	LIVING	docs/dockets/engineering-backlog.md	bare	yes
docs/registry/identifiers.md	LIVING	docs/dockets/klee-rework.md	bare	yes
docs/registry/identifiers.md	LIVING	docs/dockets/kokomi-workshop.md	bare	yes
docs/registry/identifiers.md	LIVING	docs/dockets/watch-items.md	bare	yes
docs/registry/identifiers.md	LIVING	docs/enemy-dossiers/fight-class-labels.yaml	bare	yes
docs/registry/identifiers.md	LIVING	docs/fontaine-companions.yaml	bare	yes
docs/registry/identifiers.md	LIVING	docs/furina-art-pass-requirements.md	bare	yes
docs/registry/identifiers.md	LIVING	docs/furina-cards.yaml	bare	yes
docs/registry/identifiers.md	LIVING	docs/furina-fanfare-parity-vectors.json	bare	yes
docs/registry/identifiers.md	LIVING	docs/furina-kickoff-v0.1.md	bare	yes
docs/registry/identifiers.md	LIVING	docs/furina-upgrades.yaml	bare	yes
docs/registry/identifiers.md	LIVING	docs/g12-review-2026-08-05.md	path	yes
docs/registry/identifiers.md	LIVING	docs/handback-note-2026-08-04.md	bare	yes
docs/registry/identifiers.md	LIVING	docs/inazuma-companions.yaml	bare	yes
docs/registry/identifiers.md	LIVING	docs/instrument-redteam-2026-08-05.md	path	yes
docs/registry/identifiers.md	LIVING	docs/klee-cards.yaml	bare	yes
docs/registry/identifiers.md	LIVING	docs/klee-character-design.md	bare	yes
docs/registry/identifiers.md	LIVING	docs/klee-upgrades.yaml	bare	yes
docs/registry/identifiers.md	LIVING	docs/kokomi-art-pass-requirements.md	bare	yes
docs/registry/identifiers.md	LIVING	docs/kokomi-cards.yaml	bare	yes
docs/registry/identifiers.md	LIVING	docs/kokomi-kickoff-v1.md	bare	yes
docs/registry/identifiers.md	LIVING	docs/kokomi-playtest-protocol.md	bare	yes
docs/registry/identifiers.md	LIVING	docs/kokomi-upgrades.yaml	bare	yes
docs/registry/identifiers.md	LIVING	docs/lore-fidelity-audit-2026-08-05.md	path	yes
docs/registry/identifiers.md	LIVING	docs/missed-requirements.md	path	yes
docs/registry/identifiers.md	LIVING	docs/mondstadt-companions.yaml	bare	yes
docs/registry/identifiers.md	LIVING	docs/noncard-parity-vectors.json	bare	yes
docs/registry/identifiers.md	LIVING	docs/open-playtest-items.md	bare	yes
docs/registry/identifiers.md	LIVING	docs/patch-sentinel.md	bare	yes
docs/registry/identifiers.md	LIVING	docs/probe-a-block-offset.md	path	yes
docs/registry/identifiers.md	LIVING	docs/probe-b-fanfare-residual.md	path	yes
docs/registry/identifiers.md	LIVING	docs/probe-d-aria-block.md	bare	yes
docs/registry/identifiers.md	LIVING	docs/probe-d-registration-draft.md	bare	yes
docs/registry/identifiers.md	LIVING	docs/probe-e-corpse-detonation-registration-draft.md	bare	yes
docs/registry/identifiers.md	LIVING	docs/probe-e-corpse-detonation.md	bare	yes
docs/registry/identifiers.md	LIVING	docs/punch-off-crash-memo.md	bare	yes
docs/registry/identifiers.md	LIVING	docs/reactions-corpus-battery-2026-08-05.tsv	bare	yes
docs/registry/identifiers.md	LIVING	docs/reactions-corpus-cohort-2026-08-05.tsv	bare	yes
docs/registry/identifiers.md	LIVING	docs/ref-ironclad-upgrades.yaml	bare	yes
docs/registry/identifiers.md	LIVING	docs/registry/excision-log.md	bare	yes
docs/registry/identifiers.md	LIVING	docs/registry/known-identifiers.tsv	path	yes
docs/registry/identifiers.md	LIVING	docs/registry/p-ledger.md	bare	yes
docs/registry/identifiers.md	LIVING	docs/registry/user-queue.md	path	yes
docs/registry/identifiers.md	LIVING	docs/reserved-card-names.txt	bare	yes
docs/registry/identifiers.md	LIVING	docs/role-tempo-baseline.md	bare	yes
docs/registry/identifiers.md	LIVING	docs/role-tempo-debt.tsv	bare	yes
docs/registry/identifiers.md	LIVING	docs/role-tempo-floors.yaml	bare	yes
docs/registry/identifiers.md	LIVING	docs/role-tempo-review.tsv	bare	yes
docs/registry/identifiers.md	LIVING	docs/role-tempo-tagthrough.md	bare	yes
docs/registry/identifiers.md	LIVING	docs/roster-anchor-v14-2026-08-05.md	path	yes
docs/registry/identifiers.md	LIVING	docs/roster-codegen.md	bare	yes
docs/registry/identifiers.md	LIVING	docs/s7-classification.md	path	yes
docs/registry/identifiers.md	LIVING	docs/s7-divergences.tsv	bare	yes
docs/registry/identifiers.md	LIVING	docs/serenitea-sweep-ii-log-2026-07-27.md	path	yes
docs/registry/identifiers.md	LIVING	docs/serenitea-sweep-log-2026-07-26.md	path	yes
docs/registry/identifiers.md	LIVING	docs/sitting-prep-2026-08-05.md	bare	yes
docs/registry/identifiers.md	LIVING	docs/sitting-record-predraft-2026-08-06.md	path	yes
docs/registry/identifiers.md	LIVING	docs/sts2-events-harvest.txt	bare	yes
docs/registry/identifiers.md	LIVING	docs/sts2-map-and-events-research.md	bare	yes
docs/registry/identifiers.md	LIVING	docs/surplus-week-manifest-2026-08-05.md	path	yes
docs/registry/identifiers.md	LIVING	docs/take-a-bow-sprint-log-2026-07-27.md	path	yes
docs/registry/identifiers.md	LIVING	docs/teyvat-spire-design-principles.md	path	yes
docs/registry/identifiers.md	LIVING	docs/track-a-kickoff-brief.md	path	yes
docs/registry/identifiers.md	LIVING	docs/track-b-curves.md	bare	yes
docs/registry/identifiers.md	LIVING	docs/track-b-validation-gate-countersign-2026-08-04.md	bare	yes
docs/registry/identifiers.md	LIVING	docs/track-t-audits-2026-08-06.md	path	yes
docs/registry/identifiers.md	LIVING	docs/understudy-countersign-2026-08-04.md	bare	yes
docs/registry/identifiers.md	LIVING	docs/understudy-kickoff-brief.md	path	yes
docs/registry/identifiers.md	LIVING	docs/upgrade-conventions.md	bare	yes
docs/registry/identifiers.md	LIVING	docs/worktree-workflow.md	path	yes
docs/registry/identifiers.md	LIVING	review/ledger-audit/hygiene-report.md	path	yes
docs/registry/identifiers.md	LIVING	review/parity-sweep/noncard-triage-memo.md	path	yes
docs/registry/identifiers.md	LIVING	review/parity-sweep/triage-memo.md	path	yes
docs/registry/identifiers.md	LIVING	review/redteam/exploit-ledger.md	path	yes
docs/registry/known-identifiers.tsv	UNBANNERED	docs/README.md	path	yes
docs/registry/known-identifiers.tsv	UNBANNERED	docs/a2-gate-ratification-2026-07-27.md	path	yes
docs/registry/known-identifiers.tsv	UNBANNERED	docs/act2-act3-roster-research.md	path	yes
docs/registry/known-identifiers.tsv	UNBANNERED	docs/animation-capability-memo.md	path	yes
docs/registry/known-identifiers.tsv	UNBANNERED	docs/animation-downfall-investigation-2026-08-05.md	path	yes
docs/registry/known-identifiers.tsv	UNBANNERED	docs/animation-sprint-2-log.md	path	yes
docs/registry/known-identifiers.tsv	UNBANNERED	docs/animation-sprint-2-plan.md	path	yes
docs/registry/known-identifiers.tsv	UNBANNERED	docs/archive/animation-sprint-1-log.md	path	yes
docs/registry/known-identifiers.tsv	UNBANNERED	docs/archive/animation-sprint-1-plan.md	path	yes
docs/registry/known-identifiers.tsv	UNBANNERED	docs/archive/art-taste-pass.md	path	yes
docs/registry/known-identifiers.tsv	UNBANNERED	docs/archive/c3-codegen-gap-list.md	path	yes
docs/registry/known-identifiers.tsv	UNBANNERED	docs/archive/companion-art-plan-addendum.md	path	yes
docs/registry/known-identifiers.tsv	UNBANNERED	docs/archive/companion-lore-errata.md	path	yes
docs/registry/known-identifiers.tsv	UNBANNERED	docs/archive/csharp-build-spec.md	path	yes
docs/registry/known-identifiers.tsv	UNBANNERED	docs/archive/errata-m5-triage.md	path	yes
docs/registry/known-identifiers.tsv	UNBANNERED	docs/archive/furina-fanfare-sprint-log.md	path	yes
docs/registry/known-identifiers.tsv	UNBANNERED	docs/archive/furina-legibility-sprint-log.md	path	yes
docs/registry/known-identifiers.tsv	UNBANNERED	docs/archive/furina-pass1-rulings.md	path	yes
docs/registry/known-identifiers.tsv	UNBANNERED	docs/archive/furina-pass3-rulings.md	path	yes
docs/registry/known-identifiers.tsv	UNBANNERED	docs/archive/furina-predesign-notes.md	path	yes
docs/registry/known-identifiers.tsv	UNBANNERED	docs/archive/furina-principles-amendment-batch.md	path	yes
docs/registry/known-identifiers.tsv	UNBANNERED	docs/archive/furina-salon-rework-plan.md	path	yes
docs/registry/known-identifiers.tsv	UNBANNERED	docs/archive/furina-sheet-pass-1-plan.md	path	yes
docs/registry/known-identifiers.tsv	UNBANNERED	docs/archive/furina-sheet-pass-1-report.md	path	yes
docs/registry/known-identifiers.tsv	UNBANNERED	docs/archive/furina-sheet-pass-2-plan.md	path	yes
docs/registry/known-identifiers.tsv	UNBANNERED	docs/archive/furina-sheet-pass-2-report.md	path	yes
docs/registry/known-identifiers.tsv	UNBANNERED	docs/archive/furina-sheet-pass-3-plan.md	path	yes
docs/registry/known-identifiers.tsv	UNBANNERED	docs/archive/furina-sheet-pass-3-report.md	path	yes
docs/registry/known-identifiers.tsv	UNBANNERED	docs/archive/furina-sheet-pass-4-plan.md	path	yes
docs/registry/known-identifiers.tsv	UNBANNERED	docs/archive/furina-sheet-redpen.md	path	yes
docs/registry/known-identifiers.tsv	UNBANNERED	docs/archive/furina-sprint-1-plan.md	path	yes
docs/registry/known-identifiers.tsv	UNBANNERED	docs/archive/furina-sprint-1-redpen.md	path	yes
docs/registry/known-identifiers.tsv	UNBANNERED	docs/archive/furina-sprint-1-report.md	path	yes
docs/registry/known-identifiers.tsv	UNBANNERED	docs/archive/furina-tier05-baseline.md	path	yes
docs/registry/known-identifiers.tsv	UNBANNERED	docs/archive/icon-gap-2026-07-24.md	path	yes
docs/registry/known-identifiers.tsv	UNBANNERED	docs/archive/klee-art-redpen-round2.md	path	yes
docs/registry/known-identifiers.tsv	UNBANNERED	docs/archive/klee-art-redpen-round3.md	path	yes
docs/registry/known-identifiers.tsv	UNBANNERED	docs/archive/klee-design-review.md	path	yes
docs/registry/known-identifiers.tsv	UNBANNERED	docs/archive/klee-errata-report.md	path	yes
docs/registry/known-identifiers.tsv	UNBANNERED	docs/archive/klee-pass-1-report.md	path	yes
docs/registry/known-identifiers.tsv	UNBANNERED	docs/archive/klee-pass-2-report.md	path	yes
docs/registry/known-identifiers.tsv	UNBANNERED	docs/archive/klee-pass-3-report.md	path	yes
docs/registry/known-identifiers.tsv	UNBANNERED	docs/archive/klee-pass-4-plan.md	path	yes
docs/registry/known-identifiers.tsv	UNBANNERED	docs/archive/klee-r23-r25-rulings.md	path	yes
docs/registry/known-identifiers.tsv	UNBANNERED	docs/archive/klee-session-worknote.md	path	yes
docs/registry/known-identifiers.tsv	UNBANNERED	docs/archive/klee-survival-sprint-plan.md	path	yes
docs/registry/known-identifiers.tsv	UNBANNERED	docs/archive/klee-survival-sprint-report.md	path	yes
docs/registry/known-identifiers.tsv	UNBANNERED	docs/archive/kokomi-roster-v0.1-report.md	path	yes
docs/registry/known-identifiers.tsv	UNBANNERED	docs/archive/kokomi-session-worknote.md	path	yes
docs/registry/known-identifiers.tsv	UNBANNERED	docs/archive/kokomi-sheetpass-v0.2-report.md	path	yes
docs/registry/known-identifiers.tsv	UNBANNERED	docs/archive/kokomi-v0.4-plan.md	path	yes
docs/registry/known-identifiers.tsv	UNBANNERED	docs/archive/kokomi-v0.4-report.md	path	yes
docs/registry/known-identifiers.tsv	UNBANNERED	docs/archive/m7-rulings.md	path	yes
docs/registry/known-identifiers.tsv	UNBANNERED	docs/archive/m8-rulings.md	path	yes
docs/registry/known-identifiers.tsv	UNBANNERED	docs/archive/morning-triage-rulings.md	path	yes
docs/registry/known-identifiers.tsv	UNBANNERED	docs/archive/pass1-rulings-round2.md	path	yes
docs/registry/known-identifiers.tsv	UNBANNERED	docs/archive/pass2-rulings-round3.md	path	yes
docs/registry/known-identifiers.tsv	UNBANNERED	docs/archive/pass3-ratification.md	path	yes
docs/registry/known-identifiers.tsv	UNBANNERED	docs/archive/playtest-2026-07-25-coop-a0.md	path	yes
docs/registry/known-identifiers.tsv	UNBANNERED	docs/archive/relic-potion-layer-plan.md	path	yes
docs/registry/known-identifiers.tsv	UNBANNERED	docs/archive/ship-what-we-know-sprint-log.md	path	yes
docs/registry/known-identifiers.tsv	UNBANNERED	docs/archive/ship-what-we-know-sprint-plan.md	path	yes
docs/registry/known-identifiers.tsv	UNBANNERED	docs/archive/shop-companion-channel-plan.md	path	yes
docs/registry/known-identifiers.tsv	UNBANNERED	docs/archive/shop-companion-channel-sprint-log.md	path	yes
docs/registry/known-identifiers.tsv	UNBANNERED	docs/archive/shop-companion-channel-sprint.md	path	yes
docs/registry/known-identifiers.tsv	UNBANNERED	docs/archive/sprint-addendum-art.md	path	yes
docs/registry/known-identifiers.tsv	UNBANNERED	docs/archive/tier0-simulator-spec.md	path	yes
docs/registry/known-identifiers.tsv	UNBANNERED	docs/archive/tier05-draft-sim-spec.md	path	yes
docs/registry/known-identifiers.tsv	UNBANNERED	docs/archive/tier05-m5-report.md	path	yes
docs/registry/known-identifiers.tsv	UNBANNERED	docs/archive/tier05-m6-report.md	path	yes
docs/registry/known-identifiers.tsv	UNBANNERED	docs/archive/tier05-m7-report.md	path	yes
docs/registry/known-identifiers.tsv	UNBANNERED	docs/archive/tier05-m8-report.md	path	yes
docs/registry/known-identifiers.tsv	UNBANNERED	docs/archive/triage-execution-report.md	path	yes
docs/registry/known-identifiers.tsv	UNBANNERED	docs/art-asset-manifest.md	path	yes
docs/registry/known-identifiers.tsv	UNBANNERED	docs/art-sprint-spec.md	path	yes
docs/registry/known-identifiers.tsv	UNBANNERED	docs/atlas/README.md	path	yes
docs/registry/known-identifiers.tsv	UNBANNERED	docs/atlas/klee-mod-build-pck.md	path	yes
docs/registry/known-identifiers.tsv	UNBANNERED	docs/atlas/klee-mod-cards.md	path	yes
docs/registry/known-identifiers.tsv	UNBANNERED	docs/atlas/klee-mod-runtime.md	path	yes
docs/registry/known-identifiers.tsv	UNBANNERED	docs/atlas/tier0-engine.md	path	yes
docs/registry/known-identifiers.tsv	UNBANNERED	docs/atlas/tier0-harness-tests.md	path	yes
docs/registry/known-identifiers.tsv	UNBANNERED	docs/atlas/tier0-pilot-roster.md	path	yes
docs/registry/known-identifiers.tsv	UNBANNERED	docs/atlas/tier05-economy.md	path	yes
docs/registry/known-identifiers.tsv	UNBANNERED	docs/atlas/tier05-metrics.md	path	yes
docs/registry/known-identifiers.tsv	UNBANNERED	docs/atlas/tier05-sim-core.md	path	yes
docs/registry/known-identifiers.tsv	UNBANNERED	docs/atlas/tools.md	path	yes
docs/registry/known-identifiers.tsv	UNBANNERED	docs/atlas/understudy.md	path	yes
docs/registry/known-identifiers.tsv	UNBANNERED	docs/atlas/vendor-sts2-mcp.md	path	yes
docs/registry/known-identifiers.tsv	UNBANNERED	docs/awaiting-user-slots-2026-08-06.md	path	yes
docs/registry/known-identifiers.tsv	UNBANNERED	docs/axis-validity-countersign-2026-08-04.md	path	yes
docs/registry/known-identifiers.tsv	UNBANNERED	docs/axis-validity-session-charter.md	path	yes
docs/registry/known-identifiers.tsv	UNBANNERED	docs/backlog-2026-07-29.md	path	yes
docs/registry/known-identifiers.tsv	UNBANNERED	docs/brief-coop-charter-items.md	path	yes
docs/registry/known-identifiers.tsv	UNBANNERED	docs/brief-kokomi-pool-fill.md	path	yes
docs/registry/known-identifiers.tsv	UNBANNERED	docs/brief-unheard-confession-rework.md	path	yes
docs/registry/known-identifiers.tsv	UNBANNERED	docs/calibration-notes.md	path	yes
docs/registry/known-identifiers.tsv	UNBANNERED	docs/class-p-charter-2026-08-06.md	path	yes
docs/registry/known-identifiers.tsv	UNBANNERED	docs/clear-the-stage-charter-2026-08-06.md	path	yes
docs/registry/known-identifiers.tsv	UNBANNERED	docs/companion-value-vs-colorless-study.md	path	yes
docs/registry/known-identifiers.tsv	UNBANNERED	docs/curtain-call-sprint-log-2026-07-27.md	path	yes
docs/registry/known-identifiers.tsv	UNBANNERED	docs/dispatch-2026-08-06-q13-q14-q15.md	path	yes
docs/registry/known-identifiers.tsv	UNBANNERED	docs/dispatch-2026-08-06b-eleven-replies.md	path	yes
docs/registry/known-identifiers.tsv	UNBANNERED	docs/dispatch-2026-08-06d-four-replies.md	path	yes
docs/registry/known-identifiers.tsv	UNBANNERED	docs/dockets/README.md	path	yes
docs/registry/known-identifiers.tsv	UNBANNERED	docs/dockets/companion-pricing.md	path	yes
docs/registry/known-identifiers.tsv	UNBANNERED	docs/dockets/engineering-backlog.md	path	yes
docs/registry/known-identifiers.tsv	UNBANNERED	docs/dockets/klee-rework.md	path	yes
docs/registry/known-identifiers.tsv	UNBANNERED	docs/dockets/kokomi-workshop.md	path	yes
docs/registry/known-identifiers.tsv	UNBANNERED	docs/dockets/watch-items.md	path	yes
docs/registry/known-identifiers.tsv	UNBANNERED	docs/enchantments-design-2026-07-27.md	path	yes
docs/registry/known-identifiers.tsv	UNBANNERED	docs/enemy-dossiers/aeonglass.md	path	yes
docs/registry/known-identifiers.tsv	UNBANNERED	docs/enemy-dossiers/assassin-raider.md	path	yes
docs/registry/known-identifiers.tsv	UNBANNERED	docs/enemy-dossiers/axe-raider.md	path	yes
docs/registry/known-identifiers.tsv	UNBANNERED	docs/enemy-dossiers/axebot.md	path	yes
docs/registry/known-identifiers.tsv	UNBANNERED	docs/enemy-dossiers/battle-friend-v1-0.md	path	yes
docs/registry/known-identifiers.tsv	UNBANNERED	docs/enemy-dossiers/battle-friend-v2-0.md	path	yes
docs/registry/known-identifiers.tsv	UNBANNERED	docs/enemy-dossiers/battle-friend-v3-0.md	path	yes
docs/registry/known-identifiers.tsv	UNBANNERED	docs/enemy-dossiers/bowlbug-egg-.md	path	yes
docs/registry/known-identifiers.tsv	UNBANNERED	docs/enemy-dossiers/bowlbug-nectar-.md	path	yes
docs/registry/known-identifiers.tsv	UNBANNERED	docs/enemy-dossiers/bowlbug-rock-.md	path	yes
docs/registry/known-identifiers.tsv	UNBANNERED	docs/enemy-dossiers/bowlbug-silk-.md	path	yes
docs/registry/known-identifiers.tsv	UNBANNERED	docs/enemy-dossiers/brute-raider.md	path	yes
docs/registry/known-identifiers.tsv	UNBANNERED	docs/enemy-dossiers/bygone-effigy.md	path	yes
docs/registry/known-identifiers.tsv	UNBANNERED	docs/enemy-dossiers/byrdonis.md	path	yes
docs/registry/known-identifiers.tsv	UNBANNERED	docs/enemy-dossiers/calcified-cultist.md	path	yes
docs/registry/known-identifiers.tsv	UNBANNERED	docs/enemy-dossiers/ceremonial-beast.md	path	yes
docs/registry/known-identifiers.tsv	UNBANNERED	docs/enemy-dossiers/chomper.md	path	yes
docs/registry/known-identifiers.tsv	UNBANNERED	docs/enemy-dossiers/corpse-slug.md	path	yes
docs/registry/known-identifiers.tsv	UNBANNERED	docs/enemy-dossiers/crossbow-raider.md	path	yes
docs/registry/known-identifiers.tsv	UNBANNERED	docs/enemy-dossiers/crusher.md	path	yes
docs/registry/known-identifiers.tsv	UNBANNERED	docs/enemy-dossiers/cubex-construct.md	path	yes
docs/registry/known-identifiers.tsv	UNBANNERED	docs/enemy-dossiers/damp-cultist.md	path	yes
docs/registry/known-identifiers.tsv	UNBANNERED	docs/enemy-dossiers/decimillipede-back-segment-.md	path	yes
docs/registry/known-identifiers.tsv	UNBANNERED	docs/enemy-dossiers/decimillipede-front-segment-.md	path	yes
docs/registry/known-identifiers.tsv	UNBANNERED	docs/enemy-dossiers/decimillipede-middle-segment-.md	path	yes
docs/registry/known-identifiers.tsv	UNBANNERED	docs/enemy-dossiers/devoted-sculptor.md	path	yes
docs/registry/known-identifiers.tsv	UNBANNERED	docs/enemy-dossiers/entomancer.md	path	yes
docs/registry/known-identifiers.tsv	UNBANNERED	docs/enemy-dossiers/exoskeleton.md	path	yes
docs/registry/known-identifiers.tsv	UNBANNERED	docs/enemy-dossiers/eye-with-teeth.md	path	yes
docs/registry/known-identifiers.tsv	UNBANNERED	docs/enemy-dossiers/fabricator.md	path	yes
docs/registry/known-identifiers.tsv	UNBANNERED	docs/enemy-dossiers/fat-gremlin.md	path	yes
docs/registry/known-identifiers.tsv	UNBANNERED	docs/enemy-dossiers/flail-knight.md	path	yes
docs/registry/known-identifiers.tsv	UNBANNERED	docs/enemy-dossiers/flyconid.md	path	yes
docs/registry/known-identifiers.tsv	UNBANNERED	docs/enemy-dossiers/fogmog.md	path	yes
docs/registry/known-identifiers.tsv	UNBANNERED	docs/enemy-dossiers/fossil-stalker.md	path	yes
docs/registry/known-identifiers.tsv	UNBANNERED	docs/enemy-dossiers/frog-knight.md	path	yes
docs/registry/known-identifiers.tsv	UNBANNERED	docs/enemy-dossiers/fuzzy-wurm-crawler.md	path	yes
docs/registry/known-identifiers.tsv	UNBANNERED	docs/enemy-dossiers/gas-bomb.md	path	yes
docs/registry/known-identifiers.tsv	UNBANNERED	docs/enemy-dossiers/globe-head.md	path	yes
docs/registry/known-identifiers.tsv	UNBANNERED	docs/enemy-dossiers/gremlin-merc.md	path	yes
docs/registry/known-identifiers.tsv	UNBANNERED	docs/enemy-dossiers/guardbot.md	path	yes
docs/registry/known-identifiers.tsv	UNBANNERED	docs/enemy-dossiers/haunted-ship.md	path	yes
docs/registry/known-identifiers.tsv	UNBANNERED	docs/enemy-dossiers/hunter-killer.md	path	yes
docs/registry/known-identifiers.tsv	UNBANNERED	docs/enemy-dossiers/infested-prism.md	path	yes
docs/registry/known-identifiers.tsv	UNBANNERED	docs/enemy-dossiers/inklet.md	path	yes
docs/registry/known-identifiers.tsv	UNBANNERED	docs/enemy-dossiers/kin-follower.md	path	yes
docs/registry/known-identifiers.tsv	UNBANNERED	docs/enemy-dossiers/kin-priest.md	path	yes
docs/registry/known-identifiers.tsv	UNBANNERED	docs/enemy-dossiers/knowledge-demon.md	path	yes
docs/registry/known-identifiers.tsv	UNBANNERED	docs/enemy-dossiers/lagavulin-matriarch.md	path	yes
docs/registry/known-identifiers.tsv	UNBANNERED	docs/enemy-dossiers/leaf-slime-m-.md	path	yes
docs/registry/known-identifiers.tsv	UNBANNERED	docs/enemy-dossiers/leaf-slime-s-.md	path	yes
docs/registry/known-identifiers.tsv	UNBANNERED	docs/enemy-dossiers/living-fog.md	path	yes
docs/registry/known-identifiers.tsv	UNBANNERED	docs/enemy-dossiers/living-shield.md	path	yes
docs/registry/known-identifiers.tsv	UNBANNERED	docs/enemy-dossiers/louse-progenitor.md	path	yes
docs/registry/known-identifiers.tsv	UNBANNERED	docs/enemy-dossiers/magi-knight.md	path	yes
docs/registry/known-identifiers.tsv	UNBANNERED	docs/enemy-dossiers/mawler.md	path	yes
docs/registry/known-identifiers.tsv	UNBANNERED	docs/enemy-dossiers/mecha-knight.md	path	yes
docs/registry/known-identifiers.tsv	UNBANNERED	docs/enemy-dossiers/mysterious-knight.md	path	yes
docs/registry/known-identifiers.tsv	UNBANNERED	docs/enemy-dossiers/myte.md	path	yes
docs/registry/known-identifiers.tsv	UNBANNERED	docs/enemy-dossiers/nibbit.md	path	yes
docs/registry/known-identifiers.tsv	UNBANNERED	docs/enemy-dossiers/noisebot.md	path	yes
docs/registry/known-identifiers.tsv	UNBANNERED	docs/enemy-dossiers/ovicopter.md	path	yes
docs/registry/known-identifiers.tsv	UNBANNERED	docs/enemy-dossiers/owl-magistrate.md	path	yes
docs/registry/known-identifiers.tsv	UNBANNERED	docs/enemy-dossiers/parafright.md	path	yes
docs/registry/known-identifiers.tsv	UNBANNERED	docs/enemy-dossiers/phantasmal-gardener.md	path	yes
docs/registry/known-identifiers.tsv	UNBANNERED	docs/enemy-dossiers/phrog-parasite.md	path	yes
docs/registry/known-identifiers.tsv	UNBANNERED	docs/enemy-dossiers/punch-construct.md	path	yes
docs/registry/known-identifiers.tsv	UNBANNERED	docs/enemy-dossiers/queen.md	path	yes
docs/registry/known-identifiers.tsv	UNBANNERED	docs/enemy-dossiers/rocket.md	path	yes
docs/registry/known-identifiers.tsv	UNBANNERED	docs/enemy-dossiers/scroll-of-biting.md	path	yes
docs/registry/known-identifiers.tsv	UNBANNERED	docs/enemy-dossiers/seapunk.md	path	yes
docs/registry/known-identifiers.tsv	UNBANNERED	docs/enemy-dossiers/sewer-clam.md	path	yes
docs/registry/known-identifiers.tsv	UNBANNERED	docs/enemy-dossiers/shrinker-beetle.md	path	yes
docs/registry/known-identifiers.tsv	UNBANNERED	docs/enemy-dossiers/skulking-colony.md	path	yes
docs/registry/known-identifiers.tsv	UNBANNERED	docs/enemy-dossiers/slimed-berserker.md	path	yes
docs/registry/known-identifiers.tsv	UNBANNERED	docs/enemy-dossiers/slithering-strangler.md	path	yes
docs/registry/known-identifiers.tsv	UNBANNERED	docs/enemy-dossiers/sludge-spinner.md	path	yes
docs/registry/known-identifiers.tsv	UNBANNERED	docs/enemy-dossiers/slumbering-beetle.md	path	yes
docs/registry/known-identifiers.tsv	UNBANNERED	docs/enemy-dossiers/snapping-jaxfruit.md	path	yes
docs/registry/known-identifiers.tsv	UNBANNERED	docs/enemy-dossiers/sneaky-gremlin.md	path	yes
docs/registry/known-identifiers.tsv	UNBANNERED	docs/enemy-dossiers/soul-fysh.md	path	yes
docs/registry/known-identifiers.tsv	UNBANNERED	docs/enemy-dossiers/soul-nexus.md	path	yes
docs/registry/known-identifiers.tsv	UNBANNERED	docs/enemy-dossiers/spectral-knight.md	path	yes
docs/registry/known-identifiers.tsv	UNBANNERED	docs/enemy-dossiers/spiny-toad.md	path	yes
docs/registry/known-identifiers.tsv	UNBANNERED	docs/enemy-dossiers/stabbot.md	path	yes
docs/registry/known-identifiers.tsv	UNBANNERED	docs/enemy-dossiers/terror-eel.md	path	yes
docs/registry/known-identifiers.tsv	UNBANNERED	docs/enemy-dossiers/test-subject.md	path	yes
docs/registry/known-identifiers.tsv	UNBANNERED	docs/enemy-dossiers/the-adversary-mk-1.md	path	yes
docs/registry/known-identifiers.tsv	UNBANNERED	docs/enemy-dossiers/the-adversary-mk-2.md	path	yes
docs/registry/known-identifiers.tsv	UNBANNERED	docs/enemy-dossiers/the-adversary-mk-3.md	path	yes
docs/registry/known-identifiers.tsv	UNBANNERED	docs/enemy-dossiers/the-architect.md	path	yes
docs/registry/known-identifiers.tsv	UNBANNERED	docs/enemy-dossiers/the-forgotten.md	path	yes
docs/registry/known-identifiers.tsv	UNBANNERED	docs/enemy-dossiers/the-insatiable.md	path	yes
docs/registry/known-identifiers.tsv	UNBANNERED	docs/enemy-dossiers/the-lost.md	path	yes
docs/registry/known-identifiers.tsv	UNBANNERED	docs/enemy-dossiers/the-merchant-.md	path	yes
docs/registry/known-identifiers.tsv	UNBANNERED	docs/enemy-dossiers/the-obscura.md	path	yes
docs/registry/known-identifiers.tsv	UNBANNERED	docs/enemy-dossiers/thieving-hopper.md	path	yes
docs/registry/known-identifiers.tsv	UNBANNERED	docs/enemy-dossiers/toadpole.md	path	yes
docs/registry/known-identifiers.tsv	UNBANNERED	docs/enemy-dossiers/torch-head-amalgam.md	path	yes
docs/registry/known-identifiers.tsv	UNBANNERED	docs/enemy-dossiers/tough-egg.md	path	yes
docs/registry/known-identifiers.tsv	UNBANNERED	docs/enemy-dossiers/tracker-raider.md	path	yes
docs/registry/known-identifiers.tsv	UNBANNERED	docs/enemy-dossiers/tunneler.md	path	yes
docs/registry/known-identifiers.tsv	UNBANNERED	docs/enemy-dossiers/turret-operator.md	path	yes
docs/registry/known-identifiers.tsv	UNBANNERED	docs/enemy-dossiers/twig-slime-m-.md	path	yes
docs/registry/known-identifiers.tsv	UNBANNERED	docs/enemy-dossiers/twig-slime-s-.md	path	yes
docs/registry/known-identifiers.tsv	UNBANNERED	docs/enemy-dossiers/two-tailed-rat.md	path	yes
docs/registry/known-identifiers.tsv	UNBANNERED	docs/enemy-dossiers/vantom.md	path	yes
docs/registry/known-identifiers.tsv	UNBANNERED	docs/enemy-dossiers/vine-shambler.md	path	yes
docs/registry/known-identifiers.tsv	UNBANNERED	docs/enemy-dossiers/waterfall-giant.md	path	yes
docs/registry/known-identifiers.tsv	UNBANNERED	docs/enemy-dossiers/wriggler.md	path	yes
docs/registry/known-identifiers.tsv	UNBANNERED	docs/enemy-dossiers/zapbot.md	path	yes
docs/registry/known-identifiers.tsv	UNBANNERED	docs/epoch-1-log-2026-07-26.md	path	yes
docs/registry/known-identifiers.tsv	UNBANNERED	docs/fight-class-taxonomy.md	path	yes
docs/registry/known-identifiers.tsv	UNBANNERED	docs/fontaine-rares-banner-sprint-log.md	path	yes
docs/registry/known-identifiers.tsv	UNBANNERED	docs/furina-art-pass-requirements.md	path	yes
docs/registry/known-identifiers.tsv	UNBANNERED	docs/furina-kickoff-v0.1.md	path	yes
docs/registry/known-identifiers.tsv	UNBANNERED	docs/furina-strength-findings-2026-07-28.md	path	yes
docs/registry/known-identifiers.tsv	UNBANNERED	docs/g12-review-2026-08-05.md	path	yes
docs/registry/known-identifiers.tsv	UNBANNERED	docs/handback-note-2026-08-04.md	path	yes
docs/registry/known-identifiers.tsv	UNBANNERED	docs/instrument-redteam-2026-08-05.md	path	yes
docs/registry/known-identifiers.tsv	UNBANNERED	docs/klee-character-design.md	path	yes
docs/registry/known-identifiers.tsv	UNBANNERED	docs/klee-real-battery-calibration.md	path	yes
docs/registry/known-identifiers.tsv	UNBANNERED	docs/kokomi-art-pass-requirements.md	path	yes
docs/registry/known-identifiers.tsv	UNBANNERED	docs/kokomi-kickoff-v1.md	path	yes
docs/registry/known-identifiers.tsv	UNBANNERED	docs/kokomi-playtest-protocol.md	path	yes
docs/registry/known-identifiers.tsv	UNBANNERED	docs/lore-fidelity-audit-2026-08-05.md	path	yes
docs/registry/known-identifiers.tsv	UNBANNERED	docs/missed-requirements.md	path	yes
docs/registry/known-identifiers.tsv	UNBANNERED	docs/mutation-round-2026-08-05.md	path	yes
docs/registry/known-identifiers.tsv	UNBANNERED	docs/open-playtest-items.md	path	yes
docs/registry/known-identifiers.tsv	UNBANNERED	docs/patch-sentinel.md	path	yes
docs/registry/known-identifiers.tsv	UNBANNERED	docs/pending/README.md	path	yes
docs/registry/known-identifiers.tsv	UNBANNERED	docs/pending/serenitea-g3-ci-proposal.md	path	yes
docs/registry/known-identifiers.tsv	UNBANNERED	docs/pending/serenitea-g4-session-isolation.md	path	yes
docs/registry/known-identifiers.tsv	UNBANNERED	docs/playtest2-triage-2026-07-28.md	path	yes
docs/registry/known-identifiers.tsv	UNBANNERED	docs/playtest3-notes-2026-07-28.md	path	yes
docs/registry/known-identifiers.tsv	UNBANNERED	docs/playtest4-notes-2026-08-04.md	path	yes
docs/registry/known-identifiers.tsv	UNBANNERED	docs/playtest4-triage-2026-08-04.md	path	yes
docs/registry/known-identifiers.tsv	UNBANNERED	docs/probe-a-block-offset.md	path	yes
docs/registry/known-identifiers.tsv	UNBANNERED	docs/probe-b-fanfare-residual.md	path	yes
docs/registry/known-identifiers.tsv	UNBANNERED	docs/probe-d-registration-draft.md	path	yes
docs/registry/known-identifiers.tsv	UNBANNERED	docs/probe-e-corpse-detonation-registration-draft.md	path	yes
docs/registry/known-identifiers.tsv	UNBANNERED	docs/punch-off-crash-memo.md	path	yes
docs/registry/known-identifiers.tsv	UNBANNERED	docs/reactions-corpus-2026-08-05.md	path	yes
docs/registry/known-identifiers.tsv	UNBANNERED	docs/red-pen-2026-07-26.md	path	yes
docs/registry/known-identifiers.tsv	UNBANNERED	docs/role-tempo-baseline.md	path	yes
docs/registry/known-identifiers.tsv	UNBANNERED	docs/role-tempo-tagthrough.md	path	yes
docs/registry/known-identifiers.tsv	UNBANNERED	docs/roster-anchor-v14-2026-08-05.md	path	yes
docs/registry/known-identifiers.tsv	UNBANNERED	docs/roster-codegen.md	path	yes
docs/registry/known-identifiers.tsv	UNBANNERED	docs/run-model-rework-plan.md	path	yes
docs/registry/known-identifiers.tsv	UNBANNERED	docs/s5-animation-tech-note.md	path	yes
docs/registry/known-identifiers.tsv	UNBANNERED	docs/s7-classification.md	path	yes
docs/registry/known-identifiers.tsv	UNBANNERED	docs/s7-fidelity-audit.md	path	yes
docs/registry/known-identifiers.tsv	UNBANNERED	docs/s7-probe-c.md	path	yes
docs/registry/known-identifiers.tsv	UNBANNERED	docs/serenitea-sweep-ii-log-2026-07-27.md	path	yes
docs/registry/known-identifiers.tsv	UNBANNERED	docs/serenitea-sweep-log-2026-07-26.md	path	yes
docs/registry/known-identifiers.tsv	UNBANNERED	docs/silent-anchor-kickoff-v1.md	path	yes
docs/registry/known-identifiers.tsv	UNBANNERED	docs/silent-anchor-sprint-log-2026-07-27.md	path	yes
docs/registry/known-identifiers.tsv	UNBANNERED	docs/silent-anchor-sprint-plan.md	path	yes
docs/registry/known-identifiers.tsv	UNBANNERED	docs/silent-pilot-review-2026-07-27.md	path	yes
docs/registry/known-identifiers.tsv	UNBANNERED	docs/sitting-prep-2026-08-05.md	path	yes
docs/registry/known-identifiers.tsv	UNBANNERED	docs/sitting-record-predraft-2026-08-06.md	path	yes
docs/registry/known-identifiers.tsv	UNBANNERED	docs/slot5-candidates-2026-08-05.md	path	yes
docs/registry/known-identifiers.tsv	UNBANNERED	docs/sprint-art-and-a7-2026-07-29.md	path	yes
docs/registry/known-identifiers.tsv	UNBANNERED	docs/sprint-art-and-a7-log-2026-07-29.md	path	yes
docs/registry/known-identifiers.tsv	UNBANNERED	docs/sprint-axis-validity-track-a-log-2026-08-04.md	path	yes
docs/registry/known-identifiers.tsv	UNBANNERED	docs/sprint-bugfix-log-2026-07-29.md	path	yes
docs/registry/known-identifiers.tsv	UNBANNERED	docs/sprint-fanfare-compensation-2026-07-28.md	path	yes
docs/registry/known-identifiers.tsv	UNBANNERED	docs/sprint-fanfare-compensation-log-2026-07-28.md	path	yes
docs/registry/known-identifiers.tsv	UNBANNERED	docs/sprint-fanfare-rework-2026-07-28.md	path	yes
docs/registry/known-identifiers.tsv	UNBANNERED	docs/sprint-fanfare-rework-log-2026-07-28.md	path	yes
docs/registry/known-identifiers.tsv	UNBANNERED	docs/sprint-kokomi-instrument-log-2026-07-29.md	path	yes
docs/registry/known-identifiers.tsv	UNBANNERED	docs/sprint-pilot-gap-2026-07-28.md	path	yes
docs/registry/known-identifiers.tsv	UNBANNERED	docs/sprint-pilot-gap-log-2026-07-28.md	path	yes
docs/registry/known-identifiers.tsv	UNBANNERED	docs/sprint-salon-ui-2026-07-28.md	path	yes
docs/registry/known-identifiers.tsv	UNBANNERED	docs/sprint-salon-ui-log-2026-07-28.md	path	yes
docs/registry/known-identifiers.tsv	UNBANNERED	docs/sprint-sim-hygiene-log-2026-07-29.md	path	yes
docs/registry/known-identifiers.tsv	UNBANNERED	docs/sprint-tooling-hardening-log-2026-07-29.md	path	yes
docs/registry/known-identifiers.tsv	UNBANNERED	docs/sprint-track-b-curves-log-2026-08-04.md	path	yes
docs/registry/known-identifiers.tsv	UNBANNERED	docs/sprint-track-b-gate-log-2026-08-05.md	path	yes
docs/registry/known-identifiers.tsv	UNBANNERED	docs/sprint-understudy-p1-log-2026-08-04.md	path	yes
docs/registry/known-identifiers.tsv	UNBANNERED	docs/sprint-understudy-p15-log-2026-08-05.md	path	yes
docs/registry/known-identifiers.tsv	UNBANNERED	docs/sts2-map-and-events-research.md	path	yes
docs/registry/known-identifiers.tsv	UNBANNERED	docs/surplus-week-manifest-2026-08-05.md	path	yes
docs/registry/known-identifiers.tsv	UNBANNERED	docs/take-a-bow-sprint-log-2026-07-27.md	path	yes
docs/registry/known-identifiers.tsv	UNBANNERED	docs/tech-debt-audit-2026-07-26.md	path	yes
docs/registry/known-identifiers.tsv	UNBANNERED	docs/teyvat-spire-design-principles.md	path	yes
docs/registry/known-identifiers.tsv	UNBANNERED	docs/tier05-perf-and-ironclad-act3-notes.md	path	yes
docs/registry/known-identifiers.tsv	UNBANNERED	docs/track-a-kickoff-brief.md	path	yes
docs/registry/known-identifiers.tsv	UNBANNERED	docs/track-b-curves.md	path	yes
docs/registry/known-identifiers.tsv	UNBANNERED	docs/track-b-validation-gate-countersign-2026-08-04.md	path	yes
docs/registry/known-identifiers.tsv	UNBANNERED	docs/track-t-audits-2026-08-06.md	path	yes
docs/registry/known-identifiers.tsv	UNBANNERED	docs/understudy-countersign-2026-08-04.md	path	yes
docs/registry/known-identifiers.tsv	UNBANNERED	docs/understudy-kickoff-brief.md	path	yes
docs/registry/known-identifiers.tsv	UNBANNERED	docs/understudy-p0-findings.md	path	yes
docs/registry/known-identifiers.tsv	UNBANNERED	docs/understudy-phase0-report.md	path	yes
docs/registry/known-identifiers.tsv	UNBANNERED	docs/upgrade-conventions.md	path	yes
docs/registry/known-identifiers.tsv	UNBANNERED	docs/worktree-workflow.md	path	yes
docs/registry/known-identifiers.tsv	UNBANNERED	docs/zhongli-dossier-2026-08-05.md	path	yes
docs/registry/known-identifiers.tsv	UNBANNERED	review/ancients-gallery/gallery.md	path	yes
docs/registry/known-identifiers.tsv	UNBANNERED	review/boss-dossiers/dossiers.md	path	yes
docs/registry/known-identifiers.tsv	UNBANNERED	review/boss-dossiers/pattern-memo.md	path	yes
docs/registry/known-identifiers.tsv	UNBANNERED	review/boss-pool-gallery/gallery.md	path	yes
docs/registry/known-identifiers.tsv	UNBANNERED	review/enemy-atlas/atlas.md	path	yes
docs/registry/known-identifiers.tsv	UNBANNERED	review/enemy-atlas/reskin-gallery.md	path	yes
docs/registry/known-identifiers.tsv	UNBANNERED	review/event-gallery/gallery.md	path	yes
docs/registry/known-identifiers.tsv	UNBANNERED	review/ledger-audit/hygiene-report.md	path	yes
docs/registry/known-identifiers.tsv	UNBANNERED	review/mutation-audit/blind-spot-report.md	path	yes
docs/registry/known-identifiers.tsv	UNBANNERED	review/parity-sweep/findings-ledger.md	path	yes
docs/registry/known-identifiers.tsv	UNBANNERED	review/parity-sweep/noncard-findings-ledger.md	path	yes
docs/registry/known-identifiers.tsv	UNBANNERED	review/parity-sweep/noncard-triage-memo.md	path	yes
docs/registry/known-identifiers.tsv	UNBANNERED	review/parity-sweep/triage-memo.md	path	yes
docs/registry/known-identifiers.tsv	UNBANNERED	review/potion-relic-gallery/gallery.md	path	yes
docs/registry/known-identifiers.tsv	UNBANNERED	review/redteam/exploit-ledger.md	path	yes
docs/registry/known-identifiers.tsv	UNBANNERED	review/suite-hardening/summary.md	path	yes
docs/registry/p-ledger.md	LIVING	docs/atlas/vendor-sts2-mcp.md	path	yes
docs/registry/p-ledger.md	LIVING	docs/brief-coop-charter-items.md	path	yes
docs/registry/p-ledger.md	LIVING	docs/class-p-charter-2026-08-06.md	path	yes
docs/registry/p-ledger.md	LIVING	docs/coop-no-sim-backstop.md	path	NO
docs/registry/p-ledger.md	LIVING	docs/furina-cards.yaml	bare	yes
docs/registry/p-ledger.md	LIVING	docs/raw-full.md	path	NO
docs/registry/p-ledger.md	LIVING	docs/raw-simplified.md	path	NO
docs/registry/p-ledger.md	LIVING	docs/registry/excision-log.md	path	yes
docs/registry/p-ledger.md	LIVING	docs/registry/identifiers.md	path	yes
docs/registry/p-ledger.md	LIVING	docs/zhongli-dossier-2026-08-05.md	path	yes
docs/registry/p-ledger.md	LIVING	review/stage-clear/class-p-candidates.md	path	yes
docs/registry/p-ledger.md	LIVING	review/stage-clear/combined-digest-draft.md	path	yes
docs/registry/user-queue.md	LIVING	docs/animation-sprint-2-a3-intake.png	path	NO
docs/registry/user-queue.md	LIVING	docs/animation-sprint-2-log.md	path	yes
docs/registry/user-queue.md	LIVING	docs/archive/furina-sheet-pass-3-report.md	path	yes
docs/registry/user-queue.md	LIVING	docs/archive/furina-sheet-pass-4-plan.md	path	yes
docs/registry/user-queue.md	LIVING	docs/archive/klee-pass-4-plan.md	path	yes
docs/registry/user-queue.md	LIVING	docs/archive/kokomi-roster-v0.1-report.md	path	yes
docs/registry/user-queue.md	LIVING	docs/archive/kokomi-v0.4-report.md	path	yes
docs/registry/user-queue.md	LIVING	docs/awaiting-user-slots-2026-08-06.md	path	yes
docs/registry/user-queue.md	LIVING	docs/axis-validity-session-charter.md	path	yes
docs/registry/user-queue.md	LIVING	docs/backlog-2026-07-29.md	path	yes
docs/registry/user-queue.md	LIVING	docs/brief-coop-charter-items.md	path	yes
docs/registry/user-queue.md	LIVING	docs/class-p-charter-2026-08-06.md	path	yes
docs/registry/user-queue.md	LIVING	docs/dispatch-2026-08-06-q13-q14-q15.md	path	yes
docs/registry/user-queue.md	LIVING	docs/dispatch-2026-08-06b-eleven-replies.md	path	yes
docs/registry/user-queue.md	LIVING	docs/dockets/README.md	path	yes
docs/registry/user-queue.md	LIVING	docs/dockets/companion-pricing.md	path	yes
docs/registry/user-queue.md	LIVING	docs/dockets/engineering-backlog.md	path	yes
docs/registry/user-queue.md	LIVING	docs/dockets/klee-rework.md	path	yes
docs/registry/user-queue.md	LIVING	docs/enchantments-design-2026-07-27.md	path	yes
docs/registry/user-queue.md	LIVING	docs/fontaine-rares-banner-sprint-log.md	path	yes
docs/registry/user-queue.md	LIVING	docs/furina-cards.yaml	path	yes
docs/registry/user-queue.md	LIVING	docs/furina-kickoff-v0.1.md	bare	yes
docs/registry/user-queue.md	LIVING	docs/furina-upgrades.yaml	path	yes
docs/registry/user-queue.md	LIVING	docs/g12-review-2026-08-05.md	path	yes
docs/registry/user-queue.md	LIVING	docs/inazuma-companions.yaml	path	yes
docs/registry/user-queue.md	LIVING	docs/instrument-redteam-2026-08-05.md	path	yes
docs/registry/user-queue.md	LIVING	docs/klee-art-hunt-contactsheet.png	path	NO
docs/registry/user-queue.md	LIVING	docs/kokomi-art-pass-requirements.md	path	yes
docs/registry/user-queue.md	LIVING	docs/kokomi-cards.yaml	path	yes
docs/registry/user-queue.md	LIVING	docs/kokomi-playtest-protocol.md	path	yes
docs/registry/user-queue.md	LIVING	docs/lore-fidelity-audit-2026-08-05.md	path	yes
docs/registry/user-queue.md	LIVING	docs/missed-requirements.md	path	yes
docs/registry/user-queue.md	LIVING	docs/mockups/salon-stage-d1-mockup-2026-07-28.html	path	NO
docs/registry/user-queue.md	LIVING	docs/open-playtest-items.md	path	yes
docs/registry/user-queue.md	LIVING	docs/payoff-reach-reregistration-draft-2026-08-06.md	path	yes
docs/registry/user-queue.md	LIVING	docs/probe-d-aria-block.md	path	yes
docs/registry/user-queue.md	LIVING	docs/probe-d-registration-draft.md	path	yes
docs/registry/user-queue.md	LIVING	docs/probe-e-corpse-detonation-registration-draft.md	path	yes
docs/registry/user-queue.md	LIVING	docs/probe-e-corpse-detonation.md	path	yes
docs/registry/user-queue.md	LIVING	docs/punch-off-crash-memo.md	path	yes
docs/registry/user-queue.md	LIVING	docs/red-pen-2026-07-26.md	path	yes
docs/registry/user-queue.md	LIVING	docs/registry/excision-log.md	path	yes
docs/registry/user-queue.md	LIVING	docs/registry/identifiers.md	path	yes
docs/registry/user-queue.md	LIVING	docs/registry/p-ledger.md	path	yes
docs/registry/user-queue.md	LIVING	docs/roster-anchor-v14-2026-08-05.md	path	yes
docs/registry/user-queue.md	LIVING	docs/roster-anchor-v14-v6-2026-08-06.md	path	yes
docs/registry/user-queue.md	LIVING	docs/s7-classification.md	path	yes
docs/registry/user-queue.md	LIVING	docs/silent-anchor-sprint-log-2026-07-27.md	path	yes
docs/registry/user-queue.md	LIVING	docs/sitting-prep-2026-08-05.md	path	yes
docs/registry/user-queue.md	LIVING	docs/slot5-candidates-2026-08-05.md	path	yes
docs/registry/user-queue.md	LIVING	docs/sprint-sim-hygiene-log-2026-07-29.md	path	yes
docs/registry/user-queue.md	LIVING	docs/sprint-understudy-p15-log-2026-08-05.md	path	yes
docs/registry/user-queue.md	LIVING	docs/surplus-week-manifest-2026-08-05.md	path	yes
docs/registry/user-queue.md	LIVING	docs/tech-debt-audit-2026-07-26.md	path	yes
docs/registry/user-queue.md	LIVING	docs/teyvat-spire-design-principles.md	path	yes
docs/registry/user-queue.md	LIVING	docs/v6-rebaseline-sweep-2026-08-06.md	path	yes
docs/registry/user-queue.md	LIVING	docs/zhongli-dossier-2026-08-05.md	path	yes
docs/registry/user-queue.md	LIVING	review/ancients-gallery/gallery.md	path	yes
docs/registry/user-queue.md	LIVING	review/boss-pool-gallery/gallery.md	path	yes
docs/registry/user-queue.md	LIVING	review/enemy-atlas/reskin-gallery.md	path	yes
docs/registry/user-queue.md	LIVING	review/event-gallery/gallery.md	path	yes
docs/registry/user-queue.md	LIVING	review/ledger-audit/hygiene-report.md	path	yes
docs/registry/user-queue.md	LIVING	review/parity-sweep/noncard-triage-memo.md	path	yes
docs/registry/user-queue.md	LIVING	review/potion-relic-gallery/gallery.md	path	yes
docs/registry/user-queue.md	LIVING	review/redteam/exploit-ledger.md	path	yes
docs/registry/user-queue.md	LIVING	review/redteam/exploit-lines.json	path	yes
docs/registry/user-queue.md	LIVING	review/stage-clear/class-p-candidates.md	path	yes
docs/registry/user-queue.md	LIVING	review/suite-hardening/summary.md	path	yes
docs/reserved-card-names.txt	UNBANNERED	docs/klee-cards.yaml	path	yes
docs/role-tempo-baseline.md	UNBANNERED	docs/axis-validity-session-charter.md	path	yes
docs/role-tempo-baseline.md	UNBANNERED	docs/role-tempo-floors.yaml	path	yes
docs/role-tempo-debt.tsv	UNBANNERED	docs/sprint-axis-validity-track-a-log-2026-08-04.md	path	yes
docs/role-tempo-tagthrough.md	UNBANNERED	docs/axis-validity-countersign-2026-08-04.md	path	yes
docs/roster-anchor-v14-2026-08-05.md	REFERENCE	docs/payoff-reach-reregistration-draft-2026-08-06.md	path	yes
docs/roster-anchor-v14-2026-08-05.md	REFERENCE	docs/registration-hunt-report-2026-08-06.md	path	yes
docs/roster-anchor-v14-2026-08-05.md	REFERENCE	docs/registry/identifiers.md	path	yes
docs/roster-anchor-v14-2026-08-05.md	REFERENCE	docs/registry/user-queue.md	path	yes
docs/roster-anchor-v14-2026-08-05.md	REFERENCE	docs/roster-anchor-v14-v6-2026-08-06.md	path	yes
docs/roster-anchor-v14-2026-08-05.md	REFERENCE	docs/sitting-prep-2026-08-05.md	path	yes
docs/roster-anchor-v14-2026-08-05.md	REFERENCE	docs/sprint-kokomi-instrument-log-2026-07-29.md	path	yes
docs/roster-anchor-v14-2026-08-05.md	REFERENCE	docs/sprint-sim-hygiene-log-2026-07-29.md	path	yes
docs/roster-anchor-v14-2026-08-05.md	REFERENCE	docs/surplus-week-manifest-2026-08-05.md	path	yes
docs/roster-anchor-v14-2026-08-05.md	REFERENCE	docs/v6-rebaseline-sweep-2026-08-06.md	path	yes
docs/roster-anchor-v14-v6-2026-08-06.md	REFERENCE	docs/payoff-reach-reregistration-draft-2026-08-06.md	path	yes
docs/roster-anchor-v14-v6-2026-08-06.md	REFERENCE	docs/roster-anchor-v14-2026-08-05.md	path	yes
docs/roster-anchor-v14-v6-2026-08-06.md	REFERENCE	docs/sprint-kokomi-instrument-log-2026-07-29.md	path	yes
docs/roster-anchor-v14-v6-2026-08-06.md	REFERENCE	docs/v6-rebaseline-sweep-2026-08-06.md	path	yes
docs/roster-codegen.md	LIVING	docs/open-playtest-items.md	bare	yes
docs/roster-codegen.md	LIVING	docs/registry/identifiers.md	path	yes
docs/roster-codegen.md	LIVING	docs/sprint-axis-validity-track-a-log-2026-08-04.md	path	yes
docs/run-model-rework-plan.md	REFERENCE	docs/act2-act3-roster-research.md	path	yes
docs/run-model-rework-plan.md	REFERENCE	docs/archive/furina-tier05-baseline.md	bare	yes
docs/run-model-rework-plan.md	REFERENCE	docs/backlog-2026-07-29.md	path	yes
docs/run-model-rework-plan.md	REFERENCE	docs/registry/identifiers.md	path	yes
docs/run-model-rework-plan.md	REFERENCE	docs/sts2-map-and-events-research.md	path	yes
docs/s5-animation-tech-note.md	REFERENCE	docs/art-asset-manifest.md	path	yes
docs/s5-animation-tech-note.md	REFERENCE	docs/registry/identifiers.md	path	yes
docs/s7-classification.md	REFERENCE	docs/probe-a-block-offset.md	path	yes
docs/s7-classification.md	REFERENCE	docs/probe-b-fanfare-residual.md	path	yes
docs/s7-classification.md	REFERENCE	docs/registry/identifiers.md	path	yes
docs/s7-classification.md	REFERENCE	docs/s7-divergences.tsv	path	yes
docs/s7-classification.md	REFERENCE	docs/s7-fidelity-audit.md	path	yes
docs/s7-fidelity-audit.md	REFERENCE	docs/registry/identifiers.md	path	yes
docs/s7-fidelity-audit.md	REFERENCE	docs/s7-divergences.tsv	path	yes
docs/s7-fidelity-audit.md	REFERENCE	docs/track-b-curves.md	path	yes
docs/s7-probe-c.md	REFERENCE	docs/registry/identifiers.md	path	yes
docs/s7-probe-c.md	REFERENCE	docs/s7-classification.md	path	yes
docs/s7-probe-c.md	REFERENCE	docs/s7-divergences.tsv	path	yes
docs/s7-probe-c.md	REFERENCE	docs/s7-fidelity-audit.md	path	yes
docs/s7-probe-c.md	REFERENCE	docs/track-b-curves.md	path	yes
docs/serenitea-sweep-ii-log-2026-07-27.md	REFERENCE	docs/kokomi-cards.yaml	bare	yes
docs/serenitea-sweep-ii-log-2026-07-27.md	REFERENCE	docs/registry/identifiers.md	path	yes
docs/serenitea-sweep-ii-log-2026-07-27.md	REFERENCE	docs/worktree-workflow.md	path	yes
docs/serenitea-sweep-log-2026-07-26.md	REFERENCE	docs/epoch-1-log-2026-07-26.md	path	yes
docs/serenitea-sweep-log-2026-07-26.md	REFERENCE	docs/furina-upgrades.yaml	bare	yes
docs/serenitea-sweep-log-2026-07-26.md	REFERENCE	docs/missed-requirements.md	path	yes
docs/serenitea-sweep-log-2026-07-26.md	REFERENCE	docs/mondstadt-companions.yaml	bare	yes
docs/serenitea-sweep-log-2026-07-26.md	REFERENCE	docs/pending/serenitea-g3-ci-proposal.md	bare	yes
docs/serenitea-sweep-log-2026-07-26.md	REFERENCE	docs/pending/serenitea-g4-session-isolation.md	bare	yes
docs/serenitea-sweep-log-2026-07-26.md	REFERENCE	docs/registry/identifiers.md	path	yes
docs/serenitea-sweep-log-2026-07-26.md	REFERENCE	docs/tech-debt-audit-2026-07-26.md	path	yes
docs/silent-anchor-kickoff-v1.md	REFERENCE	docs/a2-gate-ratification-2026-07-27.md	path	yes
docs/silent-anchor-kickoff-v1.md	REFERENCE	docs/archive/csharp-build-spec.md	bare	yes
docs/silent-anchor-kickoff-v1.md	REFERENCE	docs/registry/identifiers.md	path	yes
docs/silent-anchor-kickoff-v1.md	REFERENCE	docs/reserved-card-names.txt	bare	yes
docs/silent-anchor-kickoff-v1.md	REFERENCE	docs/silent-anchor-sprint-log-2026-07-27.md	path	yes
docs/silent-anchor-kickoff-v1.md	REFERENCE	docs/silent-anchor-sprint-plan.md	path	yes
docs/silent-anchor-sprint-log-2026-07-27.md	REFERENCE	docs/a2-gate-ratification-2026-07-27.md	path	yes
docs/silent-anchor-sprint-log-2026-07-27.md	REFERENCE	docs/enchantments-design-2026-07-27.md	path	yes
docs/silent-anchor-sprint-log-2026-07-27.md	REFERENCE	docs/registry/identifiers.md	path	yes
docs/silent-anchor-sprint-log-2026-07-27.md	REFERENCE	docs/reserved-card-names.txt	path	yes
docs/silent-anchor-sprint-log-2026-07-27.md	REFERENCE	docs/silent-anchor-kickoff-v1.md	path	yes
docs/silent-anchor-sprint-log-2026-07-27.md	REFERENCE	docs/silent-anchor-sprint-plan.md	path	yes
docs/silent-anchor-sprint-log-2026-07-27.md	REFERENCE	docs/silent-pilot-review-2026-07-27.md	path	yes
docs/silent-anchor-sprint-log-2026-07-27.md	REFERENCE	docs/tech-debt-audit-2026-07-26.md	path	yes
docs/silent-anchor-sprint-plan.md	REFERENCE	docs/registry/identifiers.md	path	yes
docs/silent-anchor-sprint-plan.md	REFERENCE	docs/reserved-card-names.txt	bare	yes
docs/silent-anchor-sprint-plan.md	REFERENCE	docs/silent-anchor-kickoff-v1.md	path	yes
docs/silent-pilot-review-2026-07-27.md	REFERENCE	docs/registry/identifiers.md	path	yes
docs/sitting-prep-2026-08-05.md	REFERENCE	docs/README.md	path	yes
docs/sitting-prep-2026-08-05.md	REFERENCE	docs/archive/furina-legibility-sprint-log.md	path	yes
docs/sitting-prep-2026-08-05.md	REFERENCE	docs/art-asset-manifest.md	path	yes
docs/sitting-prep-2026-08-05.md	REFERENCE	docs/axis-validity-session-charter.md	path	yes
docs/sitting-prep-2026-08-05.md	REFERENCE	docs/backlog-2026-07-29.md	path	yes
docs/sitting-prep-2026-08-05.md	REFERENCE	docs/brief-kokomi-pool-fill.md	path	yes
docs/sitting-prep-2026-08-05.md	REFERENCE	docs/fontaine-rares-banner-sprint-log.md	path	yes
docs/sitting-prep-2026-08-05.md	REFERENCE	docs/furina-cards.yaml	path	yes
docs/sitting-prep-2026-08-05.md	REFERENCE	docs/furina-kickoff-v0.1.md	path	yes
docs/sitting-prep-2026-08-05.md	REFERENCE	docs/g12-review-2026-08-05.md	path	yes
docs/sitting-prep-2026-08-05.md	REFERENCE	docs/inazuma-companions.yaml	path	yes
docs/sitting-prep-2026-08-05.md	REFERENCE	docs/instrument-redteam-2026-08-05.md	path	yes
docs/sitting-prep-2026-08-05.md	REFERENCE	docs/klee-character-design.md	path	yes
docs/sitting-prep-2026-08-05.md	REFERENCE	docs/kokomi-kickoff-v1.md	path	yes
docs/sitting-prep-2026-08-05.md	REFERENCE	docs/kokomi-playtest-protocol.md	path	yes
docs/sitting-prep-2026-08-05.md	REFERENCE	docs/lore-fidelity-audit-2026-08-05.md	path	yes
docs/sitting-prep-2026-08-05.md	REFERENCE	docs/missed-requirements.md	path	yes
docs/sitting-prep-2026-08-05.md	REFERENCE	docs/mondstadt-companions.yaml	path	yes
docs/sitting-prep-2026-08-05.md	REFERENCE	docs/open-playtest-items.md	path	yes
docs/sitting-prep-2026-08-05.md	REFERENCE	docs/playtest3-notes-2026-07-28.md	path	yes
docs/sitting-prep-2026-08-05.md	REFERENCE	docs/probe-a-block-offset.md	path	yes
docs/sitting-prep-2026-08-05.md	REFERENCE	docs/probe-b-fanfare-residual.md	path	yes
docs/sitting-prep-2026-08-05.md	REFERENCE	docs/probe-d-registration-draft.md	path	yes
docs/sitting-prep-2026-08-05.md	REFERENCE	docs/punch-off-crash-memo.md	path	yes
docs/sitting-prep-2026-08-05.md	REFERENCE	docs/reactions-corpus-2026-08-05.md	path	yes
docs/sitting-prep-2026-08-05.md	REFERENCE	docs/red-pen-2026-07-26.md	path	yes
docs/sitting-prep-2026-08-05.md	REFERENCE	docs/registry/identifiers.md	path	yes
docs/sitting-prep-2026-08-05.md	REFERENCE	docs/registry/user-queue.md	path	yes
docs/sitting-prep-2026-08-05.md	REFERENCE	docs/role-tempo-debt.tsv	bare	yes
docs/sitting-prep-2026-08-05.md	REFERENCE	docs/role-tempo-floors.yaml	path	yes
docs/sitting-prep-2026-08-05.md	REFERENCE	docs/role-tempo-review.tsv	bare	yes
docs/sitting-prep-2026-08-05.md	REFERENCE	docs/roster-anchor-v14-2026-08-05.md	path	yes
docs/sitting-prep-2026-08-05.md	REFERENCE	docs/s7-classification.md	path	yes
docs/sitting-prep-2026-08-05.md	REFERENCE	docs/s7-fidelity-audit.md	path	yes
docs/sitting-prep-2026-08-05.md	REFERENCE	docs/s7-probe-c.md	path	yes
docs/sitting-prep-2026-08-05.md	REFERENCE	docs/silent-pilot-review-2026-07-27.md	path	yes
docs/sitting-prep-2026-08-05.md	REFERENCE	docs/sitting-record-predraft-2026-08-06.md	path	yes
docs/sitting-prep-2026-08-05.md	REFERENCE	docs/slot5-candidates-2026-08-05.md	path	yes
docs/sitting-prep-2026-08-05.md	REFERENCE	docs/sprint-axis-validity-track-a-log-2026-08-04.md	path	yes
docs/sitting-prep-2026-08-05.md	REFERENCE	docs/sprint-fanfare-rework-2026-07-28.md	path	yes
docs/sitting-prep-2026-08-05.md	REFERENCE	docs/sprint-fanfare-rework-log-2026-07-28.md	path	yes
docs/sitting-prep-2026-08-05.md	REFERENCE	docs/sprint-kokomi-instrument-log-2026-07-29.md	path	yes
docs/sitting-prep-2026-08-05.md	REFERENCE	docs/sprint-sim-hygiene-log-2026-07-29.md	path	yes
docs/sitting-prep-2026-08-05.md	REFERENCE	docs/sts2-events-harvest.txt	path	yes
docs/sitting-prep-2026-08-05.md	REFERENCE	docs/sts2-map-and-events-research.md	path	yes
docs/sitting-prep-2026-08-05.md	REFERENCE	docs/surplus-week-manifest-2026-08-05.md	path	yes
docs/sitting-prep-2026-08-05.md	REFERENCE	docs/tech-debt-audit-2026-07-26.md	path	yes
docs/sitting-prep-2026-08-05.md	REFERENCE	docs/teyvat-spire-design-principles.md	path	yes
docs/sitting-prep-2026-08-05.md	REFERENCE	docs/understudy-countersign-2026-08-04.md	path	yes
docs/sitting-prep-2026-08-05.md	REFERENCE	docs/understudy-kickoff-brief.md	path	yes
docs/sitting-prep-2026-08-05.md	REFERENCE	docs/zhongli-dossier-2026-08-05.md	path	yes
docs/sitting-prep-2026-08-05.md	REFERENCE	review/ancients-gallery/gallery.md	path	yes
docs/sitting-prep-2026-08-05.md	REFERENCE	review/boss-pool-gallery/gallery.md	path	yes
docs/sitting-prep-2026-08-05.md	REFERENCE	review/event-gallery/gallery.md	path	yes
docs/sitting-prep-2026-08-05.md	REFERENCE	review/ledger-audit/hygiene-report.md	path	yes
docs/sitting-prep-2026-08-05.md	REFERENCE	review/parity-sweep/noncard-triage-memo.md	path	yes
docs/sitting-prep-2026-08-05.md	REFERENCE	review/potion-relic-gallery/gallery.md	path	yes
docs/sitting-prep-2026-08-05.md	REFERENCE	review/redteam/exploit-ledger.md	path	yes
docs/sitting-prep-2026-08-05.md	REFERENCE	review/redteam/exploit-lines.json	path	yes
docs/sitting-prep-2026-08-05.md	REFERENCE	review/suite-hardening/summary.md	path	yes
docs/sitting-record-predraft-2026-08-06.md	REFERENCE	docs/awaiting-user-slots-2026-08-06.md	path	yes
docs/sitting-record-predraft-2026-08-06.md	REFERENCE	docs/dockets/companion-pricing.md	path	yes
docs/sitting-record-predraft-2026-08-06.md	REFERENCE	docs/furina-upgrades.yaml	path	yes
docs/sitting-record-predraft-2026-08-06.md	REFERENCE	docs/probe-a-block-offset.md	path	yes
docs/sitting-record-predraft-2026-08-06.md	REFERENCE	docs/probe-b-fanfare-residual.md	path	yes
docs/sitting-record-predraft-2026-08-06.md	REFERENCE	docs/registry/identifiers.md	path	yes
docs/sitting-record-predraft-2026-08-06.md	REFERENCE	docs/sitting-prep-2026-08-05.md	path	yes
docs/sitting-record-predraft-2026-08-06.md	REFERENCE	docs/teyvat-spire-design-principles.md	path	yes
docs/slot5-candidates-2026-08-05.md	REFERENCE	docs/animation-capability-memo.md	path	yes
docs/slot5-candidates-2026-08-05.md	REFERENCE	docs/archive/furina-sheet-pass-1-report.md	path	yes
docs/slot5-candidates-2026-08-05.md	REFERENCE	docs/archive/furina-sprint-1-redpen.md	path	yes
docs/slot5-candidates-2026-08-05.md	REFERENCE	docs/archive/tier05-draft-sim-spec.md	path	yes
docs/slot5-candidates-2026-08-05.md	REFERENCE	docs/brief-coop-charter-items.md	path	yes
docs/slot5-candidates-2026-08-05.md	REFERENCE	docs/curtain-call-sprint-log-2026-07-27.md	path	yes
docs/slot5-candidates-2026-08-05.md	REFERENCE	docs/fontaine-companions.yaml	path	yes
docs/slot5-candidates-2026-08-05.md	REFERENCE	docs/fontaine-rares-banner-sprint-log.md	path	yes
docs/slot5-candidates-2026-08-05.md	REFERENCE	docs/furina-cards.yaml	path	yes
docs/slot5-candidates-2026-08-05.md	REFERENCE	docs/furina-kickoff-v0.1.md	path	yes
docs/slot5-candidates-2026-08-05.md	REFERENCE	docs/inazuma-companions.yaml	path	yes
docs/slot5-candidates-2026-08-05.md	REFERENCE	docs/kokomi-kickoff-v1.md	path	yes
docs/slot5-candidates-2026-08-05.md	REFERENCE	docs/mondstadt-companions.yaml	path	yes
docs/slot5-candidates-2026-08-05.md	REFERENCE	docs/registry/identifiers.md	path	yes
docs/slot5-candidates-2026-08-05.md	REFERENCE	docs/surplus-week-manifest-2026-08-05.md	path	yes
docs/slot5-candidates-2026-08-05.md	REFERENCE	docs/teyvat-spire-design-principles.md	path	yes
docs/slot5-candidates-2026-08-05.md	REFERENCE	docs/zhongli-dossier-2026-08-05.md	path	yes
docs/slot5-candidates-2026-08-05.md	REFERENCE	review/enemy-atlas/atlas.md	path	yes
docs/sprint-art-and-a7-2026-07-29.md	REFERENCE	docs/registry/identifiers.md	path	yes
docs/sprint-art-and-a7-log-2026-07-29.md	REFERENCE	docs/registry/identifiers.md	path	yes
docs/sprint-art-and-a7-log-2026-07-29.md	REFERENCE	docs/sprint-art-and-a7-2026-07-29.md	path	yes
docs/sprint-axis-validity-track-a-log-2026-08-04.md	REFERENCE	docs/animation-sprint-2-log.md	path	yes
docs/sprint-axis-validity-track-a-log-2026-08-04.md	REFERENCE	docs/axis-validity-countersign-2026-08-04.md	path	yes
docs/sprint-axis-validity-track-a-log-2026-08-04.md	REFERENCE	docs/axis-validity-session-charter.md	path	yes
docs/sprint-axis-validity-track-a-log-2026-08-04.md	REFERENCE	docs/brief-kokomi-pool-fill.md	path	yes
docs/sprint-axis-validity-track-a-log-2026-08-04.md	REFERENCE	docs/furina-cards.yaml	path	yes
docs/sprint-axis-validity-track-a-log-2026-08-04.md	REFERENCE	docs/klee-cards.yaml	path	yes
docs/sprint-axis-validity-track-a-log-2026-08-04.md	REFERENCE	docs/kokomi-cards.yaml	path	yes
docs/sprint-axis-validity-track-a-log-2026-08-04.md	REFERENCE	docs/registry/identifiers.md	path	yes
docs/sprint-axis-validity-track-a-log-2026-08-04.md	REFERENCE	docs/role-tempo-baseline.md	path	yes
docs/sprint-axis-validity-track-a-log-2026-08-04.md	REFERENCE	docs/role-tempo-debt.tsv	path	yes
docs/sprint-axis-validity-track-a-log-2026-08-04.md	REFERENCE	docs/role-tempo-floors.yaml	path	yes
docs/sprint-axis-validity-track-a-log-2026-08-04.md	REFERENCE	docs/role-tempo-review.tsv	path	yes
docs/sprint-axis-validity-track-a-log-2026-08-04.md	REFERENCE	docs/role-tempo-tagthrough.md	path	yes
docs/sprint-axis-validity-track-a-log-2026-08-04.md	REFERENCE	docs/roster-codegen.md	path	yes
docs/sprint-axis-validity-track-a-log-2026-08-04.md	REFERENCE	docs/track-a-kickoff-brief.md	path	yes
docs/sprint-bugfix-log-2026-07-29.md	REFERENCE	docs/backlog-2026-07-29.md	path	yes
docs/sprint-bugfix-log-2026-07-29.md	REFERENCE	docs/coop-no-sim-backstop.md	path	NO
docs/sprint-bugfix-log-2026-07-29.md	REFERENCE	docs/registry/identifiers.md	path	yes
docs/sprint-fanfare-compensation-2026-07-28.md	REFERENCE	docs/registry/identifiers.md	path	yes
docs/sprint-fanfare-compensation-2026-07-28.md	REFERENCE	docs/sprint-fanfare-rework-2026-07-28.md	path	yes
docs/sprint-fanfare-compensation-log-2026-07-28.md	REFERENCE	docs/furina-cards.yaml	path	yes
docs/sprint-fanfare-compensation-log-2026-07-28.md	REFERENCE	docs/registry/identifiers.md	path	yes
docs/sprint-fanfare-compensation-log-2026-07-28.md	REFERENCE	docs/sprint-fanfare-compensation-2026-07-28.md	path	yes
docs/sprint-fanfare-compensation-log-2026-07-28.md	REFERENCE	docs/surplus-week-manifest-2026-08-05.md	path	yes
docs/sprint-fanfare-rework-2026-07-28.md	REFERENCE	docs/registry/identifiers.md	path	yes
docs/sprint-fanfare-rework-2026-07-28.md	REFERENCE	docs/sprint-pilot-gap-log-2026-07-28.md	path	yes
docs/sprint-fanfare-rework-log-2026-07-28.md	REFERENCE	docs/registry/identifiers.md	path	yes
docs/sprint-fanfare-rework-log-2026-07-28.md	REFERENCE	docs/sprint-fanfare-rework-2026-07-28.md	path	yes
docs/sprint-fanfare-rework-log-2026-07-28.md	REFERENCE	docs/surplus-week-manifest-2026-08-05.md	path	yes
docs/sprint-kokomi-instrument-log-2026-07-29.md	REFERENCE	docs/brief-kokomi-pool-fill.md	path	yes
docs/sprint-kokomi-instrument-log-2026-07-29.md	REFERENCE	docs/missed-requirements.md	bare	yes
docs/sprint-kokomi-instrument-log-2026-07-29.md	REFERENCE	docs/registry/identifiers.md	path	yes
docs/sprint-kokomi-instrument-log-2026-07-29.md	REFERENCE	docs/roster-anchor-v14-v6-2026-08-06.md	path	yes
docs/sprint-kokomi-instrument-log-2026-07-29.md	REFERENCE	docs/surplus-week-manifest-2026-08-05.md	path	yes
docs/sprint-kokomi-instrument-log-2026-07-29.md	REFERENCE	docs/v6-rebaseline-sweep-2026-08-06.md	path	yes
docs/sprint-pilot-gap-2026-07-28.md	REFERENCE	docs/registry/identifiers.md	path	yes
docs/sprint-pilot-gap-log-2026-07-28.md	REFERENCE	docs/registry/identifiers.md	path	yes
docs/sprint-pilot-gap-log-2026-07-28.md	REFERENCE	docs/sprint-pilot-gap-2026-07-28.md	path	yes
docs/sprint-salon-ui-2026-07-28.md	REFERENCE	docs/mockups/salon-stage-d1-mockup-2026-07-28.html	path	NO
docs/sprint-salon-ui-2026-07-28.md	REFERENCE	docs/playtest2-triage-2026-07-28.md	path	yes
docs/sprint-salon-ui-2026-07-28.md	REFERENCE	docs/registry/identifiers.md	path	yes
docs/sprint-salon-ui-log-2026-07-28.md	REFERENCE	docs/playtest2-triage-2026-07-28.md	path	yes
docs/sprint-salon-ui-log-2026-07-28.md	REFERENCE	docs/registry/identifiers.md	path	yes
docs/sprint-salon-ui-log-2026-07-28.md	REFERENCE	docs/sprint-salon-ui-2026-07-28.md	path	yes
docs/sprint-sim-hygiene-log-2026-07-29.md	REFERENCE	docs/registry/identifiers.md	path	yes
docs/sprint-sim-hygiene-log-2026-07-29.md	REFERENCE	docs/surplus-week-manifest-2026-08-05.md	path	yes
docs/sprint-sim-hygiene-log-2026-07-29.md	REFERENCE	docs/v6-rebaseline-sweep-2026-08-06.md	path	yes
docs/sprint-tooling-hardening-log-2026-07-29.md	REFERENCE	docs/fontaine-companions.yaml	bare	yes
docs/sprint-tooling-hardening-log-2026-07-29.md	REFERENCE	docs/fontaine-rares-banner-sprint-log.md	path	yes
docs/sprint-tooling-hardening-log-2026-07-29.md	REFERENCE	docs/furina-cards.yaml	bare	yes
docs/sprint-tooling-hardening-log-2026-07-29.md	REFERENCE	docs/inazuma-companions.yaml	bare	yes
docs/sprint-tooling-hardening-log-2026-07-29.md	REFERENCE	docs/klee-cards.yaml	bare	yes
docs/sprint-tooling-hardening-log-2026-07-29.md	REFERENCE	docs/kokomi-cards.yaml	bare	yes
docs/sprint-tooling-hardening-log-2026-07-29.md	REFERENCE	docs/mondstadt-companions.yaml	bare	yes
docs/sprint-tooling-hardening-log-2026-07-29.md	REFERENCE	docs/registry/identifiers.md	path	yes
docs/sprint-track-b-curves-log-2026-08-04.md	REFERENCE	docs/animation-sprint-2-log.md	path	yes
docs/sprint-track-b-curves-log-2026-08-04.md	REFERENCE	docs/axis-validity-session-charter.md	path	yes
docs/sprint-track-b-curves-log-2026-08-04.md	REFERENCE	docs/backlog-2026-07-29.md	path	yes
docs/sprint-track-b-curves-log-2026-08-04.md	REFERENCE	docs/handback-note-2026-08-04.md	path	yes
docs/sprint-track-b-curves-log-2026-08-04.md	REFERENCE	docs/registry/identifiers.md	path	yes
docs/sprint-track-b-curves-log-2026-08-04.md	REFERENCE	docs/sprint-understudy-p1-log-2026-08-04.md	path	yes
docs/sprint-track-b-curves-log-2026-08-04.md	REFERENCE	docs/track-b-curves.md	path	yes
docs/sprint-track-b-gate-log-2026-08-05.md	REFERENCE	docs/animation-sprint-2-log.md	path	yes
docs/sprint-track-b-gate-log-2026-08-05.md	REFERENCE	docs/backlog-2026-07-29.md	path	yes
docs/sprint-track-b-gate-log-2026-08-05.md	REFERENCE	docs/probe-b-fanfare-residual.md	path	yes
docs/sprint-track-b-gate-log-2026-08-05.md	REFERENCE	docs/registry/identifiers.md	path	yes
docs/sprint-track-b-gate-log-2026-08-05.md	REFERENCE	docs/s7-classification.md	path	yes
docs/sprint-track-b-gate-log-2026-08-05.md	REFERENCE	docs/sprint-track-b-curves-log-2026-08-04.md	path	yes
docs/sprint-track-b-gate-log-2026-08-05.md	REFERENCE	docs/sprint-understudy-p1-log-2026-08-04.md	path	yes
docs/sprint-track-b-gate-log-2026-08-05.md	REFERENCE	docs/track-b-curves.md	path	yes
docs/sprint-track-b-gate-log-2026-08-05.md	REFERENCE	docs/track-b-validation-gate-countersign-2026-08-04.md	path	yes
docs/sprint-understudy-p1-log-2026-08-04.md	REFERENCE	docs/animation-sprint-2-log.md	path	yes
docs/sprint-understudy-p1-log-2026-08-04.md	REFERENCE	docs/backlog-2026-07-29.md	path	yes
docs/sprint-understudy-p1-log-2026-08-04.md	REFERENCE	docs/registry/identifiers.md	path	yes
docs/sprint-understudy-p1-log-2026-08-04.md	REFERENCE	docs/sprint-track-b-curves-log-2026-08-04.md	path	yes
docs/sprint-understudy-p1-log-2026-08-04.md	REFERENCE	docs/understudy-countersign-2026-08-04.md	path	yes
docs/sprint-understudy-p1-log-2026-08-04.md	REFERENCE	docs/understudy-kickoff-brief.md	path	yes
docs/sprint-understudy-p1-log-2026-08-04.md	REFERENCE	docs/understudy-phase0-report.md	path	yes
docs/sprint-understudy-p15-log-2026-08-05.md	REFERENCE	docs/animation-sprint-2-log.md	path	yes
docs/sprint-understudy-p15-log-2026-08-05.md	REFERENCE	docs/registry/identifiers.md	path	yes
docs/sprint-understudy-p15-log-2026-08-05.md	REFERENCE	docs/registry/p-ledger.md	path	yes
docs/sprint-understudy-p15-log-2026-08-05.md	REFERENCE	docs/sprint-track-b-curves-log-2026-08-04.md	path	yes
docs/sts2-events-harvest.txt	UNBANNERED	docs/sts2-map-and-events-research.md	path	yes
docs/sts2-map-and-events-research.md	REFERENCE	docs/backlog-2026-07-29.md	path	yes
docs/sts2-map-and-events-research.md	REFERENCE	docs/registry/identifiers.md	path	yes
docs/sts2-map-and-events-research.md	REFERENCE	docs/sts2-events-harvest.txt	path	yes
docs/sts2-map-and-events-research.md	REFERENCE	docs/tier05-perf-and-ironclad-act3-notes.md	bare	yes
docs/surplus-week-manifest-2026-08-05.md	REFERENCE	docs/README.md	path	yes
docs/surplus-week-manifest-2026-08-05.md	REFERENCE	docs/animation-downfall-investigation-2026-08-05.md	path	yes
docs/surplus-week-manifest-2026-08-05.md	REFERENCE	docs/awaiting-user-slots-2026-08-06.md	path	yes
docs/surplus-week-manifest-2026-08-05.md	REFERENCE	docs/axis-validity-session-charter.md	path	yes
docs/surplus-week-manifest-2026-08-05.md	REFERENCE	docs/backlog-2026-07-29.md	path	yes
docs/surplus-week-manifest-2026-08-05.md	REFERENCE	docs/dockets/companion-pricing.md	path	yes
docs/surplus-week-manifest-2026-08-05.md	REFERENCE	docs/dockets/klee-rework.md	path	yes
docs/surplus-week-manifest-2026-08-05.md	REFERENCE	docs/dockets/kokomi-workshop.md	bare	yes
docs/surplus-week-manifest-2026-08-05.md	REFERENCE	docs/dockets/watch-items.md	bare	yes
docs/surplus-week-manifest-2026-08-05.md	REFERENCE	docs/enemy-dossiers/fight-class-labels.yaml	bare	yes
docs/surplus-week-manifest-2026-08-05.md	REFERENCE	docs/fight-class-taxonomy.md	path	yes
docs/surplus-week-manifest-2026-08-05.md	REFERENCE	docs/furina-cards.yaml	path	yes
docs/surplus-week-manifest-2026-08-05.md	REFERENCE	docs/furina-kickoff-v0.1.md	path	yes
docs/surplus-week-manifest-2026-08-05.md	REFERENCE	docs/furina-upgrades.yaml	path	yes
docs/surplus-week-manifest-2026-08-05.md	REFERENCE	docs/g12-review-2026-08-05.md	path	yes
docs/surplus-week-manifest-2026-08-05.md	REFERENCE	docs/instrument-redteam-2026-08-05.md	path	yes
docs/surplus-week-manifest-2026-08-05.md	REFERENCE	docs/klee-character-design.md	path	yes
docs/surplus-week-manifest-2026-08-05.md	REFERENCE	docs/kokomi-playtest-protocol.md	path	yes
docs/surplus-week-manifest-2026-08-05.md	REFERENCE	docs/lore-fidelity-audit-2026-08-05.md	path	yes
docs/surplus-week-manifest-2026-08-05.md	REFERENCE	docs/missed-requirements.md	path	yes
docs/surplus-week-manifest-2026-08-05.md	REFERENCE	docs/mutation-round-2026-08-05.md	path	yes
docs/surplus-week-manifest-2026-08-05.md	REFERENCE	docs/open-playtest-items.md	path	yes
docs/surplus-week-manifest-2026-08-05.md	REFERENCE	docs/patch-sentinel.md	path	yes
docs/surplus-week-manifest-2026-08-05.md	REFERENCE	docs/playtest4-notes-2026-08-04.md	path	yes
docs/surplus-week-manifest-2026-08-05.md	REFERENCE	docs/playtest4-triage-2026-08-04.md	path	yes
docs/surplus-week-manifest-2026-08-05.md	REFERENCE	docs/probe-a-block-offset.md	path	yes
docs/surplus-week-manifest-2026-08-05.md	REFERENCE	docs/probe-b-fanfare-residual.md	path	yes
docs/surplus-week-manifest-2026-08-05.md	REFERENCE	docs/probe-d-registration-draft.md	path	yes
docs/surplus-week-manifest-2026-08-05.md	REFERENCE	docs/reactions-corpus-2026-08-05.md	path	yes
docs/surplus-week-manifest-2026-08-05.md	REFERENCE	docs/registry/identifiers.md	path	yes
docs/surplus-week-manifest-2026-08-05.md	REFERENCE	docs/registry/user-queue.md	path	yes
docs/surplus-week-manifest-2026-08-05.md	REFERENCE	docs/role-tempo-floors.yaml	path	yes
docs/surplus-week-manifest-2026-08-05.md	REFERENCE	docs/roster-anchor-v14-2026-08-05.md	path	yes
docs/surplus-week-manifest-2026-08-05.md	REFERENCE	docs/s5-animation-tech-note.md	path	yes
docs/surplus-week-manifest-2026-08-05.md	REFERENCE	docs/s7-classification.md	path	yes
docs/surplus-week-manifest-2026-08-05.md	REFERENCE	docs/s7-divergences.tsv	path	yes
docs/surplus-week-manifest-2026-08-05.md	REFERENCE	docs/s7-fidelity-audit.md	path	yes
docs/surplus-week-manifest-2026-08-05.md	REFERENCE	docs/sitting-prep-2026-08-05.md	path	yes
docs/surplus-week-manifest-2026-08-05.md	REFERENCE	docs/sitting-record-predraft-2026-08-06.md	path	yes
docs/surplus-week-manifest-2026-08-05.md	REFERENCE	docs/slot5-candidates-2026-08-05.md	path	yes
docs/surplus-week-manifest-2026-08-05.md	REFERENCE	docs/teyvat-spire-design-principles.md	path	yes
docs/surplus-week-manifest-2026-08-05.md	REFERENCE	docs/track-t-audits-2026-08-06.md	path	yes
docs/surplus-week-manifest-2026-08-05.md	REFERENCE	docs/zhongli-dossier-2026-08-05.md	path	yes
docs/surplus-week-manifest-2026-08-05.md	REFERENCE	review/ancients-gallery/gallery.md	path	yes
docs/surplus-week-manifest-2026-08-05.md	REFERENCE	review/boss-dossiers/dossiers.md	path	yes
docs/surplus-week-manifest-2026-08-05.md	REFERENCE	review/boss-dossiers/pattern-memo.md	path	yes
docs/surplus-week-manifest-2026-08-05.md	REFERENCE	review/boss-pool-gallery/gallery.md	path	yes
docs/surplus-week-manifest-2026-08-05.md	REFERENCE	review/enemy-atlas/atlas.md	path	yes
docs/surplus-week-manifest-2026-08-05.md	REFERENCE	review/enemy-atlas/reskin-gallery.md	path	yes
docs/surplus-week-manifest-2026-08-05.md	REFERENCE	review/event-gallery/gallery.md	path	yes
docs/surplus-week-manifest-2026-08-05.md	REFERENCE	review/ledger-audit/hygiene-report.md	path	yes
docs/surplus-week-manifest-2026-08-05.md	REFERENCE	review/mutation-audit/blind-spot-report.md	path	yes
docs/surplus-week-manifest-2026-08-05.md	REFERENCE	review/parity-sweep/findings-ledger.md	path	yes
docs/surplus-week-manifest-2026-08-05.md	REFERENCE	review/parity-sweep/noncard-findings-ledger.md	path	yes
docs/surplus-week-manifest-2026-08-05.md	REFERENCE	review/parity-sweep/noncard-triage-memo.md	path	yes
docs/surplus-week-manifest-2026-08-05.md	REFERENCE	review/parity-sweep/triage-memo.md	path	yes
docs/surplus-week-manifest-2026-08-05.md	REFERENCE	review/potion-relic-gallery/gallery.md	path	yes
docs/surplus-week-manifest-2026-08-05.md	REFERENCE	review/redteam/exploit-ledger.md	path	yes
docs/surplus-week-manifest-2026-08-05.md	REFERENCE	review/redteam/exploit-lines-x7a.json	path	yes
docs/surplus-week-manifest-2026-08-05.md	REFERENCE	review/redteam/exploit-lines.json	path	yes
docs/surplus-week-manifest-2026-08-05.md	REFERENCE	review/redteam/replay-results.json	path	yes
docs/surplus-week-manifest-2026-08-05.md	REFERENCE	review/suite-hardening/summary.md	path	yes
docs/take-a-bow-sprint-log-2026-07-27.md	REFERENCE	docs/furina-cards.yaml	bare	yes
docs/take-a-bow-sprint-log-2026-07-27.md	REFERENCE	docs/registry/identifiers.md	path	yes
docs/take-a-bow-sprint-log-2026-07-27.md	REFERENCE	docs/registry/user-queue.md	path	yes
docs/tech-debt-audit-2026-07-26.md	REFERENCE	docs/animation-sprint-1-a4-gate.png	path	yes
docs/tech-debt-audit-2026-07-26.md	REFERENCE	docs/animation-sprint-2-a3-intake.png	path	NO
docs/tech-debt-audit-2026-07-26.md	REFERENCE	docs/backlog-2026-07-29.md	path	yes
docs/tech-debt-audit-2026-07-26.md	REFERENCE	docs/epoch-1-log-2026-07-26.md	path	yes
docs/tech-debt-audit-2026-07-26.md	REFERENCE	docs/klee-art-hunt-contactsheet.png	path	NO
docs/tech-debt-audit-2026-07-26.md	REFERENCE	docs/klee-cards.yaml	path	yes
docs/tech-debt-audit-2026-07-26.md	REFERENCE	docs/missed-requirements.md	bare	yes
docs/tech-debt-audit-2026-07-26.md	REFERENCE	docs/mondstadt-companions.yaml	path	yes
docs/tech-debt-audit-2026-07-26.md	REFERENCE	docs/open-playtest-items.md	bare	yes
docs/tech-debt-audit-2026-07-26.md	REFERENCE	docs/registry/identifiers.md	path	yes
docs/tech-debt-audit-2026-07-26.md	REFERENCE	docs/sprint-bugfix-log-2026-07-29.md	path	yes
docs/teyvat-spire-design-principles.md	LIVING	docs/archive/furina-predesign-notes.md	bare	yes
docs/teyvat-spire-design-principles.md	LIVING	docs/archive/furina-principles-amendment-batch.md	bare	yes
docs/teyvat-spire-design-principles.md	LIVING	docs/archive/furina-sprint-1-redpen.md	bare	yes
docs/teyvat-spire-design-principles.md	LIVING	docs/archive/shop-companion-channel-sprint-log.md	path	yes
docs/teyvat-spire-design-principles.md	LIVING	docs/archive/tier0-simulator-spec.md	bare	yes
docs/teyvat-spire-design-principles.md	LIVING	docs/art-asset-manifest.md	path	yes
docs/teyvat-spire-design-principles.md	LIVING	docs/backlog-2026-07-29.md	path	yes
docs/teyvat-spire-design-principles.md	LIVING	docs/companion-value-vs-colorless-study.md	bare	yes
docs/teyvat-spire-design-principles.md	LIVING	docs/furina-kickoff-v0.1.md	path	yes
docs/teyvat-spire-design-principles.md	LIVING	docs/playtest3-notes-2026-07-28.md	path	yes
docs/teyvat-spire-design-principles.md	LIVING	docs/red-pen-2026-07-26.md	path	yes
docs/teyvat-spire-design-principles.md	LIVING	docs/registry/excision-log.md	path	yes
docs/teyvat-spire-design-principles.md	LIVING	docs/registry/identifiers.md	path	yes
docs/teyvat-spire-design-principles.md	LIVING	docs/sitting-record-predraft-2026-08-06.md	path	yes
docs/teyvat-spire-design-principles.md	LIVING	docs/sprint-fanfare-rework-2026-07-28.md	path	yes
docs/teyvat-spire-design-principles.md	LIVING	docs/sprint-fanfare-rework-log-2026-07-28.md	path	yes
docs/teyvat-spire-design-principles.md	LIVING	docs/zhongli-dossier-2026-08-05.md	path	yes
docs/tier05-perf-and-ironclad-act3-notes.md	REFERENCE	docs/ref-ironclad-upgrades.yaml	path	yes
docs/tier05-perf-and-ironclad-act3-notes.md	REFERENCE	docs/registry/identifiers.md	path	yes
docs/track-a-kickoff-brief.md	REFERENCE	docs/axis-validity-session-charter.md	path	yes
docs/track-a-kickoff-brief.md	REFERENCE	docs/registry/identifiers.md	path	yes
docs/track-a-kickoff-brief.md	REFERENCE	docs/role-tempo-baseline.md	path	yes
docs/track-a-kickoff-brief.md	REFERENCE	docs/sprint-axis-validity-track-a-log-2026-08-04.md	path	yes
docs/track-b-curves.md	UNBANNERED	docs/s7-fidelity-audit.md	path	yes
docs/track-b-curves.md	UNBANNERED	docs/s7-probe-c.md	path	yes
docs/track-b-validation-gate-countersign-2026-08-04.md	REFERENCE	docs/a2-gate-ratification-2026-07-27.md	path	yes
docs/track-b-validation-gate-countersign-2026-08-04.md	REFERENCE	docs/axis-validity-countersign-2026-08-04.md	path	yes
docs/track-b-validation-gate-countersign-2026-08-04.md	REFERENCE	docs/registry/identifiers.md	path	yes
docs/track-b-validation-gate-countersign-2026-08-04.md	REFERENCE	docs/sprint-track-b-gate-log-2026-08-05.md	path	yes
docs/track-b-validation-gate-countersign-2026-08-04.md	REFERENCE	docs/understudy-countersign-2026-08-04.md	path	yes
docs/track-t-audits-2026-08-06.md	REFERENCE	docs/dockets/klee-rework.md	path	yes
docs/track-t-audits-2026-08-06.md	REFERENCE	docs/fontaine-companions.yaml	path	yes
docs/track-t-audits-2026-08-06.md	REFERENCE	docs/furina-cards.yaml	path	yes
docs/track-t-audits-2026-08-06.md	REFERENCE	docs/inazuma-companions.yaml	path	yes
docs/track-t-audits-2026-08-06.md	REFERENCE	docs/klee-cards.yaml	path	yes
docs/track-t-audits-2026-08-06.md	REFERENCE	docs/klee-character-design.md	path	yes
docs/track-t-audits-2026-08-06.md	REFERENCE	docs/klee-upgrades.yaml	path	yes
docs/track-t-audits-2026-08-06.md	REFERENCE	docs/kokomi-cards.yaml	path	yes
docs/track-t-audits-2026-08-06.md	REFERENCE	docs/mondstadt-companions.yaml	path	yes
docs/track-t-audits-2026-08-06.md	REFERENCE	docs/registry/identifiers.md	path	yes
docs/track-t-audits-2026-08-06.md	REFERENCE	review/redteam/exploit-ledger.md	path	yes
docs/track-t-audits-2026-08-06.md	REFERENCE	review/redteam/exploit-lines-x7a.json	path	yes
docs/track-t-audits-2026-08-06.md	REFERENCE	review/redteam/replay-results-x7a.json	path	yes
docs/understudy-countersign-2026-08-04.md	REFERENCE	docs/a2-gate-ratification-2026-07-27.md	path	yes
docs/understudy-countersign-2026-08-04.md	REFERENCE	docs/axis-validity-countersign-2026-08-04.md	path	yes
docs/understudy-countersign-2026-08-04.md	REFERENCE	docs/registry/identifiers.md	path	yes
docs/understudy-countersign-2026-08-04.md	REFERENCE	docs/sprint-understudy-p1-log-2026-08-04.md	path	yes
docs/understudy-kickoff-brief.md	LIVING	docs/registry/identifiers.md	path	yes
docs/understudy-p0-findings.md	REFERENCE	docs/registry/identifiers.md	path	yes
docs/understudy-p0-findings.md	REFERENCE	docs/understudy-kickoff-brief.md	path	yes
docs/understudy-phase0-report.md	REFERENCE	docs/registry/identifiers.md	path	yes
docs/understudy-phase0-report.md	REFERENCE	docs/understudy-kickoff-brief.md	path	yes
docs/understudy-phase0-report.md	REFERENCE	docs/understudy-p0-findings.md	path	yes
docs/upgrade-conventions.md	LIVING	docs/klee-upgrades.yaml	path	yes
docs/upgrade-conventions.md	LIVING	docs/ref-ironclad-upgrades.yaml	bare	yes
docs/upgrade-conventions.md	LIVING	docs/registry/identifiers.md	path	yes
docs/v6-rebaseline-sweep-2026-08-06.md	REFERENCE	docs/archive/shop-companion-channel-sprint-log.md	path	yes
docs/v6-rebaseline-sweep-2026-08-06.md	REFERENCE	docs/furina-strength-findings-2026-07-28.md	path	yes
docs/v6-rebaseline-sweep-2026-08-06.md	REFERENCE	docs/roster-anchor-v14-2026-08-05.md	path	yes
docs/v6-rebaseline-sweep-2026-08-06.md	REFERENCE	docs/roster-anchor-v14-v6-2026-08-06.md	path	yes
docs/v6-rebaseline-sweep-2026-08-06.md	REFERENCE	docs/sprint-fanfare-compensation-log-2026-07-28.md	path	yes
docs/v6-rebaseline-sweep-2026-08-06.md	REFERENCE	docs/sprint-fanfare-rework-log-2026-07-28.md	path	yes
docs/v6-rebaseline-sweep-2026-08-06.md	REFERENCE	docs/sprint-kokomi-instrument-log-2026-07-29.md	path	yes
docs/v6-rebaseline-sweep-2026-08-06.md	REFERENCE	docs/sprint-sim-hygiene-log-2026-07-29.md	path	yes
docs/worktree-workflow.md	LIVING	docs/pending/serenitea-g4-session-isolation.md	path	yes
docs/worktree-workflow.md	LIVING	docs/registry/identifiers.md	path	yes
docs/zhongli-dossier-2026-08-05.md	REFERENCE	docs/act2-act3-roster-research.md	bare	yes
docs/zhongli-dossier-2026-08-05.md	REFERENCE	docs/animation-sprint-2-plan.md	path	yes
docs/zhongli-dossier-2026-08-05.md	REFERENCE	docs/archive/animation-sprint-1-plan.md	path	yes
docs/zhongli-dossier-2026-08-05.md	REFERENCE	docs/archive/csharp-build-spec.md	path	yes
docs/zhongli-dossier-2026-08-05.md	REFERENCE	docs/archive/furina-predesign-notes.md	path	yes
docs/zhongli-dossier-2026-08-05.md	REFERENCE	docs/archive/furina-sprint-1-redpen.md	path	yes
docs/zhongli-dossier-2026-08-05.md	REFERENCE	docs/archive/m7-rulings.md	path	yes
docs/zhongli-dossier-2026-08-05.md	REFERENCE	docs/axis-validity-session-charter.md	path	yes
docs/zhongli-dossier-2026-08-05.md	REFERENCE	docs/backlog-2026-07-29.md	path	yes
docs/zhongli-dossier-2026-08-05.md	REFERENCE	docs/brief-coop-charter-items.md	path	yes
docs/zhongli-dossier-2026-08-05.md	REFERENCE	docs/enemy-dossiers/axebot.md	bare	yes
docs/zhongli-dossier-2026-08-05.md	REFERENCE	docs/enemy-dossiers/bowlbug-rock-.md	bare	yes
docs/zhongli-dossier-2026-08-05.md	REFERENCE	docs/enemy-dossiers/bygone-effigy.md	path	yes
docs/zhongli-dossier-2026-08-05.md	REFERENCE	docs/enemy-dossiers/ceremonial-beast.md	bare	yes
docs/zhongli-dossier-2026-08-05.md	REFERENCE	docs/enemy-dossiers/chomper.md	bare	yes
docs/zhongli-dossier-2026-08-05.md	REFERENCE	docs/enemy-dossiers/corpse-slug.md	bare	yes
docs/zhongli-dossier-2026-08-05.md	REFERENCE	docs/enemy-dossiers/entomancer.md	bare	yes
docs/zhongli-dossier-2026-08-05.md	REFERENCE	docs/enemy-dossiers/eye-with-teeth.md	bare	yes
docs/zhongli-dossier-2026-08-05.md	REFERENCE	docs/enemy-dossiers/fabricator.md	bare	yes
docs/zhongli-dossier-2026-08-05.md	REFERENCE	docs/enemy-dossiers/fat-gremlin.md	bare	yes
docs/zhongli-dossier-2026-08-05.md	REFERENCE	docs/enemy-dossiers/flail-knight.md	bare	yes
docs/zhongli-dossier-2026-08-05.md	REFERENCE	docs/enemy-dossiers/fogmog.md	bare	yes
docs/zhongli-dossier-2026-08-05.md	REFERENCE	docs/enemy-dossiers/frog-knight.md	bare	yes
docs/zhongli-dossier-2026-08-05.md	REFERENCE	docs/enemy-dossiers/gas-bomb.md	bare	yes
docs/zhongli-dossier-2026-08-05.md	REFERENCE	docs/enemy-dossiers/gremlin-merc.md	bare	yes
docs/zhongli-dossier-2026-08-05.md	REFERENCE	docs/enemy-dossiers/guardbot.md	bare	yes
docs/zhongli-dossier-2026-08-05.md	REFERENCE	docs/enemy-dossiers/haunted-ship.md	bare	yes
docs/zhongli-dossier-2026-08-05.md	REFERENCE	docs/enemy-dossiers/inklet.md	bare	yes
docs/zhongli-dossier-2026-08-05.md	REFERENCE	docs/enemy-dossiers/kin-priest.md	bare	yes
docs/zhongli-dossier-2026-08-05.md	REFERENCE	docs/enemy-dossiers/lagavulin-matriarch.md	bare	yes
docs/zhongli-dossier-2026-08-05.md	REFERENCE	docs/enemy-dossiers/living-fog.md	bare	yes
docs/zhongli-dossier-2026-08-05.md	REFERENCE	docs/enemy-dossiers/living-shield.md	bare	yes
docs/zhongli-dossier-2026-08-05.md	REFERENCE	docs/enemy-dossiers/mysterious-knight.md	bare	yes
docs/zhongli-dossier-2026-08-05.md	REFERENCE	docs/enemy-dossiers/ovicopter.md	bare	yes
docs/zhongli-dossier-2026-08-05.md	REFERENCE	docs/enemy-dossiers/owl-magistrate.md	bare	yes
docs/zhongli-dossier-2026-08-05.md	REFERENCE	docs/enemy-dossiers/parafright.md	bare	yes
docs/zhongli-dossier-2026-08-05.md	REFERENCE	docs/enemy-dossiers/phrog-parasite.md	bare	yes
docs/zhongli-dossier-2026-08-05.md	REFERENCE	docs/enemy-dossiers/rocket.md	bare	yes
docs/zhongli-dossier-2026-08-05.md	REFERENCE	docs/enemy-dossiers/slumbering-beetle.md	bare	yes
docs/zhongli-dossier-2026-08-05.md	REFERENCE	docs/enemy-dossiers/sneaky-gremlin.md	bare	yes
docs/zhongli-dossier-2026-08-05.md	REFERENCE	docs/enemy-dossiers/soul-fysh.md	bare	yes
docs/zhongli-dossier-2026-08-05.md	REFERENCE	docs/enemy-dossiers/spiny-toad.md	bare	yes
docs/zhongli-dossier-2026-08-05.md	REFERENCE	docs/enemy-dossiers/terror-eel.md	path	yes
docs/zhongli-dossier-2026-08-05.md	REFERENCE	docs/enemy-dossiers/test-subject.md	bare	yes
docs/zhongli-dossier-2026-08-05.md	REFERENCE	docs/enemy-dossiers/the-insatiable.md	bare	yes
docs/zhongli-dossier-2026-08-05.md	REFERENCE	docs/enemy-dossiers/the-merchant-.md	bare	yes
docs/zhongli-dossier-2026-08-05.md	REFERENCE	docs/enemy-dossiers/the-obscura.md	bare	yes
docs/zhongli-dossier-2026-08-05.md	REFERENCE	docs/enemy-dossiers/thieving-hopper.md	bare	yes
docs/zhongli-dossier-2026-08-05.md	REFERENCE	docs/enemy-dossiers/torch-head-amalgam.md	bare	yes
docs/zhongli-dossier-2026-08-05.md	REFERENCE	docs/enemy-dossiers/tough-egg.md	bare	yes
docs/zhongli-dossier-2026-08-05.md	REFERENCE	docs/enemy-dossiers/tunneler.md	bare	yes
docs/zhongli-dossier-2026-08-05.md	REFERENCE	docs/enemy-dossiers/two-tailed-rat.md	bare	yes
docs/zhongli-dossier-2026-08-05.md	REFERENCE	docs/fontaine-companions.yaml	path	yes
docs/zhongli-dossier-2026-08-05.md	REFERENCE	docs/fontaine-rares-banner-sprint-log.md	path	yes
docs/zhongli-dossier-2026-08-05.md	REFERENCE	docs/furina-kickoff-v0.1.md	path	yes
docs/zhongli-dossier-2026-08-05.md	REFERENCE	docs/inazuma-companions.yaml	path	yes
docs/zhongli-dossier-2026-08-05.md	REFERENCE	docs/mondstadt-companions.yaml	path	yes
docs/zhongli-dossier-2026-08-05.md	REFERENCE	docs/registry/identifiers.md	path	yes
docs/zhongli-dossier-2026-08-05.md	REFERENCE	docs/reserved-card-names.txt	path	yes
docs/zhongli-dossier-2026-08-05.md	REFERENCE	docs/serenitea-sweep-log-2026-07-26.md	path	yes
docs/zhongli-dossier-2026-08-05.md	REFERENCE	docs/tech-debt-audit-2026-07-26.md	path	yes
docs/zhongli-dossier-2026-08-05.md	REFERENCE	docs/teyvat-spire-design-principles.md	path	yes
docs/zhongli-dossier-2026-08-05.md	REFERENCE	review/boss-dossiers/dossiers.md	path	yes
docs/zhongli-dossier-2026-08-05.md	REFERENCE	review/enemy-atlas/atlas.md	path	yes
docs/zhongli-dossier-2026-08-05.md	REFERENCE	review/ledger-audit/hygiene-report.md	path	yes
docs/zhongli-dossier-2026-08-05.md	REFERENCE	review/potion-relic-gallery/gallery.md	path	yes
klee-mod/DECISIONS.md	LEDGER	docs/animation-sprint-2-log.md	path	yes
klee-mod/DECISIONS.md	LEDGER	docs/animation-sprint-2-plan.md	path	yes
klee-mod/DECISIONS.md	LEDGER	docs/archive/animation-sprint-1-log.md	path	yes
klee-mod/DECISIONS.md	LEDGER	docs/archive/animation-sprint-1-plan.md	path	yes
klee-mod/DECISIONS.md	LEDGER	docs/archive/csharp-build-spec.md	bare	yes
klee-mod/DECISIONS.md	LEDGER	docs/archive/furina-fanfare-sprint-log.md	path	yes
klee-mod/DECISIONS.md	LEDGER	docs/archive/ship-what-we-know-sprint-log.md	path	yes
klee-mod/DECISIONS.md	LEDGER	docs/archive/ship-what-we-know-sprint-plan.md	path	yes
klee-mod/DECISIONS.md	LEDGER	docs/awaiting-user-slots-2026-08-06.md	path	yes
klee-mod/DECISIONS.md	LEDGER	docs/axis-validity-session-charter.md	path	yes
klee-mod/DECISIONS.md	LEDGER	docs/card_keywords.json	path	yes
klee-mod/DECISIONS.md	LEDGER	docs/klee-character-design.md	bare	yes
klee-mod/DECISIONS.md	LEDGER	docs/klee-upgrades.yaml	bare	yes
klee-mod/DECISIONS.md	LEDGER	docs/kokomi-playtest-protocol.md	path	yes
klee-mod/DECISIONS.md	LEDGER	docs/probe-e-corpse-detonation-registration-draft.md	path	yes
klee-mod/DECISIONS.md	LEDGER	docs/probe-e-corpse-detonation.md	path	yes
klee-mod/DECISIONS.md	LEDGER	docs/registry/identifiers.md	path	yes
klee-mod/DECISIONS.md	LEDGER	docs/registry/user-queue.md	path	yes
klee-mod/DECISIONS.md	LEDGER	docs/sitting-record-predraft-2026-08-06.md	path	yes
klee-mod/DECISIONS.md	LEDGER	review/ledger-audit/hygiene-report.md	path	yes
review/ancients-gallery/gallery.md	REVIEW	docs/act2-act3-roster-research.md	path	yes
review/ancients-gallery/gallery.md	REVIEW	docs/reserved-card-names.txt	path	yes
review/ancients-gallery/gallery.md	REVIEW	docs/sitting-prep-2026-08-05.md	path	yes
review/ancients-gallery/gallery.md	REVIEW	docs/sts2-events-harvest.txt	path	yes
review/ancients-gallery/gallery.md	REVIEW	review/event-gallery/gallery.md	path	yes
review/boss-dossiers/dossiers.md	REVIEW	review/boss-dossiers/pattern-memo.md	bare	yes
review/boss-pool-gallery/gallery.md	REVIEW	review/boss-dossiers/dossiers.md	path	yes
review/boss-pool-gallery/gallery.md	REVIEW	review/boss-dossiers/pattern-memo.md	path	yes
review/boss-pool-gallery/gallery.md	REVIEW	review/enemy-atlas/reskin-gallery.md	path	yes
review/boss-pool-gallery/gallery.md	REVIEW	review/event-gallery/gallery.md	path	yes
review/enemy-atlas/atlas.md	REVIEW	docs/act2-act3-roster-research.md	path	yes
review/enemy-atlas/atlas.md	REVIEW	docs/run-model-rework-plan.md	path	yes
review/enemy-atlas/atlas.md	REVIEW	docs/teyvat-spire-design-principles.md	path	yes
review/enemy-atlas/atlas.md	REVIEW	review/enemy-atlas/reskin-gallery.md	bare	yes
review/enemy-atlas/reskin-gallery.md	REVIEW	docs/act2-act3-roster-research.md	path	yes
review/enemy-atlas/reskin-gallery.md	REVIEW	docs/run-model-rework-plan.md	bare	yes
review/event-gallery/gallery.md	REVIEW	docs/sts2-events-harvest.txt	path	yes
review/event-gallery/gallery.md	REVIEW	docs/sts2-map-and-events-research.md	path	yes
review/ledger-audit/hygiene-report.md	REVIEW	docs/README.md	path	yes
review/ledger-audit/hygiene-report.md	REVIEW	docs/axis-validity-countersign-2026-08-04.md	bare	yes
review/ledger-audit/hygiene-report.md	REVIEW	docs/axis-validity-session-charter.md	path	yes
review/ledger-audit/hygiene-report.md	REVIEW	docs/backlog-2026-07-29.md	path	yes
review/ledger-audit/hygiene-report.md	REVIEW	docs/epoch-1-log-2026-07-26.md	path	yes
review/ledger-audit/hygiene-report.md	REVIEW	docs/furina-cards.yaml	path	yes
review/ledger-audit/hygiene-report.md	REVIEW	docs/furina-kickoff-v0.1.md	path	yes
review/ledger-audit/hygiene-report.md	REVIEW	docs/klee-character-design.md	path	yes
review/ledger-audit/hygiene-report.md	REVIEW	docs/kokomi-kickoff-v1.md	path	yes
review/ledger-audit/hygiene-report.md	REVIEW	docs/kokomi-playtest-protocol.md	path	yes
review/ledger-audit/hygiene-report.md	REVIEW	docs/missed-requirements.md	path	yes
review/ledger-audit/hygiene-report.md	REVIEW	docs/mondstadt-companions.yaml	path	yes
review/ledger-audit/hygiene-report.md	REVIEW	docs/open-playtest-items.md	path	yes
review/ledger-audit/hygiene-report.md	REVIEW	docs/playtest3-notes-2026-07-28.md	bare	yes
review/ledger-audit/hygiene-report.md	REVIEW	docs/red-pen-2026-07-26.md	path	yes
review/ledger-audit/hygiene-report.md	REVIEW	docs/registry/identifiers.md	path	yes
review/ledger-audit/hygiene-report.md	REVIEW	docs/registry/user-queue.md	path	yes
review/ledger-audit/hygiene-report.md	REVIEW	docs/role-tempo-baseline.md	bare	yes
review/ledger-audit/hygiene-report.md	REVIEW	docs/role-tempo-debt.tsv	bare	yes
review/ledger-audit/hygiene-report.md	REVIEW	docs/role-tempo-floors.yaml	path	yes
review/ledger-audit/hygiene-report.md	REVIEW	docs/role-tempo-review.tsv	bare	yes
review/ledger-audit/hygiene-report.md	REVIEW	docs/silent-pilot-review-2026-07-27.md	path	yes
review/ledger-audit/hygiene-report.md	REVIEW	docs/sprint-axis-validity-track-a-log-2026-08-04.md	path	yes
review/ledger-audit/hygiene-report.md	REVIEW	docs/sprint-sim-hygiene-log-2026-07-29.md	path	yes
review/ledger-audit/hygiene-report.md	REVIEW	docs/sprint-understudy-p1-log-2026-08-04.md	bare	yes
review/ledger-audit/hygiene-report.md	REVIEW	docs/tech-debt-audit-2026-07-26.md	bare	yes
review/ledger-audit/hygiene-report.md	REVIEW	docs/teyvat-spire-design-principles.md	path	yes
review/ledger-audit/hygiene-report.md	REVIEW	docs/understudy-countersign-2026-08-04.md	bare	yes
review/ledger-audit/hygiene-report.md	REVIEW	docs/understudy-kickoff-brief.md	bare	yes
review/ledger-audit/hygiene-report.md	REVIEW	docs/understudy-phase0-report.md	bare	yes
review/mutation-audit/blind-spot-report.md	REVIEW	docs/furina-cards.yaml	path	yes
review/mutation-audit/blind-spot-report.md	REVIEW	docs/klee-cards.yaml	path	yes
review/mutation-audit/blind-spot-report.md	REVIEW	docs/kokomi-cards.yaml	path	yes
review/parity-sweep/findings-ledger.md	REVIEW	docs/archive/furina-salon-rework-plan.md	path	yes
review/parity-sweep/findings-ledger.md	REVIEW	docs/archive/klee-survival-sprint-plan.md	path	yes
review/parity-sweep/findings-ledger.md	REVIEW	docs/archive/kokomi-sheetpass-v0.2-report.md	path	yes
review/parity-sweep/findings-ledger.md	REVIEW	docs/archive/pass1-rulings-round2.md	path	yes
review/parity-sweep/findings-ledger.md	REVIEW	docs/archive/playtest-2026-07-25-coop-a0.md	path	yes
review/parity-sweep/findings-ledger.md	REVIEW	docs/card_keywords.json	path	yes
review/parity-sweep/findings-ledger.md	REVIEW	docs/fontaine-companions.yaml	path	yes
review/parity-sweep/findings-ledger.md	REVIEW	docs/furina-cards.yaml	path	yes
review/parity-sweep/findings-ledger.md	REVIEW	docs/furina-upgrades.yaml	path	yes
review/parity-sweep/findings-ledger.md	REVIEW	docs/klee-cards.yaml	path	yes
review/parity-sweep/findings-ledger.md	REVIEW	docs/klee-upgrades.yaml	path	yes
review/parity-sweep/findings-ledger.md	REVIEW	docs/kokomi-cards.yaml	path	yes
review/parity-sweep/findings-ledger.md	REVIEW	docs/kokomi-upgrades.yaml	path	yes
review/parity-sweep/findings-ledger.md	REVIEW	docs/open-playtest-items.md	path	yes
review/parity-sweep/findings-ledger.md	REVIEW	docs/red-pen-2026-07-26.md	path	yes
review/parity-sweep/findings-ledger.md	REVIEW	docs/serenitea-sweep-log-2026-07-26.md	path	yes
review/parity-sweep/findings-ledger.md	REVIEW	docs/upgrade-conventions.md	path	yes
review/parity-sweep/findings-ledger.md	REVIEW	review/parity-sweep/triage-memo.md	bare	yes
review/parity-sweep/noncard-findings-ledger.md	REVIEW	docs/act2-act3-roster-research.md	path	yes
review/parity-sweep/noncard-findings-ledger.md	REVIEW	docs/archive/furina-legibility-sprint-log.md	path	yes
review/parity-sweep/noncard-findings-ledger.md	REVIEW	docs/archive/relic-potion-layer-plan.md	path	yes
review/parity-sweep/noncard-findings-ledger.md	REVIEW	docs/backlog-2026-07-29.md	path	yes
review/parity-sweep/noncard-findings-ledger.md	REVIEW	docs/fontaine-companions.yaml	path	yes
review/parity-sweep/noncard-findings-ledger.md	REVIEW	docs/furina-cards.yaml	path	yes
review/parity-sweep/noncard-findings-ledger.md	REVIEW	docs/furina-fanfare-parity-vectors.json	path	yes
review/parity-sweep/noncard-findings-ledger.md	REVIEW	docs/furina-upgrades.yaml	path	yes
review/parity-sweep/noncard-findings-ledger.md	REVIEW	docs/inazuma-companions.yaml	path	yes
review/parity-sweep/noncard-findings-ledger.md	REVIEW	docs/klee-cards.yaml	path	yes
review/parity-sweep/noncard-findings-ledger.md	REVIEW	docs/klee-character-design.md	path	yes
review/parity-sweep/noncard-findings-ledger.md	REVIEW	docs/klee-upgrades.yaml	path	yes
review/parity-sweep/noncard-findings-ledger.md	REVIEW	docs/kokomi-cards.yaml	path	yes
review/parity-sweep/noncard-findings-ledger.md	REVIEW	docs/kokomi-upgrades.yaml	path	yes
review/parity-sweep/noncard-findings-ledger.md	REVIEW	docs/mondstadt-companions.yaml	path	yes
review/parity-sweep/noncard-findings-ledger.md	REVIEW	docs/open-playtest-items.md	path	yes
review/parity-sweep/noncard-findings-ledger.md	REVIEW	docs/run-model-rework-plan.md	bare	yes
review/parity-sweep/noncard-findings-ledger.md	REVIEW	docs/sprint-bugfix-log-2026-07-29.md	path	yes
review/parity-sweep/noncard-findings-ledger.md	REVIEW	docs/sts2-events-harvest.txt	path	yes
review/parity-sweep/noncard-findings-ledger.md	REVIEW	docs/sts2-map-and-events-research.md	path	yes
review/parity-sweep/noncard-findings-ledger.md	REVIEW	docs/teyvat-spire-design-principles.md	path	yes
review/parity-sweep/noncard-findings-ledger.md	REVIEW	review/event-gallery/gallery.md	path	yes
review/parity-sweep/noncard-findings-ledger.md	REVIEW	review/mutation-audit/blind-spot-report.md	path	yes
review/parity-sweep/noncard-findings-ledger.md	REVIEW	review/parity-sweep/findings-ledger.md	path	yes
review/parity-sweep/noncard-findings-ledger.md	REVIEW	review/parity-sweep/noncard-triage-memo.md	bare	yes
review/parity-sweep/noncard-findings-ledger.md	REVIEW	review/potion-relic-gallery/gallery.md	path	yes
review/parity-sweep/noncard-triage-memo.md	REVIEW	docs/noncard-parity-vectors.json	path	yes
review/parity-sweep/noncard-triage-memo.md	REVIEW	review/parity-sweep/noncard-findings-ledger.md	bare	yes
review/parity-sweep/noncard-triage-memo.md	REVIEW	review/parity-sweep/triage-memo.md	bare	yes
review/parity-sweep/triage-memo.md	REVIEW	docs/furina-cards.yaml	path	yes
review/parity-sweep/triage-memo.md	REVIEW	docs/furina-upgrades.yaml	path	yes
review/parity-sweep/triage-memo.md	REVIEW	docs/klee-cards.yaml	path	yes
review/parity-sweep/triage-memo.md	REVIEW	docs/kokomi-cards.yaml	path	yes
review/parity-sweep/triage-memo.md	REVIEW	docs/kokomi-upgrades.yaml	path	yes
review/parity-sweep/triage-memo.md	REVIEW	docs/open-playtest-items.md	path	yes
review/parity-sweep/triage-memo.md	REVIEW	docs/red-pen-2026-07-26.md	path	yes
review/parity-sweep/triage-memo.md	REVIEW	docs/upgrade-conventions.md	path	yes
review/parity-sweep/triage-memo.md	REVIEW	review/parity-sweep/findings-ledger.md	path	yes
review/potion-relic-gallery/gallery.md	REVIEW	docs/act2-act3-roster-research.md	bare	yes
review/potion-relic-gallery/gallery.md	REVIEW	docs/art-claimed-sources.tsv	path	yes
review/potion-relic-gallery/gallery.md	REVIEW	docs/klee-cards.yaml	path	yes
review/potion-relic-gallery/gallery.md	REVIEW	docs/reserved-card-names.txt	path	yes
review/redteam/exploit-ledger.md	REVIEW	docs/awaiting-user-slots-2026-08-06.md	path	yes
review/redteam/exploit-ledger.md	REVIEW	docs/dockets/companion-pricing.md	path	yes
review/redteam/exploit-ledger.md	REVIEW	docs/dockets/klee-rework.md	path	yes
review/redteam/exploit-ledger.md	REVIEW	docs/dockets/kokomi-workshop.md	path	yes
review/redteam/exploit-ledger.md	REVIEW	docs/dockets/watch-items.md	path	yes
review/redteam/exploit-ledger.md	REVIEW	docs/klee-upgrades.yaml	path	yes
review/redteam/exploit-ledger.md	REVIEW	docs/sitting-record-predraft-2026-08-06.md	path	yes
review/redteam/exploit-ledger.md	REVIEW	review/parity-sweep/noncard-triage-memo.md	path	yes
review/redteam/exploit-ledger.md	REVIEW	review/redteam/exploit-lines.json	path	yes
review/redteam/exploit-ledger.md	REVIEW	review/redteam/replay-results.json	bare	yes
review/redteam/exploit-lines.json	REVIEW	docs/fontaine-companions.yaml	path	yes
review/redteam/exploit-lines.json	REVIEW	docs/furina-cards.yaml	path	yes
review/redteam/exploit-lines.json	REVIEW	docs/furina-upgrades.yaml	path	yes
review/redteam/exploit-lines.json	REVIEW	docs/inazuma-companions.yaml	path	yes
review/redteam/exploit-lines.json	REVIEW	docs/klee-cards.yaml	path	yes
review/redteam/exploit-lines.json	REVIEW	docs/klee-upgrades.yaml	path	yes
review/redteam/exploit-lines.json	REVIEW	docs/kokomi-cards.yaml	path	yes
review/redteam/exploit-lines.json	REVIEW	docs/kokomi-upgrades.yaml	path	yes
review/redteam/exploit-lines.json	REVIEW	docs/mondstadt-companions.yaml	path	yes
review/redteam/fixtures/track_o/s01_repro.py	REVIEW	review/redteam/fixtures/track_o/s01-ghost-index.json	bare	yes
review/redteam/fixtures/track_o/s05_build.py	REVIEW	review/redteam/fixtures/track_o/s05-baseline-index.json	bare	yes
review/redteam/fixtures/track_o/s05_build.py	REVIEW	review/redteam/fixtures/track_o/s05-ghostruns-index.json	bare	yes
review/redteam/fixtures/track_o/s07-repro.py	REVIEW	review/redteam/fixtures/track_o/s07-partial-fights.json	bare	yes
review/redteam/fixtures/track_o/s08-amp-before-multipliers.py	REVIEW	docs/reactions-corpus-2026-08-05.md	path	yes
review/redteam/fixtures/track_o/s08-corpse-auras.py	REVIEW	docs/reactions-corpus-2026-08-05.md	path	yes
review/redteam/fixtures/track_o/s10_probe.py	REVIEW	review/redteam/exploit-lines.json	bare	yes
review/suite-hardening/summary.md	REVIEW	review/mutation-audit/blind-spot-report.md	path	yes
tier0/DECISIONS.md	LEDGER	docs/a2-gate-ratification-2026-07-27.md	path	yes
tier0/DECISIONS.md	LEDGER	docs/animation-sprint-2-log.md	path	yes
tier0/DECISIONS.md	LEDGER	docs/archive/errata-m5-triage.md	bare	yes
tier0/DECISIONS.md	LEDGER	docs/archive/furina-legibility-sprint-log.md	path	yes
tier0/DECISIONS.md	LEDGER	docs/archive/furina-pass1-rulings.md	bare	yes
tier0/DECISIONS.md	LEDGER	docs/archive/furina-pass3-rulings.md	bare	yes
tier0/DECISIONS.md	LEDGER	docs/archive/furina-sheet-pass-1-plan.md	bare	yes
tier0/DECISIONS.md	LEDGER	docs/archive/furina-sheet-pass-3-plan.md	bare	yes
tier0/DECISIONS.md	LEDGER	docs/archive/furina-sheet-redpen.md	bare	yes
tier0/DECISIONS.md	LEDGER	docs/archive/furina-sprint-1-redpen.md	bare	yes
tier0/DECISIONS.md	LEDGER	docs/archive/klee-errata-report.md	path	yes
tier0/DECISIONS.md	LEDGER	docs/archive/klee-pass-1-report.md	path	yes
tier0/DECISIONS.md	LEDGER	docs/archive/klee-pass-3-report.md	path	yes
tier0/DECISIONS.md	LEDGER	docs/archive/kokomi-v0.4-plan.md	path	yes
tier0/DECISIONS.md	LEDGER	docs/archive/shop-companion-channel-sprint-log.md	path	yes
tier0/DECISIONS.md	LEDGER	docs/archive/tier05-draft-sim-spec.md	bare	yes
tier0/DECISIONS.md	LEDGER	docs/archive/tier05-m5-report.md	path	yes
tier0/DECISIONS.md	LEDGER	docs/archive/triage-execution-report.md	path	yes
tier0/DECISIONS.md	LEDGER	docs/awaiting-user-slots-2026-08-06.md	path	yes
tier0/DECISIONS.md	LEDGER	docs/axis-validity-countersign-2026-08-04.md	path	yes
tier0/DECISIONS.md	LEDGER	docs/axis-validity-session-charter.md	path	yes
tier0/DECISIONS.md	LEDGER	docs/backlog-2026-07-29.md	path	yes
tier0/DECISIONS.md	LEDGER	docs/brief-coop-charter-items.md	path	yes
tier0/DECISIONS.md	LEDGER	docs/brief-kokomi-pool-fill.md	path	yes
tier0/DECISIONS.md	LEDGER	docs/brief-unheard-confession-rework.md	path	yes
tier0/DECISIONS.md	LEDGER	docs/calibration-notes.md	bare	yes
tier0/DECISIONS.md	LEDGER	docs/class-p-charter-2026-08-06.md	path	yes
tier0/DECISIONS.md	LEDGER	docs/clear-the-stage-charter-2026-08-06.md	path	yes
tier0/DECISIONS.md	LEDGER	docs/curtain-call-sprint-log-2026-07-27.md	path	yes
tier0/DECISIONS.md	LEDGER	docs/dispatch-2026-08-06-q13-q14-q15.md	path	yes
tier0/DECISIONS.md	LEDGER	docs/dispatch-2026-08-06b-eleven-replies.md	path	yes
tier0/DECISIONS.md	LEDGER	docs/dispatch-2026-08-06d-four-replies.md	path	yes
tier0/DECISIONS.md	LEDGER	docs/dockets/engineering-backlog.md	path	yes
tier0/DECISIONS.md	LEDGER	docs/dockets/klee-rework.md	path	yes
tier0/DECISIONS.md	LEDGER	docs/dockets/watch-items.md	path	yes
tier0/DECISIONS.md	LEDGER	docs/enchantments-design-2026-07-27.md	path	yes
tier0/DECISIONS.md	LEDGER	docs/epoch-1-log-2026-07-26.md	path	yes
tier0/DECISIONS.md	LEDGER	docs/fontaine-rares-banner-sprint-log.md	path	yes
tier0/DECISIONS.md	LEDGER	docs/furina-kickoff-v0.1.md	bare	yes
tier0/DECISIONS.md	LEDGER	docs/g12-review-2026-08-05.md	path	yes
tier0/DECISIONS.md	LEDGER	docs/handback-note-2026-08-04.md	path	yes
tier0/DECISIONS.md	LEDGER	docs/inazuma-companions.yaml	path	yes
tier0/DECISIONS.md	LEDGER	docs/klee-cards.yaml	path	yes
tier0/DECISIONS.md	LEDGER	docs/klee-upgrades.yaml	path	yes
tier0/DECISIONS.md	LEDGER	docs/kokomi-kickoff-v1.md	path	yes
tier0/DECISIONS.md	LEDGER	docs/kokomi-playtest-protocol.md	path	yes
tier0/DECISIONS.md	LEDGER	docs/missed-requirements.md	path	yes
tier0/DECISIONS.md	LEDGER	docs/mondstadt-companions.yaml	path	yes
tier0/DECISIONS.md	LEDGER	docs/open-playtest-items.md	path	yes
tier0/DECISIONS.md	LEDGER	docs/patch-sentinel.md	path	yes
tier0/DECISIONS.md	LEDGER	docs/probe-a-block-offset.md	path	yes
tier0/DECISIONS.md	LEDGER	docs/probe-b-fanfare-residual.md	path	yes
tier0/DECISIONS.md	LEDGER	docs/probe-d-registration-draft.md	path	yes
tier0/DECISIONS.md	LEDGER	docs/probe-e-corpse-detonation-registration-draft.md	path	yes
tier0/DECISIONS.md	LEDGER	docs/registry/identifiers.md	path	yes
tier0/DECISIONS.md	LEDGER	docs/registry/user-queue.md	path	yes
tier0/DECISIONS.md	LEDGER	docs/reserved-card-names.txt	path	yes
tier0/DECISIONS.md	LEDGER	docs/role-tempo-debt.tsv	path	yes
tier0/DECISIONS.md	LEDGER	docs/roster-codegen.md	path	yes
tier0/DECISIONS.md	LEDGER	docs/s7-classification.md	path	yes
tier0/DECISIONS.md	LEDGER	docs/s7-fidelity-audit.md	path	yes
tier0/DECISIONS.md	LEDGER	docs/s7-probe-c.md	path	yes
tier0/DECISIONS.md	LEDGER	docs/silent-pilot-review-2026-07-27.md	path	yes
tier0/DECISIONS.md	LEDGER	docs/sitting-prep-2026-08-05.md	path	yes
tier0/DECISIONS.md	LEDGER	docs/sitting-record-predraft-2026-08-06.md	path	yes
tier0/DECISIONS.md	LEDGER	docs/slot5-candidates-2026-08-05.md	path	yes
tier0/DECISIONS.md	LEDGER	docs/sprint-art-and-a7-log-2026-07-29.md	path	yes
tier0/DECISIONS.md	LEDGER	docs/sprint-axis-validity-track-a-log-2026-08-04.md	path	yes
tier0/DECISIONS.md	LEDGER	docs/sprint-bugfix-log-2026-07-29.md	path	yes
tier0/DECISIONS.md	LEDGER	docs/sprint-sim-hygiene-log-2026-07-29.md	path	yes
tier0/DECISIONS.md	LEDGER	docs/sprint-track-b-curves-log-2026-08-04.md	path	yes
tier0/DECISIONS.md	LEDGER	docs/sprint-track-b-gate-log-2026-08-05.md	path	yes
tier0/DECISIONS.md	LEDGER	docs/sprint-understudy-p1-log-2026-08-04.md	path	yes
tier0/DECISIONS.md	LEDGER	docs/surplus-week-manifest-2026-08-05.md	path	yes
tier0/DECISIONS.md	LEDGER	docs/tech-debt-audit-2026-07-26.md	path	yes
tier0/DECISIONS.md	LEDGER	docs/track-b-curves.md	path	yes
tier0/DECISIONS.md	LEDGER	docs/track-b-validation-gate-countersign-2026-08-04.md	path	yes
tier0/DECISIONS.md	LEDGER	docs/track-t-audits-2026-08-06.md	path	yes
tier0/DECISIONS.md	LEDGER	docs/understudy-countersign-2026-08-04.md	path	yes
tier0/DECISIONS.md	LEDGER	docs/understudy-kickoff-brief.md	path	yes
tier0/DECISIONS.md	LEDGER	docs/understudy-phase0-report.md	path	yes
tier0/DECISIONS.md	LEDGER	docs/zhongli-dossier-2026-08-05.md	path	yes
tier0/DECISIONS.md	LEDGER	review/ledger-audit/hygiene-report.md	path	yes
tier0/DECISIONS.md	LEDGER	review/parity-sweep/noncard-triage-memo.md	path	yes
tier0/DECISIONS.md	LEDGER	review/potion-relic-gallery/gallery.md	path	yes
tier0/DECISIONS.md	LEDGER	review/redteam/exploit-ledger.md	path	yes
tier0/DECISIONS.md	LEDGER	review/redteam/exploit-lines-x7a.json	path	yes
tier0/DECISIONS.md	LEDGER	review/redteam/replay-results-x7a.json	path	yes
tier0/DECISIONS.md	LEDGER	review/suite-hardening/summary.md	path	yes
tier0/tests/test_a7_port.py	CODE	docs/sprint-art-and-a7-2026-07-29.md	path	yes
tier0/tests/test_art_coverage.py	CODE	docs/furina-art-pass-requirements.md	path	yes
tier0/tests/test_card_play_hook_guards.py	CODE	docs/brief-coop-charter-items.md	path	yes
tier0/tests/test_card_play_hook_guards.py	CODE	docs/coop-no-sim-backstop.md	path	NO
tier0/tests/test_distinctness_gate.py	CODE	docs/a2-gate-ratification-2026-07-27.md	path	yes
tier0/tests/test_doc_citation_targets.py	CODE	docs/track-a-kickoff-brief.md	path	yes
tier0/tests/test_fanfare_compensation.py	CODE	docs/furina-cards.yaml	bare	yes
tier0/tests/test_fanfare_compensation.py	CODE	docs/sprint-fanfare-compensation-2026-07-28.md	path	yes
tier0/tests/test_fanfare_compensation.py	CODE	docs/sprint-fanfare-rework-2026-07-28.md	path	yes
tier0/tests/test_furina.py	CODE	docs/furina-kickoff-v0.1.md	bare	yes
tier0/tests/test_furina_fanfare_parity.py	CODE	docs/furina-fanfare-parity-vectors.json	path	yes
tier0/tests/test_furina_sheet.py	CODE	docs/archive/furina-salon-rework-plan.md	path	yes
tier0/tests/test_furina_sheet.py	CODE	docs/archive/furina-sheet-pass-1-plan.md	bare	yes
tier0/tests/test_furina_sheet.py	CODE	docs/furina-cards.yaml	path	yes
tier0/tests/test_identifier_registry_lint.py	CODE	docs/registry/identifiers.md	bare	yes
tier0/tests/test_identifier_registry_lint.py	CODE	docs/registry/known-identifiers.tsv	bare	yes
tier0/tests/test_identifier_registry_lint.py	CODE	docs/registry/user-queue.md	bare	yes
tier0/tests/test_klee.py	CODE	docs/klee-cards.yaml	path	yes
tier0/tests/test_klee.py	CODE	docs/mondstadt-companions.yaml	bare	yes
tier0/tests/test_kokomi.py	CODE	docs/inazuma-companions.yaml	bare	yes
tier0/tests/test_kokomi.py	CODE	docs/kokomi-cards.yaml	bare	yes
tier0/tests/test_kokomi.py	CODE	docs/kokomi-kickoff-v1.md	path	yes
tier0/tests/test_noncard_parity_vectors.py	CODE	docs/mondstadt-companions.yaml	path	yes
tier0/tests/test_noncard_parity_vectors.py	CODE	docs/noncard-parity-vectors.json	path	yes
tier0/tests/test_p_ledger_lint.py	CODE	docs/atlas/vendor-sts2-mcp.md	path	yes
tier0/tests/test_p_ledger_lint.py	CODE	docs/class-p-charter-2026-08-06.md	path	yes
tier0/tests/test_p_ledger_lint.py	CODE	docs/dockets/engineering-backlog.md	path	yes
tier0/tests/test_p_ledger_lint.py	CODE	docs/kokomi-playtest-protocol.md	path	yes
tier0/tests/test_p_ledger_lint.py	CODE	docs/payoff-reach-reregistration-draft-2026-08-06.md	path	yes
tier0/tests/test_p_ledger_lint.py	CODE	docs/probe-e-corpse-detonation-registration-draft.md	path	yes
tier0/tests/test_p_ledger_lint.py	CODE	docs/registry/p-ledger.md	path	yes
tier0/tests/test_p_ledger_lint.py	CODE	docs/registry/user-queue.md	path	yes
tier0/tests/test_p_ledger_lint.py	CODE	docs/roster-anchor-v14-v6-2026-08-06.md	path	yes
tier0/tests/test_pass2.py	CODE	docs/archive/pass1-rulings-round2.md	path	yes
tier0/tests/test_pass3.py	CODE	docs/archive/pass2-rulings-round3.md	path	yes
tier0/tests/test_pin_cards_kokomi_2.py	CODE	docs/kokomi-cards.yaml	path	yes
tier0/tests/test_pin_o1_combat_denominators.py	CODE	docs/instrument-redteam-2026-08-05.md	path	yes
tier0/tests/test_pulse_multiplier_claims.py	CODE	docs/kokomi-playtest-protocol.md	path	yes
tier0/tests/test_pulse_multiplier_claims.py	CODE	docs/open-playtest-items.md	path	yes
tier0/tests/test_role_tempo_coverage.py	CODE	docs/role-tempo-debt.tsv	bare	yes
tier0/tests/test_role_tempo_coverage.py	CODE	docs/role-tempo-floors.yaml	bare	yes
tier0/tests/test_s13_exploit_pins.py	CODE	docs/dockets/watch-items.md	path	yes
tier0/tests/test_s13_exploit_pins.py	CODE	docs/furina-upgrades.yaml	path	yes
tier0/tests/test_s13_exploit_pins.py	CODE	docs/sitting-record-predraft-2026-08-06.md	path	yes
tier0/tests/test_s13_exploit_pins.py	CODE	review/redteam/exploit-ledger.md	path	yes
tier0/tests/test_s13_exploit_pins.py	CODE	review/redteam/exploit-lines.json	bare	yes
tier0/tests/test_s13_exploit_pins.py	CODE	review/redteam/replay-results.json	bare	yes
tier0/tests/test_sheet_lints.py	CODE	docs/fontaine-companions.yaml	bare	yes
tier0/tests/test_sheet_lints.py	CODE	docs/fontaine-rares-banner-sprint-log.md	path	yes
tier0/tests/test_sheet_lints.py	CODE	docs/inazuma-companions.yaml	bare	yes
tier0/tests/test_sheet_lints.py	CODE	docs/klee-cards.yaml	bare	yes
tier0/tests/test_sheet_lints.py	CODE	docs/kokomi-cards.yaml	bare	yes
tier0/tests/test_sheet_lints.py	CODE	docs/mondstadt-companions.yaml	bare	yes
tier0/tests/test_sheet_lints.py	CODE	docs/reserved-card-names.txt	path	yes
tier0/tests/test_starter_relic_upgrades.py	CODE	docs/red-pen-2026-07-26.md	path	yes
tier0/tests/test_track_o_s03.py	CODE	review/redteam/fixtures/track_o/s03-allzero-fight.json	bare	yes
tier0/tests/test_track_o_s03.py	CODE	review/redteam/fixtures/track_o/s03-resources-wire.json	bare	yes
tier0/tests/test_track_o_s05.py	CODE	review/redteam/fixtures/track_o/s05-baseline-index.json	bare	yes
tier0/tests/test_track_o_s08.py	CODE	docs/s7-probe-c.md	path	yes
tier0/tests/test_track_o_s09.py	CODE	review/redteam/fixtures/track_o/s09-b3-parked-state.json	bare	yes
tier0/tests/test_track_o_s10.py	CODE	docs/instrument-redteam-2026-08-05.md	path	yes
tier0/tests/test_track_o_s10.py	CODE	review/redteam/exploit-ledger.md	path	yes
tier0/tests/test_track_o_s10.py	CODE	review/redteam/exploit-lines.json	bare	yes
tier0/tests/test_track_o_s10.py	CODE	review/redteam/replay-results.json	bare	yes
tier0/tests/test_understudy_replay_selectors.py	CODE	docs/probe-a-block-offset.md	path	yes
tier0/tests/test_understudy_replay_selectors.py	CODE	docs/probe-b-fanfare-residual.md	path	yes
tier0/tests/test_understudy_soak.py	CODE	docs/sprint-understudy-p1-log-2026-08-04.md	path	yes
tier0/tests/test_upgrades.py	CODE	docs/klee-upgrades.yaml	path	yes
tier0/tests/test_visual_contract_gaps.py	CODE	docs/animation-sprint-2-log.md	bare	yes
tier0/tests/test_visual_contract_gaps.py	CODE	docs/art-asset-manifest.md	bare	yes
tier0/tests/test_visual_contract_gaps.py	CODE	docs/missed-requirements.md	bare	yes
tier05/tests/test_fanfare_telemetry.py	CODE	docs/archive/furina-sheet-pass-4-plan.md	path	yes
tier05/tests/test_track_o_s07.py	CODE	review/redteam/fixtures/track_o/s07-partial-fights.json	path	yes
tools/README.md	CODE	docs/art-claimed-sources.tsv	path	yes
tools/README.md	CODE	docs/furina-cards.yaml	bare	yes
tools/README.md	CODE	docs/patch-sentinel.md	path	yes
tools/README.md	CODE	docs/tech-debt-audit-2026-07-26.md	path	yes
tools/archive/exp_furina_modes.py	CODE	docs/archive/furina-fanfare-sprint-log.md	path	yes
tools/archive/exp_furina_pass3.py	CODE	docs/archive/furina-sheet-pass-3-plan.md	bare	yes
tools/archive/klee_lever_sweep.py	CODE	docs/klee-cards.yaml	path	yes
tools/art_contact_sheet.py	CODE	docs/fontaine-companions.yaml	bare	yes
tools/art_contact_sheet.py	CODE	docs/furina-art-pass-requirements.md	bare	yes
tools/art_contact_sheet.py	CODE	docs/furina-cards.yaml	bare	yes
tools/art_contact_sheet.py	CODE	docs/inazuma-companions.yaml	bare	yes
tools/art_contact_sheet.py	CODE	docs/klee-cards.yaml	bare	yes
tools/art_contact_sheet.py	CODE	docs/kokomi-cards.yaml	bare	yes
tools/art_contact_sheet.py	CODE	docs/mondstadt-companions.yaml	bare	yes
tools/art_coverage.py	CODE	docs/fontaine-companions.yaml	bare	yes
tools/art_coverage.py	CODE	docs/furina-art-pass-requirements.md	path	yes
tools/art_coverage.py	CODE	docs/furina-cards.yaml	bare	yes
tools/art_coverage.py	CODE	docs/inazuma-companions.yaml	bare	yes
tools/art_coverage.py	CODE	docs/klee-cards.yaml	bare	yes
tools/art_coverage.py	CODE	docs/kokomi-cards.yaml	bare	yes
tools/art_coverage.py	CODE	docs/mondstadt-companions.yaml	bare	yes
tools/art_fetch.py	CODE	docs/art-sprint-spec.md	path	yes
tools/art_fetch.py	CODE	docs/furina-art-pass-requirements.md	bare	yes
tools/art_lint.py	CODE	docs/archive/art-taste-pass.md	path	yes
tools/art_lint.py	CODE	docs/furina-art-pass-requirements.md	bare	yes
tools/canon_role_tempo.py	CODE	docs/axis-validity-session-charter.md	path	yes
tools/canon_role_tempo.py	CODE	docs/role-tempo-baseline.md	path	yes
tools/canon_role_tempo.py	CODE	docs/role-tempo-floors.yaml	path	yes
tools/canon_role_tempo.py	CODE	docs/track-a-kickoff-brief.md	path	yes
tools/card_distinctness_report.py	CODE	docs/a2-gate-ratification-2026-07-27.md	path	yes
tools/card_distinctness_report.py	CODE	docs/archive/csharp-build-spec.md	bare	yes
tools/card_distinctness_report.py	CODE	docs/mondstadt-companions.yaml	bare	yes
tools/card_distinctness_report.py	CODE	docs/silent-anchor-sprint-log-2026-07-27.md	path	yes
tools/combat_layer_fences/klee.yaml	CODE	docs/art-asset-manifest.md	path	yes
tools/dump_claimed_sources.py	CODE	docs/art-claimed-sources.tsv	path	yes
tools/encounter_audit.py	CODE	docs/tier05-perf-and-ironclad-act3-notes.md	path	yes
tools/extract_base_game_pool.py	CODE	docs/archive/csharp-build-spec.md	bare	yes
tools/extract_base_game_pool.py	CODE	docs/enchantments-design-2026-07-27.md	path	yes
tools/extract_base_game_pool.py	CODE	docs/reserved-card-names.txt	path	yes
tools/extract_base_game_pool.py	CODE	docs/upgrade-conventions.md	path	yes
tools/gen_klee_cards.py	CODE	docs/fontaine-companions.yaml	path	yes
tools/gen_klee_cards.py	CODE	docs/furina-cards.yaml	path	yes
tools/gen_klee_cards.py	CODE	docs/furina-upgrades.yaml	path	yes
tools/gen_klee_cards.py	CODE	docs/inazuma-companions.yaml	bare	yes
tools/gen_klee_cards.py	CODE	docs/klee-cards.yaml	path	yes
tools/gen_klee_cards.py	CODE	docs/klee-upgrades.yaml	path	yes
tools/gen_klee_cards.py	CODE	docs/kokomi-cards.yaml	path	yes
tools/gen_klee_cards.py	CODE	docs/kokomi-upgrades.yaml	path	yes
tools/gen_klee_cards.py	CODE	docs/mondstadt-companions.yaml	path	yes
tools/gen_klee_cards.py	CODE	docs/sprint-axis-validity-track-a-log-2026-08-04.md	path	yes
tools/klee_survival_sprint.py	CODE	docs/archive/klee-survival-sprint-plan.md	path	yes
tools/lint_furina_registers.py	CODE	docs/furina-cards.yaml	bare	yes
tools/lint_handwritten_parity.py	CODE	docs/furina-cards.yaml	bare	yes
tools/lint_handwritten_parity.py	CODE	docs/klee-cards.yaml	path	yes
tools/lint_handwritten_parity.py	CODE	docs/klee-upgrades.yaml	path	yes
tools/lint_handwritten_parity.py	CODE	docs/kokomi-cards.yaml	path	yes
tools/lint_identifier_registry.py	CODE	docs/registry/identifiers.md	path	yes
tools/lint_identifier_registry.py	CODE	docs/registry/known-identifiers.tsv	path	yes
tools/lint_identifier_registry.py	CODE	docs/registry/user-queue.md	path	yes
tools/lint_kokomi_decksize.py	CODE	docs/kokomi-cards.yaml	path	yes
tools/lint_p_ledger.py	CODE	docs/class-p-charter-2026-08-06.md	path	yes
tools/lint_p_ledger.py	CODE	docs/kokomi-playtest-protocol.md	path	yes
tools/lint_p_ledger.py	CODE	docs/registry/p-ledger.md	path	yes
tools/lint_p_ledger.py	CODE	docs/registry/user-queue.md	path	yes
tools/lint_r_citations.py	CODE	docs/role-tempo-baseline.md	path	yes
tools/lint_r_citations.py	CODE	docs/role-tempo-floors.yaml	path	yes
tools/lint_role_tempo_coverage.py	CODE	docs/role-tempo-debt.tsv	path	yes
tools/lint_role_tempo_coverage.py	CODE	docs/role-tempo-floors.yaml	path	yes
tools/lint_role_tempo_coverage.py	CODE	docs/role-tempo-review.tsv	bare	yes
tools/lint_role_tempo_coverage.py	CODE	docs/sprint-axis-validity-track-a-log-2026-08-04.md	path	yes
tools/lint_role_tempo_coverage.py	CODE	docs/track-a-kickoff-brief.md	path	yes
tools/lint_sheet_comments.py	CODE	docs/furina-cards.yaml	path	yes
tools/lint_strict_domination.py	CODE	docs/fontaine-companions.yaml	bare	yes
tools/lint_strict_domination.py	CODE	docs/fontaine-rares-banner-sprint-log.md	path	yes
tools/lint_strict_domination.py	CODE	docs/furina-cards.yaml	bare	yes
tools/lint_strict_domination.py	CODE	docs/inazuma-companions.yaml	bare	yes
tools/lint_strict_domination.py	CODE	docs/klee-cards.yaml	path	yes
tools/lint_strict_domination.py	CODE	docs/kokomi-cards.yaml	bare	yes
tools/lint_strict_domination.py	CODE	docs/mondstadt-companions.yaml	bare	yes
tools/lint_unique_names.py	CODE	docs/reserved-card-names.txt	path	yes
tools/lint_upgrade_coverage.py	CODE	docs/furina-upgrades.yaml	path	yes
tools/lint_upgrade_coverage.py	CODE	docs/klee-upgrades.yaml	bare	yes
tools/lint_upgrade_coverage.py	CODE	docs/surplus-week-manifest-2026-08-05.md	path	yes
tools/patch_sentinel.py	CODE	docs/archive/csharp-build-spec.md	bare	yes
tools/patch_sentinel.py	CODE	docs/patch-sentinel.md	path	yes
tools/probe_e_sim.py	CODE	docs/probe-e-corpse-detonation-registration-draft.md	path	yes
tools/probe_spine_pck/README.md	CODE	docs/animation-downfall-investigation-2026-08-05.md	path	yes
tools/probe_spine_pck/SpineProbe/manifest.json	CODE	docs/animation-downfall-investigation-2026-08-05.md	path	yes
tools/role_tempo.py	CODE	docs/axis-validity-session-charter.md	path	yes
tools/role_tempo.py	CODE	docs/fontaine-companions.yaml	bare	yes
tools/role_tempo.py	CODE	docs/furina-cards.yaml	bare	yes
tools/role_tempo.py	CODE	docs/inazuma-companions.yaml	bare	yes
tools/role_tempo.py	CODE	docs/klee-cards.yaml	bare	yes
tools/role_tempo.py	CODE	docs/kokomi-cards.yaml	bare	yes
tools/role_tempo.py	CODE	docs/mondstadt-companions.yaml	bare	yes
tools/role_tempo.py	CODE	docs/track-a-kickoff-brief.md	path	yes
tools/skeleton2d_spike/README.md	CODE	docs/animation-capability-memo.md	path	yes
tools/skeleton2d_spike/README.md	CODE	docs/animation-spike-skeleton2d-kokomi-2026-08-06.md	path	yes
tools/skeleton2d_spike/gen_kokomi_rig.py	CODE	docs/animation-capability-memo.md	bare	yes
tools/suggest_role_tempo_tags.py	CODE	docs/axis-validity-countersign-2026-08-04.md	path	yes
tools/suggest_role_tempo_tags.py	CODE	docs/role-tempo-review.tsv	path	yes
tools/suggest_role_tempo_tags.py	CODE	docs/role-tempo-tagthrough.md	path	yes
tools/suggest_role_tempo_tags.py	CODE	docs/track-a-kickoff-brief.md	path	yes
tools/track_b_curves.py	CODE	docs/axis-validity-session-charter.md	path	yes
tools/track_b_curves.py	CODE	docs/furina-cards.yaml	bare	yes
tools/track_b_curves.py	CODE	docs/klee-cards.yaml	bare	yes
tools/track_b_curves.py	CODE	docs/kokomi-cards.yaml	bare	yes
tools/track_b_curves.py	CODE	docs/s7-probe-c.md	path	yes
tools/track_b_curves.py	CODE	docs/track-b-curves.md	path	yes
understudy/README.md	CODE	docs/animation-sprint-2-log.md	path	yes
understudy/README.md	CODE	docs/probe-a-block-offset.md	path	yes
understudy/README.md	CODE	docs/probe-b-fanfare-residual.md	path	yes
understudy/README.md	CODE	docs/s7-divergences.tsv	path	yes
understudy/README.md	CODE	docs/sprint-track-b-curves-log-2026-08-04.md	path	yes
understudy/README.md	CODE	docs/sprint-understudy-p15-log-2026-08-05.md	path	yes
understudy/README.md	CODE	docs/understudy-countersign-2026-08-04.md	path	yes
understudy/README.md	CODE	docs/understudy-kickoff-brief.md	path	yes
understudy/README.md	CODE	docs/understudy-p0-findings.md	path	yes
understudy/README.md	CODE	docs/understudy-phase0-report.md	path	yes
understudy/committed.py	CODE	docs/furina-cards.yaml	bare	yes
understudy/committed.py	CODE	docs/klee-cards.yaml	bare	yes
understudy/committed.py	CODE	docs/kokomi-cards.yaml	bare	yes
understudy/probe_block.py	CODE	docs/probe-a-block-offset.md	path	yes
understudy/probe_corpse.py	CODE	docs/klee-cards.yaml	path	yes
understudy/probe_corpse.py	CODE	docs/probe-e-corpse-detonation-registration-draft.md	path	yes
understudy/replay.py	CODE	docs/probe-b-fanfare-residual.md	path	yes
understudy/replay.py	CODE	docs/probe-b-ledger.tsv	path	NO
understudy/replay.py	CODE	docs/s7-divergences.tsv	path	yes
understudy/soak.py	CODE	docs/understudy-phase0-report.md	path	yes
understudy/trace_replay.py	CODE	docs/sprint-understudy-p15-log-2026-08-05.md	path	yes
